loan_id,customer_id,loan_type,principal_amount,interest_rate_pct,term_months,origination_date,monthly_payment,credit_score_at_origination,dti_ratio,status,days_past_due
LN700000,CUST105412,Debt Consolidation,31494.81,14.5,36,2025-11-20,1084.08,600,0.51,Current,0
LN700001,CUST108437,Auto,34549.65,9.45,48,2024-06-27,867.17,667,0.32,Current,0
LN700002,CUST106942,BNPL,1142.07,5.82,24,2024-05-03,50.52,844,0.22,Current,0
LN700003,CUST110050,BNPL,383.36,7.11,12,2024-05-29,33.19,731,0.39,Current,0
LN700004,CUST110444,Personal,3308.72,13.43,48,2022-05-18,89.47,676,0.54,Paid Off,0
LN700005,CUST107764,BNPL,1317.02,13.65,12,2023-06-02,118.03,576,0.62,Default,102
LN700006,CUST106600,Debt Consolidation,28022.3,11.18,48,2022-12-26,726.7,610,0.48,Current,0
LN700007,CUST105275,Personal,18620.21,17.95,60,2023-08-05,472.32,456,0.69,Current,0
LN700008,CUST101780,BNPL,868.44,11.27,24,2025-12-22,40.59,703,0.59,Late,16
LN700009,CUST104332,Personal,12531.99,14.02,12,2024-08-11,1125.33,557,0.58,Current,0
LN700010,CUST103438,Auto,32617.55,9.38,36,2025-07-28,1043.01,728,0.44,Current,0
LN700011,CUST103127,Debt Consolidation,27765.31,9.97,36,2024-06-14,895.52,670,0.29,Current,0
LN700012,CUST106079,Personal,14752.08,16.07,24,2023-01-30,722.8,534,0.43,Current,0
LN700013,CUST107817,Personal,14519.18,8.2,12,2024-09-23,1264.34,712,0.49,Current,0
LN700014,CUST102582,Personal,30627.65,12.36,60,2022-06-08,686.88,738,0.26,Current,0
LN700015,CUST103408,Debt Consolidation,33297.18,14.34,12,2023-06-27,2994.99,664,0.51,Paid Off,0
LN700016,CUST110924,BNPL,1447.13,10.31,12,2024-09-15,127.43,676,0.41,Paid Off,0
LN700017,CUST104563,Personal,7646.16,11.22,60,2025-12-02,167.09,677,0.41,Current,0
LN700018,CUST109058,Auto,33488.72,13.14,12,2025-02-08,2993.32,647,0.33,Paid Off,0
LN700019,CUST106230,Personal,12693.37,12.72,36,2021-09-25,425.98,661,0.39,Paid Off,0
LN700020,CUST108894,Personal,11758.66,14.62,48,2022-04-10,324.99,607,0.38,Paid Off,0
LN700021,CUST107479,Auto,6097.7,11.7,6,2025-04-18,1051.24,709,0.47,Paid Off,0
LN700022,CUST109266,BNPL,623.86,8.19,24,2024-03-17,28.27,716,0.44,Paid Off,0
LN700023,CUST102354,Debt Consolidation,4336.62,12.46,24,2021-11-22,205.07,631,0.38,Paid Off,0
LN700024,CUST102128,Personal,22267.6,12.55,12,2025-04-27,1984.18,677,0.29,Paid Off,0
LN700025,CUST103986,Personal,7211.2,10.97,36,2022-02-04,235.98,610,0.49,Late,70
LN700026,CUST102287,Personal,7508.43,16.19,36,2023-06-10,264.68,617,0.49,Default,259
LN700027,CUST100936,BNPL,1460.6,12.59,12,2022-03-22,130.18,616,0.53,Current,0
LN700028,CUST107251,BNPL,722.62,13.27,12,2022-06-07,64.63,619,0.39,Paid Off,0
LN700029,CUST107583,Personal,26941.5,12.84,48,2024-01-12,720.64,557,0.49,Current,0
LN700030,CUST104491,Auto,1958.24,13.49,6,2023-02-09,339.33,608,0.51,Current,0
LN700031,CUST109007,BNPL,1265.94,11.59,60,2024-02-20,27.9,685,0.49,Current,0
LN700032,CUST102071,Personal,28563.59,13.38,24,2023-12-14,1363.07,697,0.35,Current,0
LN700033,CUST100500,Auto,26538.41,13.2,36,2023-08-17,896.74,667,0.35,Current,0
LN700034,CUST109893,Personal,9780.37,14.67,48,2022-01-09,270.56,605,0.55,Paid Off,0
LN700035,CUST107143,BNPL,252.46,15.56,24,2021-04-03,12.31,586,0.42,Current,0
LN700036,CUST110191,Debt Consolidation,31249.54,6.92,48,2024-06-24,747.15,771,0.35,Current,0
LN700037,CUST106504,Auto,27672.33,14.86,36,2024-05-22,957.37,641,0.39,Current,0
LN700038,CUST103555,Personal,24562.31,15.99,60,2022-09-21,597.18,588,0.55,Current,0
LN700039,CUST104728,Personal,31829.18,10.19,36,2022-04-23,1029.88,655,0.26,Current,0
LN700040,CUST100269,BNPL,1406.38,13.31,12,2022-02-13,125.82,665,0.6,Current,0
LN700041,CUST102736,Personal,17275.75,12.4,6,2023-10-13,2984.32,711,0.37,Paid Off,0
LN700042,CUST102375,Personal,2463.38,9.76,36,2025-01-08,79.21,722,0.23,Current,0
LN700043,CUST101399,Auto,5734.7,10.08,24,2022-10-26,264.84,776,0.27,Current,0
LN700044,CUST100340,Personal,25315.04,11,12,2026-03-25,2237.39,600,0.48,Current,0
LN700045,CUST108784,Debt Consolidation,33188,11.23,48,2021-11-18,861.47,662,0.48,Paid Off,0
LN700046,CUST101478,Personal,25495.56,17.59,12,2025-09-05,2332.46,603,0.37,Current,0
LN700047,CUST104609,Personal,15223.14,19.68,48,2022-12-01,460.65,457,0.51,Default,131
LN700048,CUST107469,Personal,16051.63,11.31,24,2024-03-27,750.44,648,0.5,Paid Off,0
LN700049,CUST107352,BNPL,719.13,16.67,24,2024-10-30,35.44,617,0.29,Current,0
LN700050,CUST108231,Auto,2458.82,13.07,24,2025-03-28,116.98,615,0.37,Current,0
LN700051,CUST107612,Auto,21498.04,9.98,24,2024-12-14,991.83,759,0.26,Late,24
LN700052,CUST104128,Auto,25366.75,13.54,48,2025-09-06,687.34,585,0.57,Current,0
LN700053,CUST100177,BNPL,860.38,14.5,12,2024-05-26,77.45,635,0.53,Current,0
LN700054,CUST105968,Personal,34612.94,9.97,36,2023-09-24,1116.37,719,0.57,Current,0
LN700055,CUST104279,BNPL,640.43,7.45,36,2022-05-27,19.91,772,0.29,Paid Off,0
LN700056,CUST102028,Personal,5465.44,12.49,24,2025-12-23,258.53,630,0.41,Current,0
LN700057,CUST110653,Auto,17054.35,15.83,6,2021-07-30,2975.06,631,0.44,Paid Off,0
LN700058,CUST106637,BNPL,212.64,14.75,12,2023-05-16,19.17,553,0.46,Paid Off,0
LN700059,CUST109708,Personal,17106.97,14.85,24,2021-11-26,828.24,654,0.47,Paid Off,0
LN700060,CUST106575,Personal,16526.28,16.63,48,2023-10-04,473.71,567,0.44,Current,0
LN700061,CUST104941,Auto,6433.82,10.92,48,2021-12-05,166.04,634,0.59,Late,58
LN700062,CUST107744,Personal,20981.72,10.12,60,2025-03-26,447.04,750,0.47,Late,74
LN700063,CUST103005,Debt Consolidation,13865.98,14.57,12,2023-05-27,1248.71,592,0.6,Default,169
LN700064,CUST100205,Personal,33638.89,15.49,36,2022-03-17,1174.19,565,0.31,Current,0
LN700065,CUST108208,Personal,31211.86,15.12,12,2023-11-05,2818.9,507,0.27,Paid Off,0
LN700066,CUST109181,BNPL,1282.98,16.8,60,2021-05-08,31.75,561,0.49,Default,192
LN700067,CUST103317,Auto,24786.56,16.38,36,2021-06-13,876.08,535,0.53,Current,0
LN700068,CUST104835,Personal,13780.42,13.06,6,2022-02-15,2385.01,571,0.55,Current,0
LN700069,CUST109507,Debt Consolidation,19170.01,11.54,24,2023-10-21,898.29,710,0.24,Current,0
LN700070,CUST103209,Personal,20468.28,21.94,24,2022-06-06,1061.25,507,0.43,Current,0
LN700071,CUST109451,Personal,26885.93,10.85,36,2023-01-09,878.3,669,0.37,Paid Off,0
LN700072,CUST109419,Personal,5210.4,14.79,36,2025-09-13,180.08,640,0.51,Current,0
LN700073,CUST105575,Personal,27962.69,7.34,24,2021-08-01,1256.28,778,0.15,Paid Off,0
LN700074,CUST101334,Personal,18369.88,14.67,24,2021-04-08,887.82,527,0.63,Default,149
LN700075,CUST102010,Personal,30578.59,12.6,36,2021-11-15,1024.43,614,0.49,Late,29
LN700076,CUST110766,BNPL,1282.01,11.51,12,2025-12-24,113.61,648,0.45,Default,125
LN700077,CUST110662,Personal,5734.89,10.56,6,2026-05-29,985.47,655,0.47,Current,0
LN700078,CUST108494,Personal,6863.03,13.49,24,2024-12-03,327.86,593,0.54,Current,0
LN700079,CUST110534,Personal,17495.09,16.76,36,2025-06-02,621.66,692,0.58,Current,0
LN700080,CUST100359,Personal,24615.96,11.8,36,2021-01-24,815.25,659,0.55,Default,214
LN700081,CUST102817,Debt Consolidation,5083.48,14.28,36,2024-06-06,174.43,586,0.62,Current,0
LN700082,CUST104158,Personal,16163.62,16.62,6,2024-02-16,2826.02,612,0.49,Default,262
LN700083,CUST107379,BNPL,1043.87,15.67,24,2024-06-20,50.95,576,0.51,Current,0
LN700084,CUST102476,Personal,12287.39,14.33,36,2025-03-15,421.93,554,0.36,Current,0
LN700085,CUST105871,Debt Consolidation,22646.78,13.91,48,2021-11-27,617.83,586,0.61,Paid Off,0
LN700086,CUST110134,Auto,12591.11,5.01,48,2024-04-19,290.02,744,0.32,Current,0
LN700087,CUST109037,Debt Consolidation,11433.8,14.04,36,2022-11-30,391,587,0.51,Current,0
LN700088,CUST103751,Debt Consolidation,30946.93,10.59,6,2023-09-08,5318.3,656,0.37,Paid Off,0
LN700089,CUST108791,Auto,23630.82,11.22,36,2024-07-30,776.11,701,0.49,Current,0
LN700090,CUST109179,Personal,2579.83,17.4,24,2021-04-21,128.05,588,0.61,Paid Off,0
LN700091,CUST107389,BNPL,978.54,14.39,36,2021-02-05,33.63,633,0.3,Paid Off,0
LN700092,CUST101352,Personal,31855.96,8.75,36,2026-05-08,1009.31,727,0.36,Current,0
LN700093,CUST105820,BNPL,1437.22,9.07,12,2024-08-31,125.73,700,0.56,Paid Off,0
LN700094,CUST109086,Auto,17604.08,17.72,12,2022-01-25,1611.6,593,0.57,Paid Off,0
LN700095,CUST104680,Auto,34960.4,10.23,36,2025-06-28,1131.85,698,0.34,Current,0
LN700096,CUST109747,Personal,21465.26,10.64,48,2021-07-22,551.04,679,0.24,Paid Off,0
LN700097,CUST101413,BNPL,714.93,15.03,36,2024-03-02,24.79,634,0.67,Current,0
LN700098,CUST104502,Personal,12405.77,15.21,12,2024-12-24,1120.95,597,0.34,Paid Off,0
LN700099,CUST110150,Personal,23492.43,12.59,36,2023-03-17,786.92,663,0.24,Late,39
LN700100,CUST103223,Debt Consolidation,12660.99,11.22,48,2023-03-20,328.58,714,0.33,Current,0
LN700101,CUST103147,Auto,7492.87,13.79,36,2021-06-05,255.32,728,0.24,Paid Off,0
LN700102,CUST102062,Personal,4720.64,10.84,12,2025-09-25,416.87,592,0.19,Current,0
LN700103,CUST110497,Auto,5925.65,11.8,36,2024-01-14,196.25,715,0.21,Current,0
LN700104,CUST106131,Personal,8912.8,12.71,24,2022-03-10,422.52,558,0.46,Default,101
LN700105,CUST107263,Personal,23351.99,11.33,12,2022-10-16,2067.48,661,0.44,Late,73
LN700106,CUST104022,BNPL,1149.03,8.74,12,2023-02-15,100.35,668,0.36,Current,0
LN700107,CUST110946,Personal,5809.09,13.99,24,2023-07-30,278.88,632,0.59,Current,0
LN700108,CUST104418,BNPL,416.17,13.62,6,2026-04-07,72.14,593,0.3,Current,0
LN700109,CUST107835,Debt Consolidation,9732.29,18.68,24,2024-08-01,489.08,546,0.5,Default,97
LN700110,CUST109114,Debt Consolidation,30160.59,15.95,36,2021-07-17,1059.61,627,0.36,Paid Off,0
LN700111,CUST107742,BNPL,1267.53,8.34,60,2023-10-28,25.91,721,0.58,Current,0
LN700112,CUST100041,Personal,2745.13,14.24,60,2022-10-15,64.22,527,0.37,Default,120
LN700113,CUST106290,Auto,10828.1,13.16,12,2023-08-22,967.95,556,0.54,Paid Off,0
LN700114,CUST103927,Debt Consolidation,33829.82,13.45,60,2022-05-17,777.55,589,0.37,Current,0
LN700115,CUST107989,BNPL,434.78,10.52,36,2022-08-29,14.14,649,0.3,Current,0
LN700116,CUST105375,Personal,5925.41,12.17,36,2023-08-25,197.29,677,0.35,Current,0
LN700117,CUST110809,BNPL,631.54,11.16,36,2022-03-18,20.72,729,0.23,Paid Off,0
LN700118,CUST102643,BNPL,596,8.58,36,2024-07-27,18.84,701,0.55,Current,0
LN700119,CUST109099,Debt Consolidation,4802.69,11.2,36,2021-12-25,157.69,610,0.39,Current,0
LN700120,CUST106792,Personal,4322.26,15.4,48,2026-05-06,121.17,620,0.44,Current,0
LN700121,CUST108519,Auto,28323.5,9.32,24,2025-11-25,1298.11,757,0.47,Current,0
LN700122,CUST103727,Personal,7739.11,10.02,60,2024-12-10,164.51,632,0.46,Current,0
LN700123,CUST109003,Personal,16864.22,18.39,24,2026-03-05,845.11,481,0.54,Default,101
LN700124,CUST100906,Personal,23218.06,13.12,48,2024-05-18,624.27,636,0.66,Current,0
LN700125,CUST105379,BNPL,464.59,9.73,36,2022-04-07,14.93,764,0.16,Paid Off,0
LN700126,CUST108507,BNPL,132.82,19.95,12,2026-06-22,12.3,587,0.4,Current,0
LN700127,CUST106908,Debt Consolidation,30576.56,6.84,12,2025-03-14,2643.44,751,0.21,Current,0
LN700128,CUST104350,Personal,29028.06,15.77,12,2023-04-26,2630.58,533,0.5,Default,101
LN700129,CUST108923,Personal,30789.11,17.48,24,2025-01-25,1529.39,561,0.78,Current,0
LN700130,CUST108854,BNPL,788.99,9.54,24,2025-12-13,36.24,636,0.61,Current,0
LN700131,CUST104580,Auto,17057.47,11.62,12,2025-04-01,1512.5,615,0.52,Current,0
LN700132,CUST104820,Auto,27487.09,10.51,36,2021-08-23,893.53,756,0.19,Current,0
LN700133,CUST105137,Personal,13297.33,10.42,36,2021-10-15,431.69,597,0.51,Late,53
LN700134,CUST104930,BNPL,424.56,11.36,24,2022-12-24,19.86,711,0.38,Paid Off,0
LN700135,CUST107191,Auto,21397.28,13.95,12,2023-10-22,1920.7,568,0.34,Current,0
LN700136,CUST108453,Personal,21790.21,12.92,12,2025-09-05,1945.42,629,0.28,Current,0
LN700137,CUST101221,Debt Consolidation,25496.81,12.13,48,2025-06-16,673.06,679,0.41,Current,0
LN700138,CUST110614,Auto,21725.13,11.71,36,2025-03-13,718.58,603,0.37,Current,0
LN700139,CUST107263,BNPL,570.02,11.04,48,2026-02-12,14.74,661,0.47,Current,0
LN700140,CUST106679,Auto,2675.84,7.86,60,2023-09-02,54.08,776,0.21,Current,0
LN700141,CUST105460,Auto,24597.48,16.58,12,2022-05-28,2238.51,564,0.68,Default,132
LN700142,CUST105906,Auto,7521.66,15.75,6,2024-05-28,1311.82,679,0.48,Current,0
LN700143,CUST106827,Personal,24937.9,12.69,48,2023-10-03,665.19,709,0.42,Late,78
LN700144,CUST104819,Personal,34366.97,15.55,24,2025-09-20,1675.33,530,0.47,Current,0
LN700145,CUST110328,BNPL,900.75,12.23,48,2024-03-23,23.82,706,0.46,Current,0
LN700146,CUST105529,Personal,29321.56,17.87,48,2022-01-31,859.33,566,0.23,Paid Off,0
LN700147,CUST101582,BNPL,726.89,15.87,6,2022-09-17,126.82,553,0.62,Default,124
LN700148,CUST108692,Auto,13268.23,7.36,36,2025-01-01,411.87,692,0.26,Current,0
LN700149,CUST101912,Personal,16630.94,11.01,36,2021-02-15,544.55,757,0.28,Current,0
LN700150,CUST110739,Personal,5959.39,12.4,36,2024-02-24,199.08,627,0.44,Current,0
LN700151,CUST106116,Auto,8905.66,8.45,60,2024-07-21,182.5,690,0.6,Current,0
LN700152,CUST104363,Debt Consolidation,17645.06,15.07,60,2022-07-20,420.42,637,0.54,Current,0
LN700153,CUST102856,Personal,11010.85,15.35,36,2021-10-13,383.58,636,0.51,Default,222
LN700154,CUST101569,Personal,12547.04,15.94,6,2024-07-29,2189.46,617,0.42,Late,24
LN700155,CUST102012,Personal,10558.09,13.54,6,2023-05-15,1829.82,599,0.53,Current,0
LN700156,CUST100218,BNPL,816.34,16.97,24,2021-07-27,40.35,568,0.57,Paid Off,0
LN700157,CUST107046,Personal,33653.01,17.78,12,2021-01-06,3081.79,539,0.57,Default,166
LN700158,CUST105457,Auto,8918.9,16.92,24,2022-09-10,440.63,534,0.58,Current,0
LN700159,CUST107198,Debt Consolidation,15865.14,16.66,6,2025-03-08,2774.15,565,0.41,Paid Off,0
LN700160,CUST106060,Personal,1604.15,11.83,60,2025-01-23,35.55,671,0.6,Current,0
LN700161,CUST104217,Personal,8268.3,9.75,24,2025-07-28,380.59,631,0.57,Current,0
LN700162,CUST106908,Auto,2552.7,7.69,36,2026-06-20,79.63,751,0.35,Current,0
LN700163,CUST102679,Personal,14878.72,8.24,60,2025-03-01,303.4,732,0.54,Current,0
LN700164,CUST106602,Auto,20710.77,13.29,24,2024-02-13,987.45,591,0.43,Paid Off,0
LN700165,CUST104157,Personal,10375.47,12.6,24,2021-03-25,491.32,650,0.59,Paid Off,0
LN700166,CUST106484,BNPL,449.9,13.85,12,2025-04-14,40.36,630,0.48,Current,0
LN700167,CUST105920,Personal,20590.74,16.58,48,2023-02-20,589.68,629,0.31,Current,0
LN700168,CUST103330,Personal,21484.59,18.56,60,2025-01-29,552.13,563,0.44,Current,0
LN700169,CUST101089,BNPL,365.67,10.27,60,2026-06-29,7.82,678,0.42,Current,0
LN700170,CUST107343,BNPL,1417,15.26,6,2025-01-27,246.79,604,0.59,Current,0
LN700171,CUST101222,Auto,5375.34,12.72,48,2023-03-21,143.46,577,0.52,Default,233
LN700172,CUST103802,BNPL,1388.4,15.45,12,2021-02-11,125.61,693,0.19,Paid Off,0
LN700173,CUST106865,BNPL,967.82,14.01,36,2021-01-30,33.08,652,0.26,Paid Off,0
LN700174,CUST103273,Personal,2874.55,11.95,12,2021-05-31,255.33,698,0.16,Paid Off,0
LN700175,CUST104998,Auto,12408.19,12.62,24,2021-03-31,587.7,587,0.37,Default,235
LN700176,CUST109111,Auto,20939.12,9.37,24,2026-03-22,960.16,627,0.53,Current,0
LN700177,CUST109903,BNPL,1439.46,13.18,36,2026-02-13,48.63,625,0.3,Late,49
LN700178,CUST109356,Debt Consolidation,7774.1,11.84,36,2022-05-20,257.62,648,0.54,Late,64
LN700179,CUST101414,BNPL,1379.31,11.34,36,2024-10-16,45.38,679,0.49,Current,0
LN700180,CUST105008,Auto,26614.74,11.44,60,2021-07-21,584.53,678,0.38,Late,17
LN700181,CUST101664,Personal,2972.18,11.25,6,2022-07-09,511.74,677,0.54,Paid Off,0
LN700182,CUST110605,Auto,8497.56,10.67,24,2026-05-06,394.75,643,0.55,Current,0
LN700183,CUST102073,Auto,6499.18,14.67,36,2022-06-07,224.25,609,0.26,Paid Off,0
LN700184,CUST105327,BNPL,123.05,16.29,24,2021-11-11,6.04,558,0.39,Default,262
LN700185,CUST101932,Personal,3900.82,19.88,36,2022-10-15,144.73,504,0.52,Default,203
LN700186,CUST101808,Auto,20070.02,10.12,12,2024-10-14,1765.59,728,0.39,Paid Off,0
LN700187,CUST108917,Personal,26517.79,9.89,36,2026-02-27,854.29,749,0.22,Current,0
LN700188,CUST105319,Auto,4496.42,10.49,48,2023-04-28,115.1,675,0.21,Current,0
LN700189,CUST109602,Debt Consolidation,10494.19,11.5,48,2025-08-27,273.78,688,0.3,Current,0
LN700190,CUST108625,Personal,10876.4,13.59,36,2025-11-25,369.57,656,0.36,Current,0
LN700191,CUST107934,Auto,34583.5,21.52,36,2021-09-24,1312.19,483,0.56,Current,0
LN700192,CUST109191,BNPL,833.35,10.4,36,2025-01-25,27.05,748,0.44,Current,0
LN700193,CUST103066,Debt Consolidation,33211.51,13.12,12,2025-11-08,2968.23,668,0.48,Current,0
LN700194,CUST104090,BNPL,516.42,14.25,36,2023-12-24,17.71,636,0.26,Late,60
LN700195,CUST106768,Debt Consolidation,8450.57,16.73,12,2021-02-10,769.65,587,0.29,Paid Off,0
LN700196,CUST105989,Personal,29957.1,4.31,60,2025-03-04,555.91,762,0.26,Late,82
LN700197,CUST107386,BNPL,400.35,13.61,6,2024-07-25,69.4,617,0.38,Late,17
LN700198,CUST102082,BNPL,1438.79,13.19,24,2022-07-05,68.53,600,0.53,Paid Off,0
LN700199,CUST106125,BNPL,1150.34,16.6,24,2021-02-18,56.65,587,0.5,Default,119
LN700200,CUST104702,Auto,5011.13,16.74,48,2022-05-25,143.92,590,0.31,Paid Off,0
LN700201,CUST100558,Debt Consolidation,29158.47,17.56,48,2021-02-16,849.84,649,0.32,Current,0
LN700202,CUST110831,Debt Consolidation,9087.44,9.96,6,2022-01-04,1558.87,744,0.29,Paid Off,0
LN700203,CUST106571,BNPL,766.8,17.13,60,2021-01-22,19.11,545,0.62,Default,107
LN700204,CUST107706,Personal,14423.47,19.84,12,2021-03-14,1335.01,468,0.65,Default,122
LN700205,CUST104082,Debt Consolidation,26231.84,18.25,12,2026-06-26,2408.06,552,0.58,Default,97
LN700206,CUST106305,BNPL,1425.89,11.46,24,2025-02-28,66.76,659,0.4,Current,0
LN700207,CUST103078,Auto,11750.16,10.21,12,2025-09-15,1034.17,642,0.38,Current,0
LN700208,CUST107686,Personal,21218.42,13.47,60,2024-10-17,487.9,597,0.59,Current,0
LN700209,CUST105894,Debt Consolidation,30715.51,17.14,48,2024-02-29,888.52,552,0.49,Default,119
LN700210,CUST110574,Personal,13175.45,13.42,60,2026-01-13,302.62,620,0.5,Current,0
LN700211,CUST103407,Debt Consolidation,18435.19,11.72,24,2022-05-24,865.4,680,0.34,Current,0
LN700212,CUST103048,Personal,30924.53,17.31,48,2023-03-11,897.3,538,0.44,Current,0
LN700213,CUST110427,BNPL,1453.18,16.14,12,2022-04-21,131.94,623,0.54,Current,0
LN700214,CUST106941,Personal,22477.85,12.39,12,2022-11-25,2001.23,651,0.4,Current,0
LN700215,CUST107565,Auto,8878.18,13.27,60,2023-03-02,203.24,637,0.23,Current,0
LN700216,CUST101756,BNPL,1316.04,14.01,12,2025-07-06,118.17,622,0.61,Current,0
LN700217,CUST100966,Personal,13985.09,12.46,36,2021-04-07,467.58,685,0.26,Paid Off,0
LN700218,CUST105674,Personal,6434.52,12.84,24,2023-04-30,305.43,678,0.5,Paid Off,0
LN700219,CUST109463,Auto,21512.66,14.53,12,2023-05-02,1936.93,521,0.59,Current,0
LN700220,CUST109362,BNPL,253.92,16.89,48,2021-08-05,7.31,580,0.26,Paid Off,0
LN700221,CUST107637,Personal,27445.43,18.44,12,2024-03-21,2521.95,540,0.42,Default,169
LN700222,CUST107085,Personal,30968.87,13.4,12,2024-09-01,2771.87,576,0.47,Current,0
LN700223,CUST109483,Auto,4650.53,9.15,24,2022-12-04,212.78,751,0.5,Paid Off,0
LN700224,CUST105519,Debt Consolidation,23094.03,10.71,36,2025-11-10,752.9,649,0.43,Default,205
LN700225,CUST110928,Debt Consolidation,25956.24,14.05,24,2025-05-29,1246.85,668,0.41,Current,0
LN700226,CUST104353,Personal,27944.86,6.92,24,2022-08-17,1250.15,764,0.09,Current,0
LN700227,CUST108707,Debt Consolidation,11613.33,9.83,12,2026-06-17,1020.08,764,0.32,Current,0
LN700228,CUST103760,Auto,1589.33,15.07,60,2023-12-14,37.87,639,0.52,Current,0
LN700229,CUST107228,Debt Consolidation,17857.58,10.64,12,2022-07-03,1575.29,723,0.42,Current,0
LN700230,CUST108324,Personal,23970.35,18.93,60,2025-04-01,620.88,518,0.63,Current,0
LN700231,CUST104283,BNPL,882.33,14.35,48,2022-02-25,24.27,646,0.36,Paid Off,0
LN700232,CUST106889,Auto,16995.1,11.59,24,2025-05-18,796.77,645,0.5,Late,54
LN700233,CUST104385,Personal,28097.5,13.55,24,2021-12-07,1343.08,663,0.38,Current,0
LN700234,CUST109000,BNPL,1236.16,15.46,12,2025-04-23,111.84,630,0.31,Current,0
LN700235,CUST108535,Personal,21512.11,12.36,60,2022-01-29,482.45,525,0.39,Default,147
LN700236,CUST108249,Personal,1782.73,13.83,36,2023-09-16,60.78,667,0.38,Late,39
LN700237,CUST108933,Personal,8593.6,11.88,6,2025-11-18,1482.3,674,0.27,Current,0
LN700238,CUST104470,Personal,6837.3,11,12,2021-07-01,604.29,658,0.44,Current,0
LN700239,CUST107213,Auto,5595.8,14.1,12,2025-07-27,502.69,621,0.38,Current,0
LN700240,CUST106930,Personal,15230.72,15.7,48,2023-08-27,429.31,644,0.22,Current,0
LN700241,CUST105703,Personal,21545.58,17.63,36,2024-05-10,774.93,580,0.32,Current,0
LN700242,CUST102587,Personal,26523.77,14.52,12,2023-10-09,2387.99,625,0.47,Paid Off,0
LN700243,CUST108017,Auto,30833.01,12.09,6,2022-12-22,5321.56,744,0.15,Paid Off,0
LN700244,CUST106981,BNPL,587.47,15.07,12,2024-02-23,53.04,605,0.2,Paid Off,0
LN700245,CUST107370,Personal,15671.44,10.09,12,2026-02-01,1378.42,712,0.31,Current,0
LN700246,CUST108363,Personal,3353.46,13.78,12,2025-10-14,300.75,621,0.48,Current,0
LN700247,CUST107236,BNPL,269.07,10.02,60,2026-05-23,5.72,648,0.6,Current,0
LN700248,CUST109987,Debt Consolidation,30030.52,11.78,24,2025-02-09,1410.56,596,0.33,Default,131
LN700249,CUST104830,Personal,10919.95,9.67,48,2021-05-30,275.23,722,0.2,Paid Off,0
LN700250,CUST108890,Personal,17943.04,13.1,36,2021-11-20,605.44,539,0.53,Current,0
LN700251,CUST105927,Debt Consolidation,2306.47,14.1,6,2021-05-18,400.37,587,0.36,Paid Off,0
LN700252,CUST100127,Personal,12373.35,10.11,36,2025-08-07,399.89,687,0.52,Current,0
LN700253,CUST101768,BNPL,518.54,6.31,48,2023-12-08,12.25,790,0.16,Current,0
LN700254,CUST104405,Personal,33170.8,14.41,24,2021-10-26,1599.06,594,0.57,Current,0
LN700255,CUST102428,BNPL,764.99,11.47,24,2024-09-19,35.82,654,0.34,Current,0
LN700256,CUST102075,Debt Consolidation,11260.47,12.76,6,2021-11-21,1947.21,591,0.43,Late,30
LN700257,CUST109540,Personal,25975.6,9.34,24,2023-03-13,1190.74,721,0.32,Paid Off,0
LN700258,CUST104030,Personal,10525.8,14.59,36,2021-11-27,362.77,628,0.43,Current,0
LN700259,CUST102446,Personal,31233.8,13.34,36,2022-08-10,1057.51,577,0.61,Current,0
LN700260,CUST106514,Debt Consolidation,11902.21,8.84,24,2022-10-22,542.88,627,0.51,Paid Off,0
LN700261,CUST103939,BNPL,532.76,14.87,48,2024-08-19,14.79,583,0.43,Late,87
LN700262,CUST101477,BNPL,656.93,12.38,24,2026-04-25,31.04,672,0.2,Current,0
LN700263,CUST105657,BNPL,961.46,17.56,48,2026-03-16,28.02,506,0.61,Current,0
LN700264,CUST103932,Personal,28084.9,11.47,12,2025-02-27,2488.35,679,0.21,Paid Off,0
LN700265,CUST106978,Personal,2178.01,11.74,36,2025-07-30,72.07,661,0.39,Current,0
LN700266,CUST108515,Auto,6912.33,18.01,12,2023-04-25,633.76,521,0.65,Paid Off,0
LN700267,CUST102788,Auto,28186.04,12.85,24,2026-05-19,1338.03,772,0.35,Current,0
LN700268,CUST106420,Personal,12687.46,11.33,48,2023-01-26,329.95,636,0.18,Current,0
LN700269,CUST101535,Personal,19559.75,16.09,36,2026-03-02,688.53,571,0.5,Current,0
LN700270,CUST100920,Personal,6110.74,14.36,24,2025-12-15,294.43,573,0.48,Current,0
LN700271,CUST109302,BNPL,1272.16,17.53,48,2021-08-01,37.06,576,0.46,Default,210
LN700272,CUST101795,Debt Consolidation,12091.84,15.89,12,2024-12-06,1096.47,518,0.41,Default,264
LN700273,CUST104357,Personal,20432.34,8.66,12,2022-10-30,1783.62,647,0.42,Paid Off,0
LN700274,CUST107161,Personal,18746.58,9.87,12,2025-09-20,1646.99,651,0.1,Late,55
LN700275,CUST108775,Personal,16513.66,17.5,24,2022-05-21,820.45,573,0.51,Paid Off,0
LN700276,CUST105210,Debt Consolidation,6647.9,18.38,36,2024-03-29,241.61,596,0.45,Current,0
LN700277,CUST107450,BNPL,1373.32,11.4,60,2024-05-12,30.13,625,0.51,Current,0
LN700278,CUST102555,Personal,34012.68,14.62,6,2026-06-14,5912.95,723,0.59,Current,0
LN700279,CUST105324,Auto,14303.52,16.15,12,2024-10-02,1298.79,573,0.49,Late,43
LN700280,CUST101728,Personal,21635.44,12.93,48,2021-09-14,579.67,707,0.55,Late,17
LN700281,CUST104929,Personal,14799.5,15.54,24,2021-12-18,721.38,587,0.61,Paid Off,0
LN700282,CUST102336,Auto,27910.34,15.18,36,2022-11-24,969.98,563,0.33,Current,0
LN700283,CUST104176,BNPL,178.26,11.94,24,2025-01-15,8.39,525,0.37,Default,93
LN700284,CUST107461,BNPL,789.4,9.16,36,2021-05-17,25.16,706,0.35,Current,0
LN700285,CUST109118,Personal,12116.76,18.99,12,2023-08-04,1116.58,553,0.46,Paid Off,0
LN700286,CUST107493,Debt Consolidation,4893.31,14.27,6,2025-02-27,849.83,587,0.53,Default,253
LN700287,CUST105267,Debt Consolidation,28783.8,9.05,36,2023-11-04,915.99,699,0.37,Current,0
LN700288,CUST106599,Personal,2893.35,16.3,60,2023-01-07,70.82,563,0.51,Late,53
LN700289,CUST107527,Auto,1802.74,10.78,6,2025-10-23,309.97,673,0.55,Paid Off,0
LN700290,CUST105073,Debt Consolidation,10842.05,19.62,24,2022-08-18,549.8,551,0.34,Paid Off,0
LN700291,CUST109993,BNPL,540.76,5.04,24,2022-05-24,23.73,817,0.41,Late,59
LN700292,CUST110979,Personal,11203.56,15.02,24,2022-09-21,543.33,667,0.29,Paid Off,0
LN700293,CUST109587,Personal,33947.66,12.92,24,2021-04-17,1612.66,641,0.63,Paid Off,0
LN700294,CUST105165,Personal,17229.06,12.05,48,2022-01-19,454.13,656,0.54,Paid Off,0
LN700295,CUST108168,Debt Consolidation,7303.68,10.28,12,2026-05-02,643.06,714,0.22,Current,0
LN700296,CUST105895,Personal,11849.56,9.58,60,2021-08-17,249.33,654,0.56,Current,0
LN700297,CUST100853,Personal,31852.72,11.55,36,2023-12-24,1051.13,686,0.48,Late,31
LN700298,CUST108841,Personal,24557.89,10.51,24,2023-11-10,1139.01,664,0.43,Current,0
LN700299,CUST106329,Personal,2373.4,14.41,12,2022-02-10,213.56,626,0.54,Paid Off,0
LN700300,CUST107839,Auto,20441.56,10.73,24,2022-08-18,950.18,727,0.33,Paid Off,0
LN700301,CUST104877,Personal,5814.52,17.53,24,2022-07-06,288.97,592,0.66,Default,220
LN700302,CUST105911,BNPL,246.68,13.73,48,2023-05-09,6.71,596,0.43,Current,0
LN700303,CUST102935,Personal,26446.93,8.82,60,2021-07-11,546.69,759,0.49,Current,0
LN700304,CUST104921,Debt Consolidation,16730.46,12.68,12,2025-01-25,1491.81,660,0.47,Paid Off,0
LN700305,CUST103731,BNPL,1399.71,15.4,36,2021-09-08,48.8,611,0.49,Late,26
LN700306,CUST105988,Personal,27059.34,8.21,6,2023-08-14,4618.5,783,0.38,Paid Off,0
LN700307,CUST107665,BNPL,306.66,6.92,48,2021-02-09,7.33,717,0.44,Current,0
LN700308,CUST107139,Debt Consolidation,14970,12.18,48,2021-09-04,395.54,704,0.38,Paid Off,0
LN700309,CUST106906,BNPL,568.45,14.31,24,2025-08-02,27.38,562,0.39,Default,264
LN700310,CUST108035,Personal,19403.79,14.6,6,2023-05-25,3373.07,597,0.4,Late,15
LN700311,CUST105775,Auto,8465.02,14.71,6,2023-08-10,1471.98,520,0.43,Default,254
LN700312,CUST105747,Personal,7984.93,16.55,24,2023-04-16,393.07,503,0.73,Default,140
LN700313,CUST102432,Auto,21244.38,10.74,36,2023-01-15,692.9,684,0.27,Current,0
LN700314,CUST105229,BNPL,1152.83,7.82,12,2025-01-04,100.19,702,0.22,Late,27
LN700315,CUST101824,Personal,19137.2,16.26,48,2023-07-09,544.91,641,0.45,Current,0
LN700316,CUST104900,Personal,27097.13,9.29,24,2022-05-04,1241.53,665,0.2,Late,24
LN700317,CUST106209,Personal,7739.48,12.51,12,2021-02-11,689.49,731,0.52,Late,72
LN700318,CUST106406,Auto,7329.72,13.77,24,2021-05-08,351.13,664,0.19,Paid Off,0
LN700319,CUST107008,Auto,20846.59,10.99,36,2021-01-14,682.39,649,0.48,Current,0
LN700320,CUST108259,BNPL,1383.69,12.57,6,2023-09-01,239.14,650,0.45,Current,0
LN700321,CUST105792,Personal,32249,11.56,48,2025-08-22,842.29,637,0.44,Current,0
LN700322,CUST100529,BNPL,486.6,9.17,48,2021-05-26,12.15,692,0.41,Paid Off,0
LN700323,CUST107157,Personal,3081.34,12.25,24,2022-03-28,145.41,585,0.47,Current,0
LN700324,CUST109010,Auto,22840.12,12.26,24,2025-05-19,1077.94,607,0.32,Current,0
LN700325,CUST105955,Auto,16638.4,13.6,12,2022-12-26,1490.78,644,0.58,Default,114
LN700326,CUST100173,Auto,20233.8,10.48,36,2024-03-30,657.46,672,0.67,Current,0
LN700327,CUST103597,Debt Consolidation,7951.91,16.02,60,2023-04-09,193.46,543,0.67,Current,0
LN700328,CUST106283,Auto,21883.22,14,48,2024-10-29,597.99,666,0.43,Current,0
LN700329,CUST109421,Debt Consolidation,17680.58,13.76,12,2026-02-08,1585.49,593,0.43,Current,0
LN700330,CUST105858,Personal,3095.25,17.13,12,2023-07-18,282.49,628,0.57,Current,0
LN700331,CUST100490,BNPL,394.49,9.77,48,2024-10-08,9.96,732,0.31,Late,36
LN700332,CUST101259,Personal,20418.63,9.58,24,2025-06-04,938.26,672,0.14,Late,29
LN700333,CUST101786,BNPL,402.03,15.24,24,2021-11-12,19.54,629,0.31,Paid Off,0
LN700334,CUST107812,Debt Consolidation,33295.48,18.23,60,2025-08-07,849.66,523,0.62,Current,0
LN700335,CUST101023,Personal,14570.74,12.46,24,2025-12-23,689.03,779,0.24,Current,0
LN700336,CUST106319,BNPL,547.53,11.54,48,2023-05-02,14.3,691,0.39,Current,0
LN700337,CUST101821,Auto,7044.43,16.05,48,2023-12-22,199.82,529,0.48,Default,244
LN700338,CUST106974,Personal,11528.68,16.6,48,2024-08-22,330.28,480,0.66,Current,0
LN700339,CUST100686,BNPL,1472.69,13.31,6,2024-01-12,255.06,573,0.46,Paid Off,0
LN700340,CUST101058,Personal,13068.22,12.6,60,2026-03-07,294.67,658,0.42,Current,0
LN700341,CUST105407,Debt Consolidation,26933.77,9.8,36,2025-07-08,866.55,641,0.39,Current,0
LN700342,CUST109041,BNPL,1151.32,13.24,36,2025-10-01,38.93,637,0.44,Current,0
LN700343,CUST100252,Auto,15760.09,12.95,6,2025-05-30,2726.78,623,0.47,Late,83
LN700344,CUST100191,Debt Consolidation,8122.55,10.53,60,2024-08-24,174.71,654,0.59,Current,0
LN700345,CUST110872,Debt Consolidation,13770.57,12.31,24,2023-05-02,650.22,671,0.44,Paid Off,0
LN700346,CUST104440,Debt Consolidation,27905.82,18.44,36,2023-04-30,1015.03,605,0.4,Paid Off,0
LN700347,CUST109800,Debt Consolidation,25630.19,16.37,36,2021-04-13,905.77,601,0.53,Paid Off,0
LN700348,CUST102420,Debt Consolidation,11300.35,16.48,48,2021-03-09,323.04,571,0.51,Paid Off,0
LN700349,CUST104037,Auto,18545.77,10.97,36,2022-07-06,606.9,736,0.22,Current,0
LN700350,CUST106609,Debt Consolidation,18670.67,11.82,48,2023-03-28,490.02,642,0.38,Current,0
LN700351,CUST110758,Auto,29372.76,13.43,12,2024-10-22,2629.42,661,0.09,Paid Off,0
LN700352,CUST101067,BNPL,162.65,9.94,12,2024-05-20,14.29,724,0.38,Paid Off,0
LN700353,CUST106157,BNPL,579.14,12.54,48,2022-02-28,15.4,682,0.42,Current,0
LN700354,CUST103079,Debt Consolidation,11579.79,15.21,12,2023-11-29,1046.32,584,0.38,Paid Off,0
LN700355,CUST108971,Auto,14515.09,5.92,24,2021-11-08,642.79,784,0.17,Current,0
LN700356,CUST103453,BNPL,675.12,11.87,6,2025-05-21,116.45,640,0.28,Current,0
LN700357,CUST100407,Personal,18523.15,14.36,24,2025-11-10,892.5,513,0.58,Default,182
LN700358,CUST104468,Debt Consolidation,21379.77,9.36,24,2026-01-17,980.26,702,0.3,Current,0
LN700359,CUST105115,BNPL,561.54,16.4,36,2026-06-05,19.85,527,0.46,Current,0
LN700360,CUST104752,Personal,33256.08,16.32,24,2024-01-26,1633.41,568,0.39,Current,0
LN700361,CUST105978,Personal,11917.92,10.57,36,2025-04-23,387.76,677,0.46,Current,0
LN700362,CUST108157,Personal,4010.12,8.12,36,2021-01-13,125.88,747,0.39,Paid Off,0
LN700363,CUST110036,Debt Consolidation,25504.99,17.52,60,2026-06-27,641.02,574,0.53,Late,68
LN700364,CUST101016,Personal,26547.59,5.74,12,2021-07-05,2281.68,667,0.42,Paid Off,0
LN700365,CUST105937,Debt Consolidation,12173.02,12.65,6,2022-07-06,2104.35,619,0.52,Paid Off,0
LN700366,CUST105766,Personal,33028.62,13.19,12,2024-08-10,2952.97,615,0.6,Current,0
LN700367,CUST106209,Personal,20430.17,9.91,36,2024-01-06,658.36,731,0.36,Current,0
LN700368,CUST105595,Debt Consolidation,23574.28,16.47,6,2024-01-24,4119.93,525,0.67,Default,175
LN700369,CUST101401,BNPL,466.16,12.48,36,2024-06-23,15.59,716,0.38,Current,0
LN700370,CUST105431,Auto,7586.99,13.5,36,2023-04-26,257.47,560,0.54,Default,154
LN700371,CUST108463,BNPL,980.15,8.82,24,2021-10-22,44.7,776,0.4,Paid Off,0
LN700372,CUST108500,Auto,26973.09,9.94,36,2024-12-24,869.59,695,0.42,Current,0
LN700373,CUST110772,BNPL,784.54,12.39,36,2022-05-02,26.2,655,0.55,Current,0
LN700374,CUST105792,Personal,25923.14,11.69,6,2023-04-29,4469.03,637,0.43,Late,88
LN700375,CUST108766,BNPL,637.1,13.08,60,2021-04-02,14.52,602,0.41,Late,40
LN700376,CUST106807,Personal,27717.34,11.04,12,2024-08-17,2450.22,644,0.39,Paid Off,0
LN700377,CUST109629,Personal,27433.55,9.71,36,2021-11-11,881.47,692,0.46,Late,58
LN700378,CUST106320,Personal,3255.07,11.8,60,2022-05-02,72.08,606,0.62,Current,0
LN700379,CUST102477,Personal,8960.96,10.17,60,2026-05-31,191.14,695,0.5,Current,0
LN700380,CUST101024,Personal,29587.89,11.43,24,2023-06-27,1384.94,619,0.49,Current,0
LN700381,CUST102699,Debt Consolidation,4144.94,13.76,12,2026-03-24,371.69,629,0.4,Late,82
LN700382,CUST102921,BNPL,1365.12,13.82,12,2021-04-26,122.45,603,0.54,Paid Off,0
LN700383,CUST102386,Personal,15093.32,14.8,24,2023-01-22,730.39,600,0.46,Current,0
LN700384,CUST107970,BNPL,1154.88,14.24,36,2024-08-22,39.61,554,0.57,Default,205
LN700385,CUST103938,Auto,24719.28,13.13,24,2021-09-27,1176.71,619,0.47,Paid Off,0
LN700386,CUST108081,Personal,24291.12,11.66,6,2021-06-19,4187.31,616,0.33,Paid Off,0
LN700387,CUST104133,Personal,6827.41,12.7,60,2021-12-11,154.3,712,0.5,Current,0
LN700388,CUST109424,BNPL,904.2,13.44,6,2023-10-11,156.66,640,0.37,Current,0
LN700389,CUST106667,Personal,6899.02,14.85,48,2025-04-13,191.48,717,0.25,Current,0
LN700390,CUST102966,Personal,12952.39,11.67,24,2024-12-22,607.72,680,0.37,Current,0
LN700391,CUST104327,Personal,24140.31,14.99,60,2022-05-06,574.17,600,0.45,Current,0
LN700392,CUST107368,BNPL,840.06,12.88,6,2022-01-25,145.32,674,0.61,Late,87
LN700393,CUST100646,BNPL,1000.62,14.79,36,2022-04-27,34.58,587,0.36,Paid Off,0
LN700394,CUST108582,BNPL,1136.78,14.31,48,2023-01-22,31.24,518,0.42,Current,0
LN700395,CUST103659,Personal,5690.08,15.33,6,2025-07-23,991.2,653,0.31,Current,0
LN700396,CUST102950,Debt Consolidation,1713.77,12.81,12,2025-10-25,152.92,611,0.43,Current,0
LN700397,CUST108540,Personal,23716.6,14.1,48,2022-02-18,649.28,581,0.59,Current,0
LN700398,CUST103836,Auto,22481.81,13.46,36,2021-11-07,762.49,549,0.33,Paid Off,0
LN700399,CUST110918,Debt Consolidation,28769.82,20.13,24,2025-09-04,1466.09,495,0.6,Current,0
LN700400,CUST101306,Debt Consolidation,25112.14,16.13,24,2021-02-17,1231.13,615,0.4,Paid Off,0
LN700401,CUST103650,Personal,18678.34,9.48,36,2026-05-15,598.15,718,0.31,Current,0
LN700402,CUST107947,BNPL,628.17,15.3,24,2025-07-31,30.55,576,0.34,Current,0
LN700403,CUST106970,BNPL,1498.76,13.74,36,2024-03-22,51.04,719,0.46,Current,0
LN700404,CUST102569,Personal,31272.66,14.59,12,2022-11-29,2816.57,535,0.59,Default,193
LN700405,CUST101197,Debt Consolidation,5539.3,12.38,24,2021-04-05,261.74,609,0.62,Paid Off,0
LN700406,CUST110866,Personal,23639.95,13.86,60,2022-08-13,548.35,570,0.34,Late,21
LN700407,CUST102200,Personal,24531.17,14.63,24,2024-01-11,1185.13,640,0.23,Current,0
LN700408,CUST110067,Personal,19679.22,16.33,48,2021-03-14,561.05,650,0.43,Current,0
LN700409,CUST108053,Personal,12510.73,12.45,48,2024-06-24,332.23,684,0.59,Current,0
LN700410,CUST110773,Personal,13817.78,14.9,24,2023-07-26,669.32,582,0.48,Paid Off,0
LN700411,CUST106321,Auto,10040.44,12.31,24,2021-03-03,474.09,635,0.52,Paid Off,0
LN700412,CUST101349,BNPL,664.07,13.12,36,2024-01-10,22.41,641,0.34,Current,0
LN700413,CUST106671,Personal,4122.2,13.02,36,2023-03-22,138.93,567,0.51,Paid Off,0
LN700414,CUST103953,Debt Consolidation,24826.29,12.87,12,2022-05-21,2215.9,629,0.42,Current,0
LN700415,CUST108529,Auto,31200.21,16.08,48,2021-02-11,885.5,601,0.42,Paid Off,0
LN700416,CUST100908,Personal,19684.76,11.09,24,2026-05-03,918.29,693,0.21,Current,0
LN700417,CUST103736,Auto,8565.17,15.85,12,2021-06-21,776.52,597,0.44,Current,0
LN700418,CUST107079,Personal,27209.99,11.72,6,2021-11-25,4691.28,566,0.46,Current,0
LN700419,CUST105552,Personal,32594.03,8.07,48,2023-12-21,796.79,701,0.37,Late,41
LN700420,CUST110994,Debt Consolidation,27891.56,11.87,24,2025-08-15,1311.26,617,0.43,Current,0
LN700421,CUST100780,Personal,28342.22,13.4,24,2021-08-06,1352.77,635,0.49,Paid Off,0
LN700422,CUST105748,Auto,27620.63,14.14,12,2021-02-23,2481.8,729,0.34,Paid Off,0
LN700423,CUST109513,Debt Consolidation,7098.74,10.91,24,2024-04-23,330.56,598,0.36,Current,0
LN700424,CUST110520,Debt Consolidation,18652.75,20.5,48,2023-05-24,572.59,549,0.41,Default,165
LN700425,CUST110853,Personal,33695.54,8.85,12,2022-03-21,2944.38,706,0.47,Paid Off,0
LN700426,CUST100582,Auto,21673.94,13.36,24,2021-07-30,1034.09,610,0.28,Paid Off,0
LN700427,CUST108296,Personal,31438.28,15.31,6,2023-07-24,5476.16,641,0.43,Late,81
LN700428,CUST107220,Personal,30865.54,13.66,12,2022-04-01,2766.39,578,0.48,Late,25
LN700429,CUST102562,Personal,34527.19,13.32,48,2021-09-28,931.77,653,0.25,Paid Off,0
LN700430,CUST100122,Personal,13038.8,13.81,12,2024-03-01,1169.55,731,0.31,Late,77
LN700431,CUST108832,BNPL,327.16,9.72,36,2024-11-02,10.51,760,0.24,Current,0
LN700432,CUST103754,BNPL,1439.83,12.01,36,2024-07-24,47.83,628,0.44,Late,48
LN700433,CUST101969,BNPL,1415.71,15.54,24,2023-09-14,69.01,655,0.38,Current,0
LN700434,CUST106147,Personal,9554.92,13.22,24,2025-02-09,455.25,686,0.36,Current,0
LN700435,CUST105782,Debt Consolidation,22583.05,13.16,12,2021-05-02,2018.75,668,0.52,Current,0
LN700436,CUST102800,BNPL,850.86,13.41,48,2025-10-15,23,597,0.45,Current,0
LN700437,CUST106305,Personal,10502.96,13.23,60,2023-05-31,240.21,659,0.3,Late,67
LN700438,CUST108828,Personal,25670.62,10.57,36,2023-10-31,835.21,758,0.39,Late,64
LN700439,CUST102041,Auto,31783.46,15.11,48,2021-09-09,886.33,599,0.6,Default,191
LN700440,CUST100871,Debt Consolidation,18590.59,13.64,48,2022-11-06,504.66,671,0.48,Current,0
LN700441,CUST107716,Personal,10889.74,12.01,36,2021-10-11,361.75,711,0.41,Paid Off,0
LN700442,CUST105655,BNPL,1279.44,10.81,48,2024-09-26,32.95,734,0.38,Current,0
LN700443,CUST108236,Auto,29826.65,12.86,12,2026-01-20,2662.08,608,0.3,Current,0
LN700444,CUST106905,Auto,22765.28,8.97,6,2024-01-13,3894.1,738,0.15,Paid Off,0
LN700445,CUST107061,Personal,2923.85,8.96,48,2025-01-23,72.7,734,0.06,Current,0
LN700446,CUST100017,BNPL,1124.5,13.37,24,2026-05-19,53.66,634,0.35,Late,35
LN700447,CUST105530,BNPL,157.47,14.46,36,2022-08-09,5.42,586,0.4,Paid Off,0
LN700448,CUST110445,Personal,19785.47,12.52,48,2026-04-23,526.09,627,0.51,Current,0
LN700449,CUST105670,Personal,14075.11,14.47,36,2023-06-11,484.27,556,0.73,Paid Off,0
LN700450,CUST104631,Debt Consolidation,32233.15,16.38,12,2023-04-20,2930.34,626,0.62,Default,203
LN700451,CUST105558,BNPL,149.82,17.08,36,2021-02-21,5.35,567,0.39,Paid Off,0
LN700452,CUST105964,Debt Consolidation,34705.38,13.58,24,2024-03-31,1659.43,623,0.5,Default,118
LN700453,CUST105768,Personal,12995.65,8.08,36,2025-11-26,407.72,688,0.39,Current,0
LN700454,CUST109777,Auto,27401.32,12.97,36,2021-04-20,922.86,614,0.34,Current,0
LN700455,CUST102349,Debt Consolidation,9575.26,10.42,24,2021-08-24,443.71,640,0.44,Current,0
LN700456,CUST106655,Auto,31432.64,15.68,24,2024-08-02,1534.24,566,0.44,Current,0
LN700457,CUST107533,Auto,7664.38,13.04,60,2022-08-19,174.55,645,0.52,Current,0
LN700458,CUST108640,BNPL,921.23,10.85,24,2026-04-14,42.87,714,0.34,Current,0
LN700459,CUST109752,BNPL,278.27,11.92,60,2026-01-29,6.18,637,0.39,Current,0
LN700460,CUST103176,Debt Consolidation,28629.37,16.2,36,2025-05-13,1009.35,629,0.35,Late,56
LN700461,CUST108478,Personal,19301.96,12.65,36,2023-09-29,647.11,672,0.25,Current,0
LN700462,CUST101757,Personal,7498.06,8.64,60,2026-06-14,154.34,758,0.28,Current,0
LN700463,CUST104346,Auto,4159.22,8.69,36,2024-11-10,131.66,744,0.4,Late,72
LN700464,CUST110201,Auto,13432.2,12.42,12,2023-08-23,1196.08,646,0.44,Paid Off,0
LN700465,CUST105207,Auto,2078.72,13.51,48,2024-10-28,56.29,707,0.15,Current,0
LN700466,CUST105382,Personal,16753.93,9.96,6,2021-07-16,2874,667,0.31,Paid Off,0
LN700467,CUST108570,Personal,12878.61,14.06,24,2024-05-08,618.7,606,0.48,Late,37
LN700468,CUST102118,Debt Consolidation,4974.95,7.79,24,2023-10-21,224.53,751,0.4,Late,70
LN700469,CUST104528,Personal,32777.73,14.91,12,2025-04-14,2957.07,620,0.31,Current,0
LN700470,CUST100767,Personal,15225.49,13.52,60,2024-03-27,350.49,685,0.37,Current,0
LN700471,CUST110884,Personal,15163.24,14.73,12,2024-01-14,1366.68,637,0.13,Paid Off,0
LN700472,CUST107440,Personal,2275,13.4,36,2024-12-29,77.09,698,0.43,Current,0
LN700473,CUST104004,Personal,10109.11,11.96,6,2022-10-31,1744.11,690,0.57,Current,0
LN700474,CUST105375,Personal,3225.07,12.11,24,2024-08-25,151.98,677,0.34,Late,48
LN700475,CUST110189,Personal,2801.61,10.43,60,2024-11-11,60.12,698,0.25,Current,0
LN700476,CUST105352,Personal,34265.67,11.86,36,2022-12-16,1135.82,595,0.31,Current,0
LN700477,CUST107120,Personal,12857.33,11.25,60,2024-06-19,281.16,682,0.26,Current,0
LN700478,CUST102515,BNPL,967.81,12.24,12,2025-03-31,86.1,615,0.29,Current,0
LN700479,CUST100278,BNPL,1221.13,11.55,12,2024-05-08,108.24,732,0.05,Current,0
LN700480,CUST100797,Auto,2498.75,10.19,36,2024-05-27,80.85,616,0.52,Current,0
LN700481,CUST100508,Auto,6823.91,20.26,48,2024-04-30,208.6,510,0.53,Default,227
LN700482,CUST110234,Personal,2926.3,11.37,36,2025-10-29,96.32,585,0.48,Current,0
LN700483,CUST104721,Debt Consolidation,20554.99,16.91,36,2025-05-23,731.92,565,0.38,Current,0
LN700484,CUST110589,Personal,12524.25,13.23,24,2024-10-11,596.78,562,0.28,Late,15
LN700485,CUST100720,Personal,28679.19,13.04,24,2024-08-07,1364,579,0.43,Current,0
LN700486,CUST108238,Personal,26643.97,10.51,60,2022-09-16,572.81,721,0.52,Current,0
LN700487,CUST102874,Personal,11133.16,15.03,12,2022-03-01,1005.02,594,0.21,Current,0
LN700488,CUST100348,Personal,12488.76,17.58,60,2024-08-15,314.29,518,0.23,Default,141
LN700489,CUST104158,Auto,1852.12,10.93,36,2023-06-10,60.57,612,0.47,Paid Off,0
LN700490,CUST108419,Debt Consolidation,22704.57,18.04,12,2025-09-24,2081.99,520,0.39,Late,15
LN700491,CUST100635,BNPL,284.11,19.46,24,2024-11-01,14.39,503,0.41,Current,0
LN700492,CUST109551,Personal,9467.92,15.71,36,2021-12-10,331.51,528,0.58,Default,147
LN700493,CUST102123,Personal,14164.92,12.42,36,2022-12-27,473.32,662,0.41,Paid Off,0
LN700494,CUST103338,Personal,24781.39,13.31,36,2021-08-09,838.69,667,0.41,Paid Off,0
LN700495,CUST110688,Personal,30818.04,6.64,12,2021-03-04,2661.47,755,0.6,Paid Off,0
LN700496,CUST102948,Debt Consolidation,24560.41,18.74,36,2023-09-14,897.06,514,0.47,Current,0
LN700497,CUST102486,Personal,6212.18,11.59,24,2024-09-26,291.24,634,0.37,Current,0
LN700498,CUST104414,BNPL,135.24,11.34,12,2026-01-19,11.97,619,0.51,Current,0
LN700499,CUST109851,BNPL,248.59,9.87,12,2023-02-20,21.84,717,0.42,Paid Off,0
LN700500,CUST110372,BNPL,496.86,9.41,12,2023-04-24,43.55,777,0.48,Current,0
LN700501,CUST101250,Personal,12726.43,14.42,60,2025-05-10,298.9,587,0.41,Current,0
LN700502,CUST110607,Debt Consolidation,34757.12,20.08,24,2021-06-07,1770.35,567,0.63,Default,162
LN700503,CUST103582,Auto,11502.48,16.86,6,2023-09-18,2012.45,568,0.27,Paid Off,0
LN700504,CUST102948,Auto,9414.64,16.79,24,2021-08-07,464.53,514,0.49,Default,164
LN700505,CUST105075,Auto,28238.43,12.37,48,2026-03-14,748.77,679,0.27,Late,21
LN700506,CUST100007,Personal,3281.31,13.17,6,2025-08-22,568.08,571,0.38,Late,78
LN700507,CUST109850,Personal,12096.33,17.47,36,2023-10-25,434.1,559,0.47,Current,0
LN700508,CUST107205,BNPL,818.19,11.16,48,2025-04-25,21.21,594,0.42,Current,0
LN700509,CUST101721,Personal,30669.73,11.3,12,2023-10-12,2714.94,649,0.45,Paid Off,0
LN700510,CUST109783,Debt Consolidation,23897.07,12.95,36,2022-05-27,804.61,564,0.49,Default,230
LN700511,CUST108623,BNPL,756.26,13.51,24,2025-04-09,36.14,632,0.4,Current,0
LN700512,CUST109576,Personal,10203.65,12.33,6,2025-10-23,1762.29,698,0.4,Paid Off,0
LN700513,CUST104091,BNPL,495.58,12.7,24,2023-11-25,23.49,660,0.42,Paid Off,0
LN700514,CUST101533,Personal,2997.54,12.58,48,2025-01-19,79.79,592,0.33,Current,0
LN700515,CUST108930,Personal,20554.72,11.96,12,2023-10-15,1825.88,724,0.33,Paid Off,0
LN700516,CUST102174,Debt Consolidation,11549.79,9.12,6,2026-02-03,1976.49,735,0.2,Current,0
LN700517,CUST101047,Auto,25914.6,14.72,12,2026-05-19,2335.59,635,0.31,Current,0
LN700518,CUST103973,BNPL,584.97,15.06,24,2021-01-15,28.38,533,0.71,Current,0
LN700519,CUST109962,Personal,13139.37,10.46,60,2023-02-14,282.16,766,0.13,Current,0
LN700520,CUST110142,BNPL,946.56,11.28,60,2025-11-25,20.71,656,0.49,Current,0
LN700521,CUST101306,Personal,28354.8,12.65,60,2022-02-01,640.09,615,0.39,Current,0
LN700522,CUST104821,Personal,24815.85,8.71,36,2022-03-06,785.79,622,0.5,Paid Off,0
LN700523,CUST108279,Debt Consolidation,22610.91,12.39,36,2023-12-05,755.22,773,0.23,Current,0
LN700524,CUST108837,Debt Consolidation,17379.51,9.29,36,2025-01-08,555.01,654,0.26,Current,0
LN700525,CUST104059,Debt Consolidation,4644.68,15.57,12,2022-02-28,420.47,676,0.54,Paid Off,0
LN700526,CUST100007,Personal,25554.23,16.22,36,2024-06-21,901.19,571,0.49,Current,0
LN700527,CUST109655,Debt Consolidation,7873.31,11.44,36,2026-05-21,259.41,714,0.39,Current,0
LN700528,CUST100746,Debt Consolidation,17755.98,11.46,24,2025-09-28,831.37,591,0.59,Current,0
LN700529,CUST109516,Personal,8588.02,9.69,24,2026-04-26,395.07,670,0.46,Current,0
LN700530,CUST106615,Debt Consolidation,14708.97,15.1,36,2021-08-20,510.61,583,0.53,Paid Off,0
LN700531,CUST110866,Auto,16647.72,14.01,12,2026-01-03,1494.83,570,0.59,Current,0
LN700532,CUST100400,Auto,30436.53,11.76,24,2021-06-18,1429.34,621,0.61,Current,0
LN700533,CUST100934,Auto,29352.93,11.69,48,2021-10-08,768.52,687,0.52,Late,31
LN700534,CUST102821,BNPL,971.06,15.41,48,2021-02-17,27.23,564,0.59,Default,159
LN700535,CUST104283,Personal,5898.79,14.61,48,2024-04-17,163,646,0.55,Late,33
LN700536,CUST102643,BNPL,1094.53,6.12,24,2026-06-05,48.57,701,0.38,Current,0
LN700537,CUST100044,Personal,27955.51,10.24,24,2026-03-12,1293.1,671,0.37,Current,0
LN700538,CUST110501,Personal,2291.66,11.94,36,2022-08-03,76.05,576,0.66,Default,181
LN700539,CUST106646,BNPL,709.56,10.22,12,2023-08-06,62.45,750,0.33,Late,79
LN700540,CUST109284,Personal,18170.42,11.77,24,2022-09-08,853.39,627,0.51,Current,0
LN700541,CUST109558,BNPL,416.59,12.47,48,2021-10-22,11.07,605,0.34,Default,165
LN700542,CUST105013,Personal,13178.77,13.14,48,2024-11-12,354.47,739,0.48,Current,0
LN700543,CUST107655,Personal,10150.96,14.03,6,2024-07-12,1761.73,564,0.27,Paid Off,0
LN700544,CUST101548,Personal,3271.96,12,48,2021-04-01,86.16,660,0.42,Paid Off,0
LN700545,CUST104648,Debt Consolidation,25234.37,12.99,48,2022-02-13,676.85,666,0.3,Paid Off,0
LN700546,CUST101165,Debt Consolidation,5015.55,8.9,48,2022-02-18,124.57,671,0.62,Paid Off,0
LN700547,CUST101136,Personal,30934.82,18.31,36,2021-04-27,1123.18,573,0.6,Current,0
LN700548,CUST104759,Debt Consolidation,6792.2,15.78,36,2021-06-08,238.06,541,0.45,Current,0
LN700549,CUST102321,Personal,15751.72,11.73,60,2022-10-28,348.24,652,0.47,Current,0
LN700550,CUST100207,Auto,23519.5,10.23,12,2021-05-18,2070.25,775,0.36,Current,0
LN700551,CUST107927,Personal,26669.28,15.16,12,2021-10-27,2409.14,589,0.31,Current,0
LN700552,CUST100908,Personal,34112.03,13.93,60,2021-08-11,792.49,693,0.15,Current,0
LN700553,CUST104040,Auto,7296.66,17.71,6,2022-02-14,1279.69,487,0.57,Default,261
LN700554,CUST106870,Personal,13279.29,14.11,60,2021-04-07,309.74,560,0.49,Current,0
LN700555,CUST109869,BNPL,913.01,16.34,36,2023-08-29,32.25,586,0.6,Default,248
LN700556,CUST108197,Auto,18841.85,9.45,36,2025-12-25,603.12,703,0.48,Current,0
LN700557,CUST108953,Personal,32084.1,14.73,24,2024-02-13,1551.54,626,0.42,Paid Off,0
LN700558,CUST103360,Debt Consolidation,5815.37,12.53,24,2025-03-20,275.19,580,0.51,Current,0
LN700559,CUST105169,Personal,29447.75,14.46,24,2025-11-21,1420.28,569,0.27,Current,0
LN700560,CUST100681,BNPL,1370.74,14.54,24,2023-09-21,66.16,661,0.43,Late,24
LN700561,CUST103610,Personal,31772,10.47,48,2025-02-11,813.01,706,0.29,Current,0
LN700562,CUST109065,Personal,18243.93,14.12,12,2024-11-08,1639.1,687,0.44,Current,0
LN700563,CUST103307,Personal,11012.13,14.97,36,2025-10-25,381.58,649,0.56,Late,29
LN700564,CUST102385,BNPL,624.13,17.53,36,2024-03-16,22.42,588,0.53,Default,235
LN700565,CUST104404,BNPL,1114.34,12.87,60,2023-05-16,25.28,594,0.31,Current,0
LN700566,CUST100230,BNPL,300.43,12.72,36,2024-02-21,10.08,676,0.31,Current,0
LN700567,CUST101160,Personal,20706.94,15.37,6,2026-03-06,3607.51,647,0.21,Current,0
LN700568,CUST104485,Personal,13772.46,12.78,60,2025-10-24,311.82,712,0.39,Current,0
LN700569,CUST101362,Personal,14088.11,14.67,36,2022-03-03,486.1,634,0.41,Paid Off,0
LN700570,CUST103776,Debt Consolidation,28556.3,13.47,36,2024-08-11,968.65,611,0.49,Current,0
LN700571,CUST108675,Debt Consolidation,21259.68,15.82,12,2023-08-14,1927.1,679,0.56,Paid Off,0
LN700572,CUST105634,BNPL,663.57,14.03,24,2025-04-15,31.87,581,0.42,Current,0
LN700573,CUST108136,Auto,34637.35,12.57,36,2023-07-23,1159.91,665,0.26,Current,0
LN700574,CUST105186,BNPL,1190.08,9.41,6,2024-08-08,203.83,675,0.42,Paid Off,0
LN700575,CUST106728,Auto,23864.69,8.83,12,2025-09-14,2085.12,704,0.6,Current,0
LN700576,CUST102343,Personal,31096.54,16.82,24,2022-11-11,1534.8,575,0.61,Paid Off,0
LN700577,CUST107469,Personal,25334.18,10.05,12,2023-03-20,2227.87,648,0.38,Current,0
LN700578,CUST108518,Personal,4840.29,17.56,24,2022-04-16,240.62,515,0.48,Default,188
LN700579,CUST107944,Auto,5392.39,17.14,48,2024-05-18,155.99,606,0.39,Current,0
LN700580,CUST109362,Personal,31316.5,11.6,24,2021-02-02,1468.33,580,0.34,Current,0
LN700581,CUST109012,Personal,22706.18,9.86,12,2021-07-10,1994.76,696,0.36,Late,39
LN700582,CUST102981,Auto,29618.44,14.25,60,2024-01-28,693.01,553,0.43,Late,73
LN700583,CUST102942,Personal,15679.35,12.12,12,2024-09-13,1393.97,697,0.38,Paid Off,0
LN700584,CUST110296,Auto,9423.78,17.03,6,2024-08-13,1649.56,612,0.32,Paid Off,0
LN700585,CUST108854,Auto,17938.36,14.24,36,2021-08-06,615.18,636,0.45,Current,0
LN700586,CUST105258,Personal,7046.05,12.14,36,2021-03-02,234.5,652,0.38,Current,0
LN700587,CUST107724,Debt Consolidation,3689.27,3.9,60,2022-06-21,67.78,795,0.19,Current,0
LN700588,CUST104907,Auto,3299.51,10.95,24,2025-04-15,153.71,677,0.28,Current,0
LN700589,CUST100421,Personal,17548.39,12.19,6,2022-12-15,3029.59,648,0.4,Current,0
LN700590,CUST108481,Personal,17706.66,8.28,24,2022-07-29,803.09,735,0.16,Paid Off,0
LN700591,CUST107808,Auto,8679.48,19.91,24,2022-08-13,441.37,479,0.59,Default,227
LN700592,CUST106491,Personal,20004.69,13.96,12,2025-07-10,1795.79,678,0.65,Current,0
LN700593,CUST107619,Personal,4020.78,9.8,6,2022-07-30,689.41,695,0.13,Paid Off,0
LN700594,CUST105666,BNPL,133.74,8.01,12,2023-07-03,11.63,706,0.21,Paid Off,0
LN700595,CUST104128,Personal,24288.45,15.09,6,2025-04-05,4228.1,585,0.4,Current,0
LN700596,CUST107884,Auto,33490.7,6.91,24,2021-02-21,1498.1,766,0.38,Paid Off,0
LN700597,CUST109366,BNPL,742.04,8.71,12,2026-02-10,64.79,753,0.39,Current,0
LN700598,CUST108090,Personal,17964.06,8.31,24,2024-08-09,815.01,713,0.46,Current,0
LN700599,CUST108672,Personal,16782.26,13.34,36,2024-01-02,568.21,606,0.45,Late,34
LN700600,CUST102727,Auto,11123.18,9,36,2026-03-30,353.71,645,0.57,Current,0
LN700601,CUST100555,Auto,4138.52,13.96,24,2025-09-07,198.62,602,0.57,Current,0
LN700602,CUST108706,Personal,32402.23,13.61,24,2021-03-11,1549.76,664,0.6,Current,0
LN700603,CUST106861,Debt Consolidation,19474.9,13.32,36,2021-10-25,659.19,582,0.35,Paid Off,0
LN700604,CUST108100,Auto,18561.22,15.26,36,2025-05-26,645.8,610,0.49,Current,0
LN700605,CUST107195,Personal,24735.77,13.11,24,2022-08-23,1177.26,675,0.17,Current,0
LN700606,CUST101867,Debt Consolidation,2124.1,13.16,24,2024-07-29,101.14,659,0.55,Current,0
LN700607,CUST103029,Debt Consolidation,25614.05,11.44,36,2022-02-26,843.92,648,0.2,Current,0
LN700608,CUST104047,Personal,15791.48,15.06,36,2025-12-08,547.88,690,0.75,Current,0
LN700609,CUST106921,Personal,31839.79,14.75,24,2022-06-24,1540.03,570,0.5,Default,197
LN700610,CUST107730,Personal,8253.75,14.04,36,2026-01-27,282.25,639,0.51,Current,0
LN700611,CUST106171,Auto,23258.01,14.21,24,2022-12-31,1118.99,569,0.61,Paid Off,0
LN700612,CUST100232,Personal,4836.36,8.76,6,2025-11-25,826.78,754,0.37,Paid Off,0
LN700613,CUST109103,Debt Consolidation,3795.23,14.41,24,2025-04-04,182.96,572,0.22,Current,0
LN700614,CUST105101,Personal,14851.17,11.61,6,2023-09-13,2559.68,715,0.38,Late,43
LN700615,CUST109766,Personal,14333.54,11.36,24,2025-09-15,670.45,623,0.3,Current,0
LN700616,CUST101316,Personal,8965.15,10.63,36,2021-03-05,291.94,646,0.51,Paid Off,0
LN700617,CUST102662,Personal,13431.33,17.86,6,2025-06-02,2356.6,567,0.46,Current,0
LN700618,CUST106185,Personal,12149.39,15.7,24,2026-06-11,593.13,548,0.54,Current,0
LN700619,CUST106395,Debt Consolidation,22331.72,10.3,36,2022-03-18,723.73,635,0.4,Current,0
LN700620,CUST109638,Personal,19830.45,9.02,60,2022-01-25,411.84,641,0.58,Default,113
LN700621,CUST101177,Auto,17675.19,11.1,60,2024-04-16,385.18,722,0.48,Late,31
LN700622,CUST102723,BNPL,345.64,18.45,24,2023-09-10,17.33,506,0.55,Default,185
LN700623,CUST104475,Personal,19473.14,7.16,60,2023-04-26,387.06,681,0.26,Current,0
LN700624,CUST103986,Personal,12324.9,12.83,6,2023-03-25,2131.7,610,0.47,Paid Off,0
LN700625,CUST107199,Debt Consolidation,20443.91,10.04,36,2022-04-30,660.05,663,0.7,Current,0
LN700626,CUST101448,Debt Consolidation,27851.38,14.8,12,2022-08-12,2511.19,611,0.44,Current,0
LN700627,CUST110979,Personal,17230.27,15.64,36,2022-04-18,602.71,667,0.24,Paid Off,0
LN700628,CUST108954,Debt Consolidation,4241.95,14.81,36,2023-02-27,146.65,681,0.52,Current,0
LN700629,CUST103410,Personal,34866.4,12.74,24,2024-08-18,1653.36,689,0.61,Current,0
LN700630,CUST103219,Auto,13568.13,13.01,36,2022-11-27,457.23,668,0.17,Late,19
LN700631,CUST110199,Personal,4304.11,14.92,12,2023-08-27,388.32,619,0.48,Paid Off,0
LN700632,CUST106202,Personal,10669.86,15.49,36,2023-07-07,372.44,624,0.51,Current,0
LN700633,CUST102608,Personal,16704.13,15.57,36,2026-01-05,583.73,645,0.49,Current,0
LN700634,CUST108126,Auto,19252.3,11.43,60,2022-11-23,422.73,668,0.41,Current,0
LN700635,CUST106248,Personal,9417.91,9.37,36,2023-08-22,301.11,719,0.25,Current,0
LN700636,CUST109021,Personal,14591.79,9.24,12,2024-02-18,1277.7,673,0.41,Paid Off,0
LN700637,CUST100731,Personal,2092.28,17.62,36,2023-04-20,75.24,624,0.47,Paid Off,0
LN700638,CUST107695,Personal,2536.35,19.37,24,2025-03-14,128.31,539,0.49,Current,0
LN700639,CUST109731,Personal,11675.61,12.75,12,2026-04-11,1041.46,646,0.55,Current,0
LN700640,CUST100257,Debt Consolidation,18566.92,18.79,36,2023-06-25,678.62,512,0.43,Paid Off,0
LN700641,CUST103952,Debt Consolidation,29438,13.47,12,2022-10-20,2635.82,697,0.57,Current,0
LN700642,CUST110943,Debt Consolidation,1999.82,14.81,48,2024-07-06,55.46,708,0.34,Current,0
LN700643,CUST101948,BNPL,750.33,8.64,12,2023-06-02,65.49,781,0.17,Paid Off,0
LN700644,CUST110166,Personal,22215.4,16.85,60,2022-10-31,550.32,603,0.72,Current,0
LN700645,CUST106879,Auto,20271.41,14.62,36,2024-03-14,698.95,568,0.42,Current,0
LN700646,CUST104146,Personal,15617.46,14.1,24,2024-08-12,750.58,616,0.49,Current,0
LN700647,CUST107772,Personal,33797.56,11.75,48,2022-05-09,885.88,653,0.37,Current,0
LN700648,CUST105130,Debt Consolidation,29005.77,11.7,24,2024-06-29,1361.34,680,0.26,Paid Off,0
LN700649,CUST105800,Debt Consolidation,8308.8,12.78,36,2022-08-23,279.08,699,0.32,Current,0
LN700650,CUST110668,Auto,5877.75,14.99,36,2024-02-19,203.73,599,0.54,Current,0
LN700651,CUST102459,Auto,16118.13,10.77,12,2022-12-08,1422.82,584,0.44,Current,0
LN700652,CUST101580,Debt Consolidation,6069.36,13.73,36,2025-04-20,206.64,630,0.29,Current,0
LN700653,CUST103120,Personal,14302.3,10.58,6,2022-12-14,2457.81,564,0.66,Current,0
LN700654,CUST109739,BNPL,1158.08,12.51,36,2025-05-28,38.75,710,0.49,Current,0
LN700655,CUST102099,Debt Consolidation,29817.18,8.3,12,2022-11-03,2597.89,700,0.42,Late,64
LN700656,CUST104007,Auto,21105.51,8.47,24,2021-02-02,959.08,741,0.28,Paid Off,0
LN700657,CUST104386,Personal,28864.63,17.44,36,2021-12-27,1035.43,497,0.37,Default,253
LN700658,CUST100900,Debt Consolidation,6604.15,10.8,24,2025-10-22,307.19,751,0.14,Current,0
LN700659,CUST107429,Personal,28730.85,15.02,36,2024-02-13,996.25,637,0.62,Current,0
LN700660,CUST109100,Auto,31279.96,12.85,24,2024-05-06,1484.9,633,0.57,Late,70
LN700661,CUST107448,Personal,15423.62,9.27,12,2023-04-10,1350.75,757,0.39,Current,0
LN700662,CUST106505,Personal,25924.85,15.39,36,2021-03-23,903.65,598,0.38,Current,0
LN700663,CUST103055,Personal,32709.05,13.7,48,2025-11-28,888.91,662,0.43,Current,0
LN700664,CUST103688,Personal,30691.32,12.13,48,2024-04-06,810.18,621,0.25,Current,0
LN700665,CUST107985,Personal,2250.39,12.35,6,2021-12-26,388.69,682,0.38,Current,0
LN700666,CUST109482,Personal,9739.3,8.19,24,2021-07-24,441.33,759,0.35,Paid Off,0
LN700667,CUST101722,Personal,19123.17,8.88,24,2023-12-24,872.58,691,0.5,Paid Off,0
LN700668,CUST103702,Personal,19312.38,11.83,60,2023-04-01,427.94,618,0.51,Current,0
LN700669,CUST105039,Personal,34412.98,17.17,48,2025-10-31,996.02,537,0.56,Default,152
LN700670,CUST104055,Debt Consolidation,25615.74,10.05,36,2024-05-29,827.15,665,0.36,Current,0
LN700671,CUST108235,Debt Consolidation,7502.85,13.88,36,2024-11-25,255.99,567,0.64,Current,0
LN700672,CUST100886,BNPL,662.94,15.5,48,2023-01-24,18.62,641,0.51,Current,0
LN700673,CUST102560,Personal,10378.57,9.11,24,2023-03-09,474.67,750,0.28,Paid Off,0
LN700674,CUST102528,Personal,8747.43,10.43,36,2023-02-28,284.02,670,0.27,Current,0
LN700675,CUST104529,BNPL,1354.65,14.71,12,2022-01-12,122.08,594,0.41,Paid Off,0
LN700676,CUST103073,Personal,13555.47,13.21,12,2021-05-31,1212.07,596,0.18,Paid Off,0
LN700677,CUST110567,BNPL,142.13,10.26,12,2026-02-28,12.51,669,0.55,Current,0
LN700678,CUST108903,Auto,7256.75,18.49,60,2022-02-05,186.21,569,0.54,Current,0
LN700679,CUST109794,BNPL,1263.49,16.32,6,2025-08-09,220.72,540,0.7,Paid Off,0
LN700680,CUST102132,Personal,4824.4,12.17,36,2025-04-14,160.63,672,0.28,Current,0
LN700681,CUST104555,Auto,28604.72,12.62,24,2021-11-05,1354.82,608,0.4,Paid Off,0
LN700682,CUST101041,BNPL,1077.92,11.47,60,2021-02-22,23.69,653,0.6,Current,0
LN700683,CUST100708,Debt Consolidation,24614.5,8.43,36,2025-01-22,776.22,717,0.26,Current,0
LN700684,CUST101848,Auto,16031.12,15.61,12,2026-01-31,1451.56,656,0.41,Current,0
LN700685,CUST108466,Personal,16115.63,17.39,12,2026-02-26,1472.81,589,0.36,Current,0
LN700686,CUST100496,Personal,30260.54,15.8,12,2022-03-20,2742.7,655,0.28,Current,0
LN700687,CUST107720,BNPL,414.21,14.94,36,2022-04-30,14.35,592,0.52,Current,0
LN700688,CUST106823,Personal,10208.66,11.46,36,2024-02-23,336.45,609,0.36,Current,0
LN700689,CUST102892,BNPL,650.37,7.29,36,2024-10-19,20.17,778,0.16,Current,0
LN700690,CUST108651,Personal,17595.69,10.54,12,2021-08-30,1551.36,746,0.57,Paid Off,0
LN700691,CUST101866,Personal,4751.43,15.15,12,2021-01-07,429.19,613,0.56,Default,231
LN700692,CUST105104,Personal,31264.27,12.67,24,2023-06-08,1481.52,649,0.44,Paid Off,0
LN700693,CUST106348,Personal,30289.49,15.39,60,2021-08-17,726.8,634,0.45,Current,0
LN700694,CUST100310,Debt Consolidation,28861.51,11.07,36,2025-07-03,945.85,680,0.43,Current,0
LN700695,CUST102934,Auto,31120.82,8.62,24,2022-09-04,1416.33,748,0.42,Current,0
LN700696,CUST104012,Personal,13289.91,17.01,12,2024-12-13,1212.17,575,0.37,Default,266
LN700697,CUST101347,Personal,12684.83,12.95,36,2024-04-29,427.1,601,0.54,Current,0
LN700698,CUST110380,Personal,3766.75,8.98,12,2023-03-14,329.37,821,0.28,Paid Off,0
LN700699,CUST110143,Personal,33486.83,17.2,36,2022-07-15,1197.23,519,0.61,Default,230
LN700700,CUST110539,BNPL,1015.71,12.65,36,2024-02-11,34.05,573,0.4,Current,0
LN700701,CUST100530,Personal,21161.31,12.22,36,2025-11-18,705.08,643,0.56,Current,0
LN700702,CUST105644,Auto,32845.08,13.43,36,2022-11-27,1113.5,615,0.41,Current,0
LN700703,CUST110892,BNPL,1269.33,13.65,48,2022-06-23,34.46,544,0.46,Default,245
LN700704,CUST102617,BNPL,406.29,9.57,36,2022-04-14,13.03,700,0.21,Paid Off,0
LN700705,CUST102011,Auto,22679.4,14.21,60,2023-10-31,530.18,550,0.48,Current,0
LN700706,CUST108178,Debt Consolidation,14543.1,15.08,48,2022-08-07,405.34,572,0.27,Current,0
LN700707,CUST108597,BNPL,523.63,7.28,60,2024-05-04,10.44,710,0.28,Current,0
LN700708,CUST103262,Auto,23442.15,12.58,36,2023-02-12,785.12,714,0.34,Paid Off,0
LN700709,CUST105996,Personal,20549.32,13.98,48,2022-03-05,561.33,593,0.47,Paid Off,0
LN700710,CUST100677,Personal,23830.99,17.29,60,2023-10-03,595.98,626,0.49,Current,0
LN700711,CUST108564,Auto,4296.97,16.53,36,2025-01-10,152.2,536,0.46,Current,0
LN700712,CUST106968,BNPL,1111.65,12.3,36,2024-12-25,37.08,598,0.54,Current,0
LN700713,CUST104015,BNPL,255.26,9.85,12,2025-06-25,22.42,751,0.26,Paid Off,0
LN700714,CUST101923,Personal,24720.85,10.46,12,2023-09-14,2178.65,688,0.38,Late,65
LN700715,CUST108904,Personal,15277.77,9.45,24,2022-01-11,701.12,707,0.26,Current,0
LN700716,CUST105416,BNPL,828.95,14,6,2022-07-28,143.85,655,0.42,Paid Off,0
LN700717,CUST102776,Debt Consolidation,22018.78,10.63,36,2024-12-02,717.01,708,0.39,Late,72
LN700718,CUST108135,Personal,22538.12,11.3,36,2025-09-29,741.08,661,0.18,Current,0
LN700719,CUST100787,BNPL,1216.5,13.03,24,2025-02-14,57.85,602,0.32,Current,0
LN700720,CUST101586,BNPL,798.58,15.42,24,2024-05-20,38.88,615,0.52,Paid Off,0
LN700721,CUST109589,Personal,19553.44,11.49,48,2021-12-15,510.03,667,0.62,Current,0
LN700722,CUST102512,Personal,24271.75,16.34,48,2021-07-16,692.1,590,0.5,Late,26
LN700723,CUST101260,Auto,7715.98,8.49,24,2023-12-16,350.7,749,0.33,Current,0
LN700724,CUST100095,Debt Consolidation,18176.6,14.52,48,2026-05-11,501.46,574,0.45,Current,0
LN700725,CUST109856,Auto,31005.3,12.38,36,2021-07-17,1035.46,697,0.16,Paid Off,0
LN700726,CUST103776,Personal,21692.57,13.76,6,2025-07-30,3761.91,611,0.39,Current,0
LN700727,CUST104494,Personal,10262.95,14.46,48,2023-03-06,282.82,679,0.61,Current,0
LN700728,CUST103541,Debt Consolidation,1672.2,17.21,60,2025-05-27,41.75,616,0.64,Current,0
LN700729,CUST100365,Personal,30255.11,9.2,60,2022-03-28,630.99,679,0.66,Current,0
LN700730,CUST107630,Personal,31114.4,9.85,12,2023-05-28,2733.28,706,0.3,Paid Off,0
LN700731,CUST102067,Personal,31086.75,13.54,36,2023-08-27,1055.54,603,0.67,Default,248
LN700732,CUST107364,Personal,24820.45,15.74,12,2025-07-15,2248.93,652,0.4,Late,67
LN700733,CUST104489,Personal,30933.17,15.33,48,2025-02-22,866.08,549,0.4,Current,0
LN700734,CUST107824,Personal,12470.12,16.75,60,2021-08-11,308.24,549,0.63,Current,0
LN700735,CUST100469,BNPL,179.29,7.37,12,2022-09-04,15.54,770,0.05,Current,0
LN700736,CUST105610,Auto,12113.51,8.08,36,2023-01-22,380.04,718,0.22,Late,40
LN700737,CUST108137,Personal,33954.5,14.92,60,2024-03-24,806.35,496,0.68,Default,199
LN700738,CUST108473,Auto,34934.96,15.89,36,2026-01-22,1226.31,529,0.39,Late,43
LN700739,CUST104167,Personal,9766.61,13.22,12,2023-11-03,873.34,574,0.39,Paid Off,0
LN700740,CUST108595,Auto,28236.05,15.62,36,2026-06-18,987.41,636,0.6,Current,0
LN700741,CUST101804,Auto,18138.24,13.16,6,2025-06-08,3140.13,555,0.52,Paid Off,0
LN700742,CUST107999,Auto,18164.13,7.41,12,2025-08-12,1575.12,741,0.46,Current,0
LN700743,CUST106136,Debt Consolidation,20345.26,14.27,24,2022-07-07,979.43,580,0.61,Default,255
LN700744,CUST107642,BNPL,1435.02,11.55,24,2024-10-27,67.25,651,0.59,Current,0
LN700745,CUST109213,BNPL,598.54,12.05,60,2021-12-30,13.33,677,0.57,Current,0
LN700746,CUST104111,Auto,16098.44,15.4,12,2022-08-11,1456.06,606,0.4,Paid Off,0
LN700747,CUST104088,BNPL,1333.31,12.51,24,2022-08-09,63.08,683,0.3,Current,0
LN700748,CUST109331,Personal,23772.66,6.51,24,2026-05-18,1059.09,772,0.52,Current,0
LN700749,CUST102808,Personal,10417.96,14.76,36,2025-09-30,359.92,621,0.65,Current,0
LN700750,CUST106029,BNPL,627.62,13.87,24,2026-05-05,30.1,602,0.52,Late,24
LN700751,CUST104363,Auto,21157.95,13.21,36,2023-03-18,715.04,637,0.43,Paid Off,0
LN700752,CUST102325,Auto,2427.87,8.01,6,2025-04-01,414.15,749,0.29,Current,0
LN700753,CUST105791,Debt Consolidation,24118.13,13.7,24,2023-10-07,1154.57,649,0.47,Late,71
LN700754,CUST110083,Personal,31832.86,11.89,6,2022-01-29,5490.98,688,0.44,Paid Off,0
LN700755,CUST105508,Personal,13977.08,12.85,36,2025-06-29,469.93,656,0.23,Current,0
LN700756,CUST101538,Auto,11845.89,15.19,24,2022-09-23,575.44,590,0.38,Late,79
LN700757,CUST102552,Personal,6841.44,9.91,24,2025-03-22,315.41,666,0.18,Current,0
LN700758,CUST106313,Auto,13944.69,12.55,60,2023-10-09,314.08,657,0.38,Current,0
LN700759,CUST104576,Personal,18325.81,11.04,24,2023-10-28,854.47,715,0.36,Current,0
LN700760,CUST104503,Auto,30010.39,10.83,12,2021-02-16,2649.99,629,0.59,Paid Off,0
LN700761,CUST106112,BNPL,1391.35,16.68,36,2022-10-18,49.38,597,0.43,Current,0
LN700762,CUST104694,Debt Consolidation,14886.67,18.96,60,2025-10-14,385.84,582,0.66,Current,0
LN700763,CUST109829,BNPL,1109.96,11.96,24,2021-09-18,52.23,650,0.53,Paid Off,0
LN700764,CUST101579,Personal,24282.98,14.79,12,2024-12-20,2189.34,587,0.49,Paid Off,0
LN700765,CUST103775,BNPL,804.55,14.23,12,2023-11-03,72.33,579,0.66,Current,0
LN700766,CUST103562,Personal,34928.87,13.23,24,2023-05-30,1664.36,549,0.54,Default,105
LN700767,CUST105669,Personal,27457.2,14.49,36,2025-03-23,944.97,587,0.23,Current,0
LN700768,CUST110169,Auto,14562.24,9.78,24,2023-03-07,670.5,612,0.4,Paid Off,0
LN700769,CUST104368,BNPL,998.94,9.8,24,2023-07-31,46,658,0.29,Current,0
LN700770,CUST109414,BNPL,396.32,12.96,36,2022-07-07,13.35,641,0.29,Current,0
LN700771,CUST104367,Auto,1675.66,18.2,48,2022-08-04,49.4,488,0.3,Default,91
LN700772,CUST104821,Personal,26410.34,12.86,48,2021-11-02,706.69,622,0.52,Paid Off,0
LN700773,CUST109122,Personal,17002.06,12.01,6,2024-03-06,2933.76,726,0.27,Paid Off,0
LN700774,CUST106559,Personal,23498.55,15.04,36,2021-08-12,815.05,623,0.52,Current,0
LN700775,CUST106603,BNPL,1111.95,14.34,48,2022-08-25,30.58,574,0.56,Current,0
LN700776,CUST105953,Debt Consolidation,11862.44,13.04,12,2023-12-25,1059.74,631,0.34,Current,0
LN700777,CUST103411,Personal,31733.17,9.22,12,2024-09-01,2778.35,767,0.22,Current,0
LN700778,CUST110663,BNPL,1391.86,14.98,6,2025-08-22,242.22,678,0.43,Paid Off,0
LN700779,CUST108725,Auto,6797.77,15.21,48,2023-02-11,189.91,620,0.48,Current,0
LN700780,CUST109008,Auto,23584.17,8.45,24,2025-07-13,1071.5,622,0.38,Current,0
LN700781,CUST109313,BNPL,1451.9,7.9,60,2024-10-18,29.37,751,0.24,Current,0
LN700782,CUST109444,BNPL,443.21,8.61,24,2021-12-24,20.17,688,0.29,Paid Off,0
LN700783,CUST107997,Personal,11506.44,11.51,12,2024-01-16,1019.7,548,0.27,Paid Off,0
LN700784,CUST100746,Auto,34966.6,16.23,36,2025-01-15,1233.3,591,0.3,Current,0
LN700785,CUST100931,Auto,12090.85,8.24,36,2021-12-28,380.22,728,0.47,Paid Off,0
LN700786,CUST100696,Personal,12603.82,13.19,24,2025-02-12,600.33,615,0.42,Current,0
LN700787,CUST105502,Personal,16763.5,13.06,60,2021-05-11,381.94,623,0.53,Late,50
LN700788,CUST107472,Personal,10435.63,10.17,36,2025-08-04,337.56,624,0.47,Current,0
LN700789,CUST110700,Debt Consolidation,33244.41,8.7,60,2022-04-24,685.27,686,0.31,Current,0
LN700790,CUST100817,BNPL,1492.85,7.74,12,2021-06-24,129.68,800,0.32,Paid Off,0
LN700791,CUST101137,Personal,30007.51,14.63,36,2022-12-17,1034.79,569,0.54,Current,0
LN700792,CUST100837,Personal,13391.38,16.9,24,2024-10-23,661.46,600,0.44,Late,25
LN700793,CUST100103,Personal,22152.98,16.04,24,2023-02-26,1085.1,548,0.29,Default,146
LN700794,CUST108741,Personal,18761.43,10.62,24,2022-03-07,871.12,642,0.43,Late,24
LN700795,CUST106986,Auto,29583.71,14.62,24,2024-06-11,1429.08,583,0.19,Paid Off,0
LN700796,CUST102512,BNPL,936.68,13.7,48,2024-08-29,25.46,590,0.32,Current,0
LN700797,CUST107641,Personal,13715.09,13.43,48,2022-12-21,370.88,659,0.37,Current,0
LN700798,CUST103150,Auto,16451.04,15.83,12,2023-03-08,1491.29,607,0.55,Late,66
LN700799,CUST103561,Personal,21058.06,10.67,24,2022-06-14,978.25,665,0.35,Current,0
LN700800,CUST109796,BNPL,921.52,8.87,6,2021-05-25,157.58,730,0.2,Current,0
LN700801,CUST104278,Personal,20522.6,14.87,48,2024-12-16,569.81,670,0.22,Current,0
LN700802,CUST103563,Personal,28266.96,10.24,24,2025-06-12,1307.51,581,0.37,Current,0
LN700803,CUST102454,Auto,5898.73,10.5,36,2021-02-23,191.72,741,0.55,Late,62
LN700804,CUST105769,BNPL,232.31,18.96,6,2025-11-30,40.89,538,0.52,Paid Off,0
LN700805,CUST109519,Personal,16763.79,11.31,12,2023-09-25,1484.04,651,0.48,Paid Off,0
LN700806,CUST102591,BNPL,614.68,15.21,6,2022-06-09,107.04,605,0.53,Paid Off,0
LN700807,CUST101830,BNPL,571.42,14.46,48,2021-04-13,15.75,489,0.5,Default,194
LN700808,CUST105355,Personal,7165.2,10.91,12,2023-10-31,632.97,657,0.4,Paid Off,0
LN700809,CUST110226,BNPL,1064.85,15.16,48,2025-06-14,29.72,548,0.37,Current,0
LN700810,CUST102747,Personal,34864.29,11.66,6,2022-05-14,6009.92,694,0.34,Paid Off,0
LN700811,CUST104131,Debt Consolidation,12872.08,12.2,6,2022-01-15,2222.33,631,0.42,Paid Off,0
LN700812,CUST106637,BNPL,673.55,13.98,24,2026-03-02,32.33,553,0.58,Default,222
LN700813,CUST101792,BNPL,361.51,9.29,24,2026-04-14,16.56,695,0.52,Current,0
LN700814,CUST105176,Personal,34263.16,8.81,36,2024-04-23,1086.53,731,0.47,Late,59
LN700815,CUST110734,Debt Consolidation,26667.5,6.23,36,2022-05-17,814.06,771,0.23,Current,0
LN700816,CUST100178,BNPL,254.45,17.96,48,2025-01-26,7.47,534,0.43,Current,0
LN700817,CUST105665,Personal,14598.5,11.75,36,2023-09-24,483.14,777,0.39,Current,0
LN700818,CUST110119,Personal,8781.38,9.88,12,2026-04-25,771.53,641,0.28,Current,0
LN700819,CUST109782,Personal,30395.01,19.1,24,2022-11-16,1533.65,561,0.4,Paid Off,0
LN700820,CUST100226,Auto,32738.76,10.09,24,2025-07-22,1512.09,667,0.45,Current,0
LN700821,CUST100961,Auto,25377.83,11.08,36,2024-06-28,831.8,585,0.51,Current,0
LN700822,CUST106219,BNPL,711.77,9.7,24,2021-11-19,32.75,754,0.31,Paid Off,0
LN700823,CUST109672,Debt Consolidation,5872.83,11.98,36,2022-02-22,195.01,646,0.46,Current,0
LN700824,CUST100464,Personal,20320.75,13.33,24,2024-01-01,969.24,682,0.5,Paid Off,0
LN700825,CUST102536,Personal,25063.02,10.39,36,2024-02-27,813.31,706,0.69,Current,0
LN700826,CUST108258,Auto,4895.22,13.61,24,2022-08-12,234.13,621,0.56,Paid Off,0
LN700827,CUST103659,BNPL,1279.94,14.24,36,2025-11-17,43.89,653,0.17,Current,0
LN700828,CUST109597,Personal,20549.18,14.93,48,2025-03-04,571.17,630,0.29,Current,0
LN700829,CUST106153,Debt Consolidation,23470.37,9.13,36,2022-04-13,747.77,651,0.49,Paid Off,0
LN700830,CUST109887,Debt Consolidation,22507.25,13.85,24,2022-09-05,1079.04,606,0.48,Current,0
LN700831,CUST110028,Debt Consolidation,14827.75,14.3,48,2024-09-10,407.43,585,0.28,Current,0
LN700832,CUST100906,Personal,27394.5,14.25,36,2022-03-25,939.61,636,0.55,Current,0
LN700833,CUST100346,Personal,24674.95,12.82,36,2024-06-16,829.26,654,0.52,Current,0
LN700834,CUST108544,Debt Consolidation,10150.54,11.38,6,2026-02-17,1748.35,678,0.3,Late,18
LN700835,CUST108418,Personal,6912.28,14.5,36,2024-07-04,237.93,621,0.48,Current,0
LN700836,CUST101658,Personal,8134.86,11.62,48,2024-01-09,212.71,551,0.6,Default,165
LN700837,CUST105743,Auto,19822.1,12.02,60,2021-11-01,441.13,587,0.59,Late,87
LN700838,CUST105615,Personal,33202,7.42,36,2023-10-30,1031.57,667,0.3,Current,0
LN700839,CUST104517,Debt Consolidation,23309.98,15.93,12,2021-03-29,2114.16,575,0.47,Late,60
LN700840,CUST107689,Personal,30345.05,11.7,36,2021-10-11,1003.55,703,0.35,Paid Off,0
LN700841,CUST108610,Personal,15223.88,15.96,24,2023-12-06,745.12,588,0.44,Paid Off,0
LN700842,CUST101907,Personal,18292.76,9.36,60,2025-02-12,382.93,741,0.3,Current,0
LN700843,CUST108455,Auto,22279.04,12.87,60,2023-08-18,505.44,664,0.44,Current,0
LN700844,CUST110302,BNPL,303.98,12.46,24,2026-02-04,14.37,594,0.49,Current,0
LN700845,CUST102894,BNPL,853.49,11.14,60,2024-06-23,18.62,618,0.73,Current,0
LN700846,CUST101206,Personal,3207.88,8.93,12,2022-10-03,280.43,783,0.43,Paid Off,0
LN700847,CUST103195,Debt Consolidation,29966.17,13.51,6,2025-12-04,5193,674,0.25,Current,0
LN700848,CUST101834,Personal,15100.46,11.89,24,2024-01-25,710.06,636,0.15,Current,0
LN700849,CUST104038,Personal,5673.69,9.18,12,2021-03-12,496.65,780,0.48,Current,0
LN700850,CUST100927,Personal,29268.64,13.12,12,2025-05-08,2615.84,730,0.23,Paid Off,0
LN700851,CUST108616,Personal,20347.7,9.6,36,2025-05-07,652.75,659,0.5,Current,0
LN700852,CUST105668,Auto,18399.57,13.21,24,2022-01-17,876.57,634,0.49,Current,0
LN700853,CUST100316,Personal,8484.63,16.73,36,2022-12-24,301.36,639,0.47,Current,0
LN700854,CUST104482,Auto,5470.28,17.57,60,2022-09-20,137.63,586,0.33,Current,0
LN700855,CUST100791,Auto,15659.54,16.47,36,2023-05-19,554.18,491,0.7,Paid Off,0
LN700856,CUST110143,Personal,24756.56,16.8,12,2025-05-21,2255.57,519,0.51,Paid Off,0
LN700857,CUST104371,Personal,26084.35,8.11,24,2023-12-05,1181.03,778,0.49,Current,0
LN700858,CUST106402,Personal,20998.21,15.8,12,2024-12-13,1903.2,615,0.68,Paid Off,0
LN700859,CUST102540,Auto,13905.11,13.74,36,2025-01-12,473.49,652,0.38,Current,0
LN700860,CUST100206,Auto,15752.64,14.52,60,2021-07-03,370.8,606,0.41,Paid Off,0
LN700861,CUST108049,Personal,30492.92,9.26,36,2024-06-03,973.36,758,0.29,Current,0
LN700862,CUST106957,Personal,32597.46,10.42,48,2025-12-28,833.35,719,0.3,Current,0
LN700863,CUST104016,Auto,32185.43,11.88,36,2021-04-13,1067.17,641,0.19,Current,0
LN700864,CUST110127,Auto,1689.02,11.06,6,2023-04-25,290.65,699,0.4,Current,0
LN700865,CUST109380,Personal,16932.43,13.42,24,2025-06-27,808.34,608,0.54,Late,38
LN700866,CUST106685,Personal,5355.38,13.71,12,2022-08-15,480.11,632,0.44,Current,0
LN700867,CUST107281,Personal,22755.06,11.33,24,2022-07-27,1064.05,618,0.62,Paid Off,0
LN700868,CUST106824,Debt Consolidation,15138.9,15.44,24,2025-10-25,737.2,616,0.49,Current,0
LN700869,CUST101105,Debt Consolidation,13359.99,15.33,12,2023-01-12,1207.93,579,0.43,Paid Off,0
LN700870,CUST101954,Personal,8752.05,6,36,2022-12-24,266.25,777,0.38,Paid Off,0
LN700871,CUST108395,Personal,27724.64,13.66,24,2025-03-08,1326.69,688,0.4,Current,0
LN700872,CUST108902,BNPL,402.84,7.15,24,2023-12-03,18.06,752,0.27,Late,65
LN700873,CUST107375,Personal,30463.2,10.45,24,2025-09-25,1412.06,683,0.23,Current,0
LN700874,CUST101473,Auto,22802.87,15.41,12,2022-06-21,2062.56,600,0.48,Paid Off,0
LN700875,CUST101633,Personal,5836.29,13.2,24,2024-04-23,278.02,639,0.21,Current,0
LN700876,CUST103314,Personal,32852.74,16.55,36,2024-08-30,1163.95,507,0.46,Default,225
LN700877,CUST106154,BNPL,305.08,17.7,24,2024-01-11,15.19,581,0.38,Current,0
LN700878,CUST107268,Personal,5994.14,14.59,36,2021-09-11,206.59,646,0.39,Paid Off,0
LN700879,CUST106729,Auto,3673.21,20.16,24,2023-12-12,187.24,538,0.59,Paid Off,0
LN700880,CUST100584,Personal,24441.06,14.05,60,2024-09-02,569.33,647,0.39,Current,0
LN700881,CUST100055,Debt Consolidation,27259.43,11.99,12,2025-08-13,2421.84,696,0.27,Current,0
LN700882,CUST105403,Debt Consolidation,29350.43,11.7,12,2026-04-27,2603.63,652,0.16,Current,0
LN700883,CUST109323,BNPL,676.66,13.15,12,2023-04-26,60.49,649,0.41,Paid Off,0
LN700884,CUST108177,Personal,28279.49,17.67,36,2021-03-27,1017.7,530,0.61,Default,203
LN700885,CUST106717,Personal,11160.61,11.8,12,2022-04-27,990.56,620,0.72,Current,0
LN700886,CUST102873,Personal,33649.39,13,36,2025-02-12,1133.78,663,0.3,Current,0
LN700887,CUST102057,Debt Consolidation,7388.19,10.87,36,2022-05-11,241.43,622,0.27,Current,0
LN700888,CUST109504,Personal,28174.14,10.7,6,2022-01-05,4843.32,584,0.36,Current,0
LN700889,CUST101371,Debt Consolidation,3370.02,9.21,6,2023-08-05,576.85,734,0.27,Paid Off,0
LN700890,CUST102727,Personal,29912,11.57,36,2021-07-16,987.37,645,0.41,Current,0
LN700891,CUST107035,Auto,16594.54,12.58,12,2025-04-13,1478.91,729,0.51,Late,29
LN700892,CUST110080,Debt Consolidation,15754.03,17.77,36,2024-12-07,567.73,519,0.39,Current,0
LN700893,CUST107343,BNPL,107.53,17.54,6,2021-06-18,18.85,604,0.67,Paid Off,0
LN700894,CUST107016,Debt Consolidation,19755.87,12.06,24,2023-08-03,930.53,698,0.47,Paid Off,0
LN700895,CUST105199,Personal,13609.91,11.46,12,2025-01-13,1205.79,659,0.37,Current,0
LN700896,CUST105124,BNPL,891.32,8.25,12,2022-07-09,77.64,707,0.2,Paid Off,0
LN700897,CUST108478,BNPL,1188.86,10.35,24,2024-02-07,55.05,672,0.3,Paid Off,0
LN700898,CUST104316,Debt Consolidation,2834.43,15.67,24,2023-02-19,138.34,668,0.29,Current,0
LN700899,CUST102675,Auto,17873.67,13.94,36,2025-10-30,610.36,657,0.39,Late,25
LN700900,CUST107101,Debt Consolidation,8594.93,13.5,36,2022-08-26,291.67,644,0.32,Current,0
LN700901,CUST100418,Auto,34582.26,14.31,36,2026-01-24,1187.15,633,0.43,Current,0
LN700902,CUST109020,Personal,12410.45,14,36,2022-03-03,424.16,589,0.55,Paid Off,0
LN700903,CUST101729,Personal,11839.84,7.88,12,2021-01-24,1029.27,722,0.41,Paid Off,0
LN700904,CUST104234,Auto,26248.29,15.94,36,2024-10-22,922.03,575,0.45,Current,0
LN700905,CUST109930,BNPL,599.31,14.72,36,2025-05-27,20.69,623,0.28,Current,0
LN700906,CUST108003,BNPL,1440.51,12.13,6,2024-02-11,248.65,709,0.14,Current,0
LN700907,CUST109840,Personal,24228.39,8.21,12,2023-04-22,2109.94,756,0.48,Paid Off,0
LN700908,CUST109850,Personal,29257.42,14.32,12,2024-02-08,2631.35,559,0.55,Paid Off,0
LN700909,CUST102353,Personal,27994.71,18.02,36,2022-11-14,1012.36,623,0.37,Current,0
LN700910,CUST101323,Personal,26378.84,15.83,24,2022-02-15,1289.45,608,0.5,Paid Off,0
LN700911,CUST101944,BNPL,874.35,14.63,12,2025-10-31,78.76,644,0.51,Current,0
LN700912,CUST106338,BNPL,770.59,11.85,24,2022-01-01,36.22,677,0.28,Current,0
LN700913,CUST109530,Personal,15415.45,12.21,36,2021-10-21,513.56,741,0.34,Late,63
LN700914,CUST103248,BNPL,753.78,17.14,36,2024-03-23,26.93,562,0.44,Current,0
LN700915,CUST105850,Debt Consolidation,2475.68,6.01,24,2023-09-05,109.73,739,0.21,Paid Off,0
LN700916,CUST103811,Auto,11701.61,13.12,12,2026-04-23,1045.81,680,0.28,Current,0
LN700917,CUST104615,Personal,3565.39,12.09,24,2021-07-02,167.99,609,0.23,Paid Off,0
LN700918,CUST106002,Personal,4904.89,13.34,6,2024-12-23,849.58,650,0.27,Current,0
LN700919,CUST103541,BNPL,104.28,13.2,24,2024-07-13,4.97,616,0.41,Current,0
LN700920,CUST102845,Auto,27982.11,11.19,12,2024-02-26,2475.59,715,0.34,Paid Off,0
LN700921,CUST109023,Auto,19786.5,11.16,24,2023-10-16,923.68,657,0.09,Late,85
LN700922,CUST102610,Auto,13731.11,15.39,24,2022-11-30,668.32,631,0.32,Paid Off,0
LN700923,CUST101432,Personal,31361.87,16.66,12,2021-08-31,2855.29,559,0.62,Current,0
LN700924,CUST102913,BNPL,852.72,10.81,6,2026-03-24,146.63,671,0.33,Current,0
LN700925,CUST104361,Personal,32882.66,8.44,48,2022-03-25,809.57,733,0.32,Paid Off,0
LN700926,CUST102346,Personal,28131.74,10.47,12,2023-01-15,2479.38,736,0.25,Paid Off,0
LN700927,CUST101268,Personal,32394.52,12.91,12,2022-05-06,2892.02,680,0.15,Current,0
LN700928,CUST101809,Personal,28861.54,12.3,12,2025-04-03,2568.37,698,0.42,Current,0
LN700929,CUST108133,Personal,24847.26,11.49,36,2022-04-04,819.25,642,0.27,Paid Off,0
LN700930,CUST101914,Personal,7135.29,11.32,48,2022-06-06,185.53,608,0.44,Paid Off,0
LN700931,CUST109605,Auto,19340.26,16.14,12,2024-08-06,1756.04,527,0.47,Default,152
LN700932,CUST105404,BNPL,816.97,11.84,48,2022-06-18,21.45,647,0.69,Current,0
LN700933,CUST105674,BNPL,139.16,12.54,12,2024-02-01,12.4,678,0.42,Paid Off,0
LN700934,CUST106228,Auto,29184.74,6.21,60,2023-08-11,567.08,761,0.3,Current,0
LN700935,CUST102915,Auto,29762.65,13.07,24,2021-04-27,1415.95,617,0.56,Current,0
LN700936,CUST107751,Personal,8017.74,14.9,12,2021-07-01,723.29,624,0.53,Current,0
LN700937,CUST104423,Debt Consolidation,11733.05,8.78,24,2025-03-11,534.84,740,0.33,Current,0
LN700938,CUST106238,Personal,6648.44,16.36,24,2025-11-30,326.67,637,0.39,Current,0
LN700939,CUST100601,Personal,27459.76,13.75,12,2023-03-25,2462.3,653,0.5,Late,65
LN700940,CUST110713,Personal,33858.94,8.72,6,2026-06-03,5787.55,726,0.61,Current,0
LN700941,CUST101576,Debt Consolidation,7124.05,16.91,24,2022-11-01,351.92,553,0.54,Current,0
LN700942,CUST101832,BNPL,1058.5,15.04,12,2022-07-13,95.56,586,0.36,Late,43
LN700943,CUST103837,Debt Consolidation,23337.43,15.27,24,2025-02-22,1134.55,583,0.61,Current,0
LN700944,CUST110313,Debt Consolidation,25029.94,11.02,12,2025-05-01,2212.42,684,0.1,Paid Off,0
LN700945,CUST108253,Auto,6447.47,11.21,6,2023-07-25,1109.98,664,0.43,Paid Off,0
LN700946,CUST105843,BNPL,615.65,10.13,12,2024-01-09,54.16,727,0.5,Paid Off,0
LN700947,CUST110689,Personal,32338.42,17.42,60,2022-04-25,811.01,641,0.39,Current,0
LN700948,CUST105718,BNPL,1024.1,14.13,36,2021-11-18,35.07,597,0.43,Paid Off,0
LN700949,CUST107548,Debt Consolidation,32369.45,16.45,48,2022-01-07,924.84,633,0.53,Current,0
LN700950,CUST101762,Debt Consolidation,11068.63,10.58,24,2021-12-01,513.73,688,0.41,Current,0
LN700951,CUST109707,Personal,29894.84,11.04,6,2021-05-20,5144.13,772,0.11,Current,0
LN700952,CUST106449,Auto,22523.69,8.95,36,2024-11-10,715.72,701,0.4,Current,0
LN700953,CUST107467,Personal,7091.41,14.13,12,2025-07-11,637.15,696,0.45,Current,0
LN700954,CUST108006,Auto,25580.65,14.96,36,2024-02-27,886.26,700,0.31,Current,0
LN700955,CUST106755,Personal,18336.68,10.97,6,2023-02-25,3154.64,680,0.43,Paid Off,0
LN700956,CUST102942,Auto,26925.4,12.67,36,2025-03-13,902.95,697,0.12,Late,69
LN700957,CUST107784,BNPL,699.77,14.68,36,2024-06-16,24.15,679,0.27,Current,0
LN700958,CUST107497,Auto,32916.26,11.87,36,2021-03-06,1091.25,542,0.49,Paid Off,0
LN700959,CUST105495,Auto,28771.6,13.67,24,2021-06-04,1376.93,666,0.39,Paid Off,0
LN700960,CUST109599,Personal,25835.67,12.65,48,2024-03-19,688.63,691,0.36,Current,0
LN700961,CUST103003,Personal,4891.93,12.95,24,2023-07-07,232.46,688,0.42,Paid Off,0
LN700962,CUST102340,Auto,34855.78,7.22,12,2023-09-02,3019.49,816,0.34,Current,0
LN700963,CUST105764,Personal,21253.29,11.39,60,2023-09-27,466.24,689,0.5,Current,0
LN700964,CUST105951,Auto,16234.16,13.78,6,2023-09-04,2815.47,617,0.45,Current,0
LN700965,CUST102722,Personal,12971.83,15.78,12,2025-10-21,1175.6,598,0.38,Current,0
LN700966,CUST106490,BNPL,522.46,11.88,6,2022-03-31,90.12,506,0.39,Paid Off,0
LN700967,CUST107411,Personal,20168.29,16.93,24,2022-07-01,996.49,606,0.68,Paid Off,0
LN700968,CUST105382,Personal,22817.41,13.16,24,2022-05-18,1086.5,667,0.05,Current,0
LN700969,CUST104197,BNPL,558.3,15.65,6,2021-08-20,97.34,545,0.51,Paid Off,0
LN700970,CUST109845,BNPL,661.84,17.09,36,2021-06-15,23.63,494,0.48,Current,0
LN700971,CUST104346,BNPL,427.81,8.33,48,2025-09-12,10.51,744,0.2,Current,0
LN700972,CUST103392,Auto,25805.27,16.51,12,2026-04-06,2347.57,576,0.36,Current,0
LN700973,CUST102608,BNPL,336.37,9.76,24,2025-09-28,15.48,645,0.53,Current,0
LN700974,CUST105181,Debt Consolidation,33502.54,18.43,48,2024-09-18,991.68,451,0.62,Current,0
LN700975,CUST104799,BNPL,747.61,9.88,12,2022-08-18,65.69,756,0.4,Paid Off,0
LN700976,CUST104288,Personal,23856.31,8.41,60,2023-03-03,488.41,749,0.47,Current,0
LN700977,CUST108492,Personal,30295.5,10.92,36,2023-02-07,990.69,616,0.4,Current,0
LN700978,CUST102717,Personal,27078.95,11.33,12,2025-10-20,2397.45,705,0.48,Current,0
LN700979,CUST109765,Personal,34172.2,10.73,24,2024-05-27,1588.41,734,0.51,Current,0
LN700980,CUST108176,BNPL,853.36,17.03,36,2024-03-09,30.44,626,0.52,Current,0
LN700981,CUST109206,BNPL,604.43,9.55,12,2025-07-26,53.01,742,0.49,Current,0
LN700982,CUST109307,Personal,16682.75,10.56,36,2025-06-20,542.7,650,0.22,Current,0
LN700983,CUST108606,Personal,21701.43,7.75,24,2024-12-15,979.02,769,0.06,Current,0
LN700984,CUST103944,Personal,22355.23,18.37,12,2023-03-15,2053.47,540,0.58,Default,112
LN700985,CUST109149,Personal,31243.02,13.76,36,2022-08-11,1064.17,593,0.41,Current,0
LN700986,CUST101006,Personal,33721.87,12.76,36,2023-06-20,1132.33,645,0.47,Paid Off,0
LN700987,CUST102538,Personal,26038.31,14.83,48,2024-08-24,722.42,639,0.32,Current,0
LN700988,CUST105912,BNPL,727.54,14.5,36,2022-12-05,25.04,677,0.48,Paid Off,0
LN700989,CUST102448,BNPL,1474.27,9.66,36,2024-04-17,47.34,715,0.64,Current,0
LN700990,CUST110431,Personal,13926.91,10.99,24,2024-03-10,649.04,685,0.38,Paid Off,0
LN700991,CUST107358,Personal,29919.85,11.48,6,2022-04-26,5154.94,635,0.55,Paid Off,0
LN700992,CUST102039,Personal,26474.46,15.78,24,2025-12-28,1293.49,605,0.46,Current,0
LN700993,CUST105832,Personal,21526.33,16.03,36,2025-12-30,757.12,511,0.43,Late,34
LN700994,CUST105690,Debt Consolidation,33115.9,12.31,24,2025-08-03,1563.68,623,0.55,Late,46
LN700995,CUST103158,BNPL,1100.01,10.05,36,2026-01-29,35.52,746,0.24,Current,0
LN700996,CUST101763,Personal,27852.63,13.87,60,2025-05-03,646.21,765,0.34,Current,0
LN700997,CUST101233,Personal,1975.69,14.81,12,2022-02-13,178.15,584,0.41,Current,0
LN700998,CUST108835,BNPL,1437.71,13.85,12,2022-09-17,128.99,575,0.35,Current,0
LN700999,CUST101404,BNPL,541.33,16.96,12,2026-05-31,49.36,572,0.43,Current,0
LN701000,CUST103249,BNPL,1173.31,10.79,48,2021-01-29,30.21,629,0.55,Paid Off,0
LN701001,CUST109584,Personal,6014.36,12.66,6,2025-08-18,1039.73,633,0.3,Current,0
LN701002,CUST110833,Personal,10232.73,12.55,36,2021-04-21,342.57,666,0.44,Paid Off,0
LN701003,CUST110398,Personal,6335.58,8.64,6,2022-09-09,1082.7,647,0.22,Late,70
LN701004,CUST102018,Debt Consolidation,24159.13,9.32,48,2021-12-02,604.88,725,0.23,Current,0
LN701005,CUST107103,Personal,25717.1,12.27,24,2024-03-19,1213.84,641,0.3,Current,0
LN701006,CUST107803,Personal,23124.56,7.68,6,2026-06-08,3940.88,681,0.51,Current,0
LN701007,CUST100341,Auto,22695.9,7.32,24,2025-04-12,1019.45,684,0.55,Current,0
LN701008,CUST104320,Debt Consolidation,1597.99,15.88,12,2025-09-10,144.9,611,0.49,Current,0
LN701009,CUST108996,Debt Consolidation,14703.58,11.04,24,2026-04-05,685.58,615,0.46,Current,0
LN701010,CUST105992,BNPL,1380.88,9.18,36,2024-02-04,44.03,653,0.44,Current,0
LN701011,CUST100639,Debt Consolidation,24069.3,5.67,24,2024-02-29,1063.19,807,0.35,Current,0
LN701012,CUST104323,Debt Consolidation,29419.93,8.61,36,2025-05-07,930.22,789,0.31,Current,0
LN701013,CUST105586,Personal,2389.33,10.08,36,2024-03-20,77.19,687,0.4,Current,0
LN701014,CUST107088,Personal,25605.5,11.6,36,2023-04-25,845.59,655,0.6,Default,109
LN701015,CUST110181,Auto,16536.49,17.64,60,2021-08-22,416.69,547,0.52,Current,0
LN701016,CUST106146,Personal,9762.12,17.21,12,2026-06-18,891.32,652,0.48,Current,0
LN701017,CUST100273,Auto,2559.89,15.25,12,2023-09-07,231.35,562,0.44,Paid Off,0
LN701018,CUST107564,Debt Consolidation,8636.14,13.7,24,2023-09-27,413.42,626,0.44,Paid Off,0
LN701019,CUST104600,Auto,25241.76,13.5,6,2024-09-18,4374.15,723,0.2,Current,0
LN701020,CUST106241,Personal,34488.07,13.4,12,2025-11-26,3086.86,741,0.4,Current,0
LN701021,CUST107576,Debt Consolidation,22840.48,11.6,36,2021-12-22,754.27,657,0.44,Current,0
LN701022,CUST102945,Personal,8143.79,11.74,60,2025-08-09,180.09,705,0.33,Current,0
LN701023,CUST106999,Personal,20926.14,12.76,24,2021-06-25,992.51,668,0.24,Current,0
LN701024,CUST109150,Debt Consolidation,3849.44,7.27,24,2023-12-06,172.82,699,0.36,Current,0
LN701025,CUST105905,BNPL,997.63,11.25,60,2023-11-30,21.82,662,0.35,Current,0
LN701026,CUST106505,Personal,13301.42,15.68,36,2021-10-17,465.54,598,0.28,Current,0
LN701027,CUST100760,Auto,9264.82,15.31,24,2023-02-12,450.59,659,0.46,Current,0
LN701028,CUST106699,Personal,6449.3,13.73,36,2025-10-11,219.58,636,0.6,Current,0
LN701029,CUST101594,Personal,24330.32,13.88,24,2023-08-28,1166.79,618,0.43,Late,52
LN701030,CUST102711,Debt Consolidation,12195.05,14.88,12,2022-07-16,1100.01,579,0.6,Paid Off,0
LN701031,CUST100437,Personal,25901.8,13.58,24,2024-09-27,1238.49,660,0.27,Current,0
LN701032,CUST110657,Debt Consolidation,9480.46,12.62,36,2025-02-08,317.7,647,0.27,Current,0
LN701033,CUST104890,Auto,26991.84,13.32,24,2021-02-16,1287.3,736,0.34,Paid Off,0
LN701034,CUST102186,Debt Consolidation,12107.02,10.02,36,2023-06-13,390.77,746,0.43,Current,0
LN701035,CUST107357,Auto,27557.33,12.02,6,2025-02-18,4755.24,636,0.57,Paid Off,0
LN701036,CUST101147,BNPL,1390.93,14.12,36,2023-03-22,47.62,517,0.39,Current,0
LN701037,CUST102342,Personal,13602.34,11.77,24,2022-05-23,638.85,705,0.16,Current,0
LN701038,CUST109904,BNPL,339.26,8.88,12,2023-10-30,29.65,709,0.33,Current,0
LN701039,CUST104381,BNPL,873.77,11.16,48,2026-05-13,22.65,621,0.65,Current,0
LN701040,CUST103890,Personal,3167.67,17.56,24,2024-10-17,157.47,526,0.64,Default,155
LN701041,CUST108179,BNPL,1385.28,11.34,12,2025-07-13,122.65,705,0.4,Current,0
LN701042,CUST105487,Debt Consolidation,14046.89,7.64,48,2023-08-07,340.56,611,0.37,Late,42
LN701043,CUST106623,BNPL,153.94,6.94,36,2024-07-02,4.75,750,0.35,Current,0
LN701044,CUST107396,Debt Consolidation,29313.62,12.6,12,2023-10-31,2612.71,581,0.29,Late,31
LN701045,CUST103196,Personal,24078.81,16.36,12,2025-07-12,2188.8,570,0.42,Default,234
LN701046,CUST110499,Personal,1591.99,9.12,48,2021-08-27,39.71,687,0.27,Late,45
LN701047,CUST109202,Personal,24842.42,19.21,24,2025-05-11,1254.81,593,0.54,Current,0
LN701048,CUST101079,Personal,3128.38,9.38,36,2025-08-20,100.04,674,0.47,Late,73
LN701049,CUST100381,Debt Consolidation,34703.09,17.21,12,2022-07-01,3168.55,599,0.44,Paid Off,0
LN701050,CUST101112,Personal,22986.91,11.76,12,2025-02-15,2039.78,589,0.59,Late,64
LN701051,CUST100016,Auto,12664.6,7.37,36,2026-05-30,393.19,758,0.41,Current,0
LN701052,CUST100203,Personal,27501.1,18.2,48,2022-04-19,810.72,569,0.73,Current,0
LN701053,CUST107888,Personal,23947.48,10.54,12,2024-03-25,2111.38,615,0.41,Paid Off,0
LN701054,CUST102912,Auto,14703.11,8.2,12,2025-02-19,1280.36,729,0.4,Current,0
LN701055,CUST103607,Personal,20408.86,12.05,12,2022-10-02,1813.78,690,0.4,Paid Off,0
LN701056,CUST107295,Personal,2315.29,14.07,24,2025-12-18,111.24,632,0.55,Late,73
LN701057,CUST110484,Personal,17890.5,6.86,48,2025-05-09,427.25,758,0.31,Current,0
LN701058,CUST101020,Auto,14181.8,8.48,24,2022-03-17,644.51,751,0.15,Paid Off,0
LN701059,CUST105574,Debt Consolidation,32629.49,11.19,24,2022-03-23,1523.67,697,0.37,Late,53
LN701060,CUST110508,Personal,22841.17,8.06,36,2026-05-27,716.39,777,0.22,Current,0
LN701061,CUST105855,Auto,2242.21,13.43,24,2021-07-10,107.05,635,0.56,Paid Off,0
LN701062,CUST108579,BNPL,1355.5,16.63,60,2026-03-16,33.42,684,0.41,Current,0
LN701063,CUST101709,Auto,29092.89,12.24,24,2023-01-10,1372.77,658,0.56,Default,191
LN701064,CUST101096,Debt Consolidation,17764.66,16.34,12,2022-08-18,1614.66,587,0.49,Paid Off,0
LN701065,CUST107581,BNPL,602.21,11.94,24,2023-06-01,28.33,754,0.57,Current,0
LN701066,CUST104954,Personal,14575.77,11.83,36,2025-05-17,482.94,646,0.49,Current,0
LN701067,CUST108492,Personal,17681.15,11.13,60,2023-02-07,385.58,616,0.38,Current,0
LN701068,CUST104611,Auto,9478.77,12.82,12,2024-03-24,845.82,682,0.44,Current,0
LN701069,CUST101777,Debt Consolidation,19812.27,16.78,48,2023-04-06,569.43,573,0.47,Current,0
LN701070,CUST106740,Personal,7843.53,10.44,60,2021-06-23,168.36,679,0.23,Current,0
LN701071,CUST108141,Personal,26258.29,14.94,36,2021-08-09,909.48,654,0.44,Paid Off,0
LN701072,CUST102108,Personal,33537.05,12.07,6,2021-07-19,5787.92,711,0.42,Late,66
LN701073,CUST101887,BNPL,1427.8,19.49,36,2022-07-02,52.69,552,0.33,Paid Off,0
LN701074,CUST106753,Personal,24747.96,17.2,6,2023-02-10,4334.03,509,0.44,Default,206
LN701075,CUST108121,Auto,25342.66,13.41,24,2025-06-30,1209.72,621,0.23,Current,0
LN701076,CUST106469,Debt Consolidation,10742.29,12.05,36,2021-12-13,357.05,640,0.34,Current,0
LN701077,CUST103376,Personal,29277.83,12.35,60,2023-10-05,656.46,702,0.53,Current,0
LN701078,CUST110205,Personal,27334.14,12.43,48,2026-03-20,725.6,594,0.52,Current,0
LN701079,CUST101087,Personal,30928.3,17.18,36,2023-12-25,1105.45,671,0.6,Current,0
LN701080,CUST100446,Debt Consolidation,25620.62,14.74,36,2025-02-20,884.89,615,0.4,Late,53
LN701081,CUST110535,Auto,24505.13,17.77,12,2024-04-27,2243.95,651,0.58,Default,214
LN701082,CUST100697,Debt Consolidation,29050.25,16.7,60,2024-06-13,717.3,602,0.43,Current,0
LN701083,CUST102069,Auto,26598.57,10.44,24,2024-12-27,1232.8,720,0.27,Current,0
LN701084,CUST101328,Personal,26911.82,16.95,48,2021-02-15,775.85,556,0.37,Late,29
LN701085,CUST105044,Debt Consolidation,21657,14.08,36,2025-02-19,741.03,619,0.34,Current,0
LN701086,CUST108596,BNPL,861.03,12.29,48,2021-11-07,22.8,615,0.6,Current,0
LN701087,CUST108535,Personal,24488.02,16.46,36,2021-11-04,866.5,525,0.47,Paid Off,0
LN701088,CUST108401,Personal,27777.07,12.87,24,2026-04-28,1318.88,636,0.58,Current,0
LN701089,CUST108506,BNPL,749.53,14.28,24,2026-04-08,36.09,631,0.59,Default,92
LN701090,CUST104991,BNPL,158.77,11.39,24,2026-06-26,7.43,588,0.66,Current,0
LN701091,CUST106391,Auto,25920.56,13.86,36,2025-04-25,884.14,536,0.56,Current,0
LN701092,CUST100361,Personal,26131.49,7.58,48,2023-11-07,632.81,803,0.53,Current,0
LN701093,CUST110162,Personal,26918.39,14.57,24,2022-07-06,1299.69,567,0.5,Paid Off,0
LN701094,CUST104678,Personal,16856.21,11.6,24,2025-04-20,790.34,639,0.24,Current,0
LN701095,CUST109801,Personal,13439.34,14.1,36,2023-06-03,459.98,669,0.05,Paid Off,0
LN701096,CUST106773,Debt Consolidation,1805.9,14.59,24,2023-09-08,87.21,620,0.5,Current,0
LN701097,CUST108768,BNPL,694.91,8.03,36,2021-02-12,21.79,756,0.3,Paid Off,0
LN701098,CUST103797,Personal,11841.53,10.46,24,2023-11-11,548.94,658,0.58,Current,0
LN701099,CUST107965,BNPL,1424.19,12.98,24,2024-01-28,67.7,672,0.52,Paid Off,0
LN701100,CUST100023,Personal,21689.09,13.11,60,2025-10-30,494.72,617,0.42,Current,0
LN701101,CUST104009,Debt Consolidation,10348.23,9.72,36,2021-10-20,332.55,660,0.07,Late,39
LN701102,CUST106974,Debt Consolidation,33531.84,16.09,12,2025-06-25,3043.8,480,0.74,Default,186
LN701103,CUST100660,Auto,24516.26,12.83,60,2023-01-03,555.69,633,0.34,Late,54
LN701104,CUST104619,BNPL,517.88,18.85,60,2026-04-14,13.39,572,0.48,Current,0
LN701105,CUST101592,BNPL,594,13.77,24,2023-01-06,28.46,686,0.37,Current,0
LN701106,CUST105166,Personal,18294.8,14.36,24,2025-09-03,881.5,630,0.61,Current,0
LN701107,CUST104641,BNPL,1078.73,13.88,24,2024-07-11,51.73,647,0.22,Current,0
LN701108,CUST103808,Personal,28561.39,14.38,36,2024-07-01,981.44,699,0.35,Current,0
LN701109,CUST100898,BNPL,1348.57,22.84,36,2023-03-01,52.09,446,0.56,Current,0
LN701110,CUST109653,Personal,31781.38,11.41,24,2024-01-01,1487.32,630,0.25,Current,0
LN701111,CUST109947,Auto,21811,15.35,36,2024-04-16,759.83,603,0.15,Current,0
LN701112,CUST103051,Personal,3372.3,12.01,24,2025-02-16,158.76,647,0.55,Current,0
LN701113,CUST110704,Auto,25643.8,10.44,24,2024-11-09,1188.55,685,0.44,Current,0
LN701114,CUST109376,Personal,7370.86,13.17,36,2021-04-14,248.96,605,0.37,Paid Off,0
LN701115,CUST102118,Personal,16556.84,9,36,2025-10-17,526.5,751,0.23,Current,0
LN701116,CUST101563,Personal,22236.18,17.56,24,2021-02-26,1105.4,580,0.47,Default,147
LN701117,CUST108551,Personal,10658.38,6.79,36,2023-11-25,328.08,743,0.46,Current,0
LN701118,CUST103475,Auto,19215.02,15.83,36,2025-07-13,673.93,630,0.41,Late,69
LN701119,CUST101163,Personal,5944.49,13.84,24,2026-06-14,284.96,637,0.23,Current,0
LN701120,CUST109365,Personal,25969.61,8.92,12,2022-05-23,2270.12,612,0.54,Paid Off,0
LN701121,CUST108201,Personal,33476.8,9.91,48,2024-02-24,847.61,671,0.08,Current,0
LN701122,CUST103066,BNPL,254.79,12.01,36,2023-08-24,8.46,668,0.57,Current,0
LN701123,CUST110887,BNPL,1245.85,14.04,12,2023-02-06,111.88,659,0.55,Paid Off,0
LN701124,CUST107813,Debt Consolidation,3725.72,7.95,24,2026-03-30,168.42,703,0.19,Current,0
LN701125,CUST102015,Personal,14837.46,13.54,36,2023-11-29,503.8,639,0.51,Current,0
LN701126,CUST104695,BNPL,506.2,18.59,24,2024-11-06,25.42,598,0.58,Default,180
LN701127,CUST110859,Personal,26259.33,15.12,24,2022-07-05,1274.72,669,0.56,Paid Off,0
LN701128,CUST102058,Debt Consolidation,31573.09,14.77,12,2023-08-21,2846.31,592,0.5,Current,0
LN701129,CUST103966,Personal,23836.82,14.96,24,2024-11-05,1155.31,585,0.58,Default,223
LN701130,CUST108218,Auto,22864.3,11.55,60,2025-07-02,503.42,689,0.22,Late,68
LN701131,CUST100351,BNPL,1073.46,13.28,60,2021-12-01,24.58,628,0.42,Current,0
LN701132,CUST102098,Debt Consolidation,3006.59,12.21,36,2026-06-18,100.16,698,0.43,Late,48
LN701133,CUST106725,Personal,16079.77,12.35,6,2026-02-09,2777.32,594,0.35,Current,0
LN701134,CUST108325,Personal,18699.62,17.34,12,2022-02-12,1708.51,628,0.53,Paid Off,0
LN701135,CUST102196,Debt Consolidation,8995.65,14.93,48,2024-11-02,250.04,558,0.41,Default,180
LN701136,CUST102052,Debt Consolidation,14824.66,13.13,6,2022-10-13,2566.26,630,0.35,Current,0
LN701137,CUST107851,Personal,15701.73,11.24,24,2025-03-05,733.57,657,0.46,Current,0
LN701138,CUST105232,Personal,10761.23,7.05,12,2025-10-09,931.38,753,0.2,Current,0
LN701139,CUST109911,Personal,2957.25,13.23,6,2026-02-07,512.07,687,0.5,Late,82
LN701140,CUST100675,Personal,27317.01,11.89,6,2023-08-24,4712.02,707,0.22,Current,0
LN701141,CUST107479,Personal,5697.42,12.03,36,2022-12-07,189.32,709,0.42,Late,65
LN701142,CUST110655,Debt Consolidation,7743.42,11.86,12,2025-03-09,687.49,705,0.39,Current,0
LN701143,CUST105858,Debt Consolidation,7348.86,12.19,24,2025-12-20,346.59,628,0.55,Current,0
LN701144,CUST108050,BNPL,764.89,8.18,36,2021-02-15,24.03,726,0.44,Paid Off,0
LN701145,CUST105583,Personal,18077.97,13.21,24,2025-08-31,861.24,660,0.43,Current,0
LN701146,CUST106571,BNPL,612.42,14.43,24,2021-08-10,29.53,545,0.52,Current,0
LN701147,CUST104712,Personal,27005.46,10.82,36,2026-03-23,881.82,645,0.41,Current,0
LN701148,CUST109188,BNPL,872.84,14.69,36,2025-06-01,30.12,618,0.65,Current,0
LN701149,CUST103874,Personal,29757.56,14.28,36,2026-01-02,1021.09,672,0.32,Current,0
LN701150,CUST106748,Personal,6603.36,16.55,24,2022-08-05,325.06,624,0.34,Paid Off,0
LN701151,CUST109307,Personal,29032.14,13.62,6,2023-08-22,5032.71,650,0.34,Current,0
LN701152,CUST110030,Personal,28965.51,11.87,60,2023-05-08,642.42,658,0.32,Current,0
LN701153,CUST101947,BNPL,602.59,11.52,36,2021-09-09,19.88,609,0.32,Paid Off,0
LN701154,CUST108371,Personal,8170.6,11.24,12,2024-03-11,723.05,689,0.33,Current,0
LN701155,CUST106394,Personal,12906.08,11.54,36,2024-09-10,425.84,737,0.54,Current,0
LN701156,CUST109874,BNPL,1083.89,11.25,6,2026-06-21,186.62,712,0.19,Current,0
LN701157,CUST103824,BNPL,1264.16,11.21,48,2025-04-14,32.8,623,0.44,Current,0
LN701158,CUST103328,Debt Consolidation,32560.63,14.87,6,2025-10-24,5664.55,524,0.32,Current,0
LN701159,CUST104527,Auto,22632.56,14.64,24,2023-03-07,1093.51,573,0.52,Current,0
LN701160,CUST106032,Personal,2811.45,16.01,36,2023-12-31,98.86,506,0.68,Default,179
LN701161,CUST103105,Personal,31147.68,12.33,24,2021-08-10,1471.03,687,0.27,Current,0
LN701162,CUST106112,Personal,29471.25,14.17,36,2022-05-25,1009.69,597,0.49,Current,0
LN701163,CUST102363,Debt Consolidation,3752.98,15.88,60,2022-08-25,91.03,588,0.35,Current,0
LN701164,CUST102623,Personal,24671.41,13.45,24,2026-01-10,1178.15,654,0.2,Current,0
LN701165,CUST101861,BNPL,567.35,13.8,36,2023-07-11,19.34,591,0.3,Paid Off,0
LN701166,CUST101648,BNPL,825.64,15.49,24,2026-03-20,40.22,656,0.47,Current,0
LN701167,CUST108456,BNPL,1324.56,13.39,24,2022-04-15,63.21,631,0.38,Current,0
LN701168,CUST101966,Personal,32308.08,12.69,48,2021-08-24,861.78,657,0.32,Default,174
LN701169,CUST109975,Personal,7501.91,12.38,24,2024-08-25,354.47,685,0.45,Current,0
LN701170,CUST106087,Auto,14519.86,8.8,24,2024-04-07,662,675,0.57,Current,0
LN701171,CUST106308,Personal,30943.95,14.86,12,2024-08-09,2790.9,612,0.49,Current,0
LN701172,CUST108142,Auto,13351.29,13.31,12,2026-03-16,1194.44,593,0.41,Current,0
LN701173,CUST103182,Auto,33640.16,9.94,24,2022-10-19,1551.39,695,0.34,Current,0
LN701174,CUST106301,Auto,6945.1,15.71,24,2024-11-12,339.09,607,0.54,Current,0
LN701175,CUST106830,BNPL,743.97,12.38,24,2022-05-15,35.15,566,0.81,Default,95
LN701176,CUST109385,BNPL,503.18,11.53,36,2024-05-07,16.6,765,0.45,Current,0
LN701177,CUST109597,Debt Consolidation,17952.3,13.41,36,2021-06-13,608.44,630,0.45,Current,0
LN701178,CUST110218,Personal,11670.42,10.7,36,2021-03-26,380.42,674,0.37,Paid Off,0
LN701179,CUST109483,Personal,14460.17,7.63,36,2021-02-22,450.67,751,0.42,Paid Off,0
LN701180,CUST103405,Personal,5377.89,13.59,36,2022-02-21,182.73,596,0.47,Current,0
LN701181,CUST107355,Personal,2445.77,17.28,12,2022-05-17,223.39,533,0.31,Current,0
LN701182,CUST103224,Personal,13836.68,17.77,24,2022-05-01,689.25,593,0.45,Paid Off,0
LN701183,CUST101251,Personal,9741.47,9.97,24,2025-10-29,449.38,674,0.42,Current,0
LN701184,CUST102112,Debt Consolidation,17402.58,11.37,36,2023-01-27,572.79,631,0.52,Current,0
LN701185,CUST100295,BNPL,846.45,11.43,48,2025-12-21,22.05,646,0.3,Current,0
LN701186,CUST109042,Auto,12110.41,11.15,48,2024-06-25,313.88,579,0.6,Current,0
LN701187,CUST101626,BNPL,1403.78,12.53,60,2021-05-08,31.6,762,0.35,Paid Off,0
LN701188,CUST103132,BNPL,672.34,13.38,36,2026-06-22,22.78,669,0.4,Current,0
LN701189,CUST110432,Personal,13288.91,14.57,36,2024-11-10,457.87,598,0.49,Current,0
LN701190,CUST103357,Auto,11580.55,16.84,12,2024-12-23,1055.32,570,0.52,Late,18
LN701191,CUST102993,Personal,7321.14,12.84,24,2024-06-12,347.51,702,0.28,Paid Off,0
LN701192,CUST107747,Personal,23276.37,12.71,36,2025-10-07,781.03,705,0.61,Current,0
LN701193,CUST103714,Auto,17950.16,11.04,48,2025-12-07,464.28,684,0.07,Current,0
LN701194,CUST108683,BNPL,399.65,11.43,48,2023-02-15,10.41,655,0.45,Late,72
LN701195,CUST108054,Personal,12752.75,11.32,36,2024-01-12,419.44,704,0.55,Default,204
LN701196,CUST108140,BNPL,678.09,16.08,60,2023-11-04,16.52,644,0.31,Current,0
LN701197,CUST100291,Auto,26614.08,14.98,36,2023-11-15,922.33,594,0.36,Current,0
LN701198,CUST104016,Auto,11364.6,12.52,6,2024-10-08,1963.86,641,0.35,Late,57
LN701199,CUST103743,Debt Consolidation,15130.27,10.32,60,2024-07-15,323.86,764,0.28,Current,0
LN701200,CUST100107,Personal,24391.7,12.1,12,2026-05-02,2168.31,724,0.35,Current,0
LN701201,CUST101088,Debt Consolidation,3324.71,8.9,60,2026-04-06,68.85,634,0.26,Current,0
LN701202,CUST102506,Auto,8502.17,13.08,24,2022-03-30,404.53,723,0.25,Paid Off,0
LN701203,CUST105849,Debt Consolidation,3565.09,12.08,36,2024-03-12,118.55,577,0.38,Current,0
LN701204,CUST108060,BNPL,1401.9,13.69,24,2021-07-17,67.1,645,0.38,Paid Off,0
LN701205,CUST109615,Personal,5726.98,14.74,12,2021-04-26,516.21,619,0.43,Current,0
LN701206,CUST108049,Personal,8241.87,8.61,24,2024-12-19,375.05,758,0.2,Current,0
LN701207,CUST110228,Auto,20894.99,13.56,36,2022-05-22,709.68,607,0.28,Late,51
LN701208,CUST105358,Debt Consolidation,15119.38,10.96,36,2021-04-21,494.7,656,0.32,Late,21
LN701209,CUST102415,Personal,15990.73,12.23,24,2022-06-30,754.46,653,0.11,Paid Off,0
LN701210,CUST104726,Personal,25802.25,13.64,12,2021-11-26,2312.34,656,0.36,Current,0
LN701211,CUST109848,Auto,4014.27,14.98,24,2026-03-07,194.6,591,0.51,Current,0
LN701212,CUST101588,Personal,24841.07,5.79,36,2023-03-02,753.35,727,0.65,Paid Off,0
LN701213,CUST107647,BNPL,625.62,14.37,24,2025-12-20,30.15,562,0.47,Default,92
LN701214,CUST109118,Auto,20532.65,17.27,24,2022-08-01,1017.85,553,0.55,Default,200
LN701215,CUST103858,Debt Consolidation,21160.58,14.16,24,2021-03-26,1017.58,633,0.57,Current,0
LN701216,CUST104558,Personal,32728.97,14.45,12,2024-03-31,2945.57,623,0.46,Current,0
LN701217,CUST101262,Personal,29501.9,12.27,24,2025-07-25,1392.48,641,0.25,Current,0
LN701218,CUST100073,Personal,30581.4,11.05,48,2026-02-05,791.14,720,0.58,Current,0
LN701219,CUST106636,Personal,16805.45,11.67,36,2026-02-09,555.54,583,0.47,Default,158
LN701220,CUST107527,Personal,17158.56,11.59,36,2021-07-23,566.56,673,0.52,Current,0
LN701221,CUST104065,BNPL,493.58,18.84,6,2025-07-23,86.84,581,0.3,Paid Off,0
LN701222,CUST105454,BNPL,597.41,12.35,6,2021-01-18,103.19,679,0.35,Paid Off,0
LN701223,CUST109082,BNPL,1425.1,13.52,48,2022-09-08,38.6,624,0.51,Current,0
LN701224,CUST101232,BNPL,563.11,11.77,24,2021-01-30,26.45,611,0.48,Current,0
LN701225,CUST102119,Personal,32993.39,12.25,12,2023-07-08,2935.28,697,0.43,Paid Off,0
LN701226,CUST104887,BNPL,781.33,13.63,24,2021-03-07,37.38,687,0.38,Late,52
LN701227,CUST105546,Debt Consolidation,28774.34,14.68,48,2021-04-18,796.15,623,0.49,Paid Off,0
LN701228,CUST104655,Personal,32862.81,14.19,12,2024-12-26,2953.6,707,0.29,Current,0
LN701229,CUST100219,Debt Consolidation,18024.59,11.56,24,2024-11-30,844.78,680,0.15,Current,0
LN701230,CUST106715,Debt Consolidation,5302.1,7.75,6,2024-02-17,903.77,751,0.48,Current,0
LN701231,CUST102905,BNPL,298.36,14.28,6,2025-02-27,51.82,609,0.49,Paid Off,0
LN701232,CUST108554,Personal,13462.35,12.01,24,2022-07-24,633.78,642,0.43,Paid Off,0
LN701233,CUST107066,Personal,8250.52,8.59,48,2023-04-21,203.71,772,0.22,Current,0
LN701234,CUST103787,BNPL,247.98,9.68,48,2026-05-30,6.25,753,0.08,Current,0
LN701235,CUST107147,Personal,27720.5,15.32,12,2021-08-31,2506.19,612,0.36,Current,0
LN701236,CUST107864,Personal,3443.78,11.64,36,2022-09-25,113.79,685,0.35,Current,0
LN701237,CUST109223,Auto,4182.39,14.17,36,2022-03-02,143.29,515,0.5,Default,106
LN701238,CUST104644,BNPL,974.96,12.94,6,2024-08-19,168.68,686,0.25,Late,22
LN701239,CUST110519,BNPL,1267.46,10.06,24,2025-01-08,58.52,633,0.27,Current,0
LN701240,CUST103015,Debt Consolidation,5758.27,11.22,24,2024-01-23,268.97,629,0.59,Current,0
LN701241,CUST110406,Personal,10270.39,13.47,36,2025-10-19,348.38,607,0.45,Current,0
LN701242,CUST110056,BNPL,544.74,10.03,12,2025-01-09,47.9,771,0.37,Current,0
LN701243,CUST105133,BNPL,1493.55,12.92,24,2025-07-06,70.95,636,0.53,Current,0
LN701244,CUST110069,Personal,19297,14.71,12,2024-04-19,1739.08,616,0.42,Current,0
LN701245,CUST108153,BNPL,246.93,10.12,60,2025-07-01,5.26,667,0.39,Current,0
LN701246,CUST110751,Auto,15388.34,14.61,12,2024-10-13,1386.1,564,0.5,Late,79
LN701247,CUST105715,Debt Consolidation,32572.32,18.17,36,2023-01-22,1180.35,540,0.35,Late,61
LN701248,CUST101889,BNPL,397.08,15.28,36,2023-09-07,13.82,513,0.78,Current,0
LN701249,CUST109669,Personal,12778.74,8.48,36,2025-12-24,403.27,748,0.32,Current,0
LN701250,CUST105778,Personal,9484.55,13.39,36,2021-10-28,321.36,595,0.47,Paid Off,0
LN701251,CUST108219,Personal,34065.31,16.06,24,2025-11-24,1668.92,614,0.45,Default,182
LN701252,CUST103155,Auto,26959.09,14.35,48,2022-03-14,741.44,603,0.44,Current,0
LN701253,CUST104908,Personal,6024.05,13.49,12,2023-10-13,539.44,628,0.5,Paid Off,0
LN701254,CUST106840,Auto,20130.2,14.15,36,2025-11-22,689.47,604,0.35,Late,25
LN701255,CUST110293,Personal,12085.24,10.24,12,2024-06-09,1063.83,684,0.46,Current,0
LN701256,CUST110986,BNPL,1119.35,13.66,12,2023-08-10,100.32,617,0.35,Paid Off,0
LN701257,CUST104378,Personal,2279.36,9.61,12,2026-05-22,199.98,653,0.23,Current,0
LN701258,CUST106446,Auto,18301.36,12.39,12,2025-12-21,1629.39,701,0.33,Current,0
LN701259,CUST105624,Auto,27027.23,18.01,48,2025-01-01,794.07,503,0.49,Default,91
LN701260,CUST109015,Auto,6713.89,14.95,24,2021-09-14,325.37,604,0.23,Paid Off,0
LN701261,CUST103291,BNPL,347.07,12.23,12,2022-12-27,30.87,661,0.43,Late,32
LN701262,CUST104484,BNPL,1407.98,14.83,36,2024-07-07,48.69,601,0.57,Current,0
LN701263,CUST107260,Auto,30426.62,12.14,36,2024-04-05,1012.63,679,0.39,Current,0
LN701264,CUST102704,BNPL,798.19,14.1,12,2025-10-23,71.7,618,0.74,Current,0
LN701265,CUST109831,Personal,17274.39,11.05,24,2026-04-21,805.52,656,0.56,Current,0
LN701266,CUST109970,BNPL,987.35,15.38,36,2023-10-07,34.41,526,0.32,Late,37
LN701267,CUST104315,Personal,29114.86,16.76,12,2023-04-16,2652.1,535,0.59,Default,116
LN701268,CUST108479,Personal,31303.03,14.16,48,2025-06-21,857.92,628,0.25,Current,0
LN701269,CUST107262,Personal,18733.25,17.06,36,2022-04-18,668.45,636,0.35,Paid Off,0
LN701270,CUST107221,Debt Consolidation,26175.61,12.08,36,2023-01-31,870.41,633,0.6,Current,0
LN701271,CUST104994,Debt Consolidation,16374.63,11.34,12,2024-05-01,1449.82,658,0.45,Paid Off,0
LN701272,CUST102742,Personal,13177.15,12.62,6,2021-10-14,2277.73,571,0.6,Paid Off,0
LN701273,CUST107613,Personal,17671.3,8.52,36,2025-05-17,558,661,0.64,Current,0
LN701274,CUST107533,Personal,8270.26,14.54,24,2024-07-12,399.19,645,0.52,Current,0
LN701275,CUST109677,Debt Consolidation,15069.47,11.54,36,2021-08-28,497.22,689,0.43,Paid Off,0
LN701276,CUST107952,Auto,34703.18,11.51,12,2026-01-04,3075.39,654,0.47,Current,0
LN701277,CUST108752,Personal,21018.43,15.11,24,2023-05-15,1020.21,579,0.63,Current,0
LN701278,CUST104972,Auto,32878.7,13.04,24,2026-02-16,1563.73,662,0.67,Current,0
LN701279,CUST108285,Auto,21945.61,11.26,24,2025-03-22,1025.49,732,0.53,Current,0
LN701280,CUST101577,Personal,11587.88,14.93,24,2022-07-08,561.47,592,0.35,Paid Off,0
LN701281,CUST108415,Personal,3161.49,10.98,36,2024-08-18,103.47,666,0.61,Default,98
LN701282,CUST100363,Auto,20663.89,10.48,24,2023-11-11,958.12,665,0.42,Paid Off,0
LN701283,CUST106516,Auto,15196.06,15.24,36,2022-01-08,528.56,603,0.55,Paid Off,0
LN701284,CUST109200,Personal,13396.11,13.02,36,2026-06-12,451.5,643,0.19,Current,0
LN701285,CUST104832,Auto,14017.58,14.68,36,2026-06-09,483.73,630,0.46,Current,0
LN701286,CUST108083,Auto,6787.42,12.37,36,2024-09-10,226.64,658,0.48,Current,0
LN701287,CUST101855,Auto,7495.07,15.02,36,2022-11-05,259.89,676,0.24,Paid Off,0
LN701288,CUST102709,Auto,26772.82,12.85,48,2023-09-28,716.26,656,0.49,Current,0
LN701289,CUST107811,Personal,29980.86,8.86,24,2024-06-23,1367.74,718,0.35,Current,0
LN701290,CUST103899,Personal,33378.24,9.13,12,2021-02-02,2920.99,728,0.27,Current,0
LN701291,CUST101772,Personal,24481.29,10.93,12,2025-08-06,2162.9,589,0.46,Default,173
LN701292,CUST110940,Personal,29379.91,12.1,36,2024-04-04,977.24,555,0.46,Default,153
LN701293,CUST105741,Personal,9873.42,13.24,36,2023-08-17,333.82,601,0.73,Current,0
LN701294,CUST100006,Personal,13902.8,14.41,60,2024-09-11,326.46,559,0.33,Late,79
LN701295,CUST103846,BNPL,156.02,10.54,48,2021-12-10,4,758,0.34,Current,0
LN701296,CUST100105,Personal,11259.1,9.42,36,2024-02-27,360.24,617,0.41,Current,0
LN701297,CUST106927,Auto,20294.96,14.55,36,2021-03-15,699.07,616,0.5,Paid Off,0
LN701298,CUST109267,BNPL,1232.49,12.4,36,2023-05-18,41.17,683,0.42,Late,57
LN701299,CUST105891,BNPL,1234.55,9.08,6,2022-11-16,211.24,672,0.38,Current,0
LN701300,CUST100924,BNPL,1228.04,15.15,36,2023-04-11,42.66,609,0.27,Current,0
LN701301,CUST103511,Debt Consolidation,18548.73,18.22,36,2021-07-23,672.63,583,0.51,Paid Off,0
LN701302,CUST108023,Personal,3001.1,11.02,36,2022-06-13,98.28,683,0.5,Late,28
LN701303,CUST107380,Personal,33061.33,14.4,36,2022-08-14,1136.39,614,0.38,Paid Off,0
LN701304,CUST100033,BNPL,420.74,12.35,24,2024-01-16,19.87,649,0.36,Current,0
LN701305,CUST100846,BNPL,441.6,13.57,48,2022-06-23,11.97,714,0.68,Paid Off,0
LN701306,CUST108163,Personal,22280.01,11.27,36,2023-10-27,732.27,720,0.15,Current,0
LN701307,CUST109825,Auto,17951.95,13.68,24,2026-02-27,859.21,648,0.5,Current,0
LN701308,CUST109120,Auto,3074.9,9.93,36,2025-10-18,99.12,688,0.22,Late,87
LN701309,CUST107656,Personal,11152.87,12.57,48,2022-08-15,296.83,625,0.61,Current,0
LN701310,CUST110978,Personal,16795.05,11.85,24,2022-04-16,789.43,605,0.54,Paid Off,0
LN701311,CUST102545,Personal,30567.03,16.08,60,2024-10-03,744.63,545,0.46,Default,184
LN701312,CUST104861,Auto,7840.71,15.42,24,2022-02-24,381.74,601,0.51,Paid Off,0
LN701313,CUST106891,Personal,10733.63,8.16,36,2024-06-28,337.15,684,0.6,Current,0
LN701314,CUST106465,Debt Consolidation,8933.88,9.77,6,2023-03-26,1531.7,681,0.25,Current,0
LN701315,CUST109101,Auto,6431.02,10.62,36,2021-03-17,209.39,690,0.4,Current,0
LN701316,CUST103982,BNPL,1194.18,11.06,36,2025-08-03,39.13,650,0.21,Current,0
LN701317,CUST109919,BNPL,1425.4,11.34,48,2025-02-06,37.08,631,0.42,Current,0
LN701318,CUST107377,Personal,8718.05,12.87,36,2022-05-22,293.2,651,0.5,Paid Off,0
LN701319,CUST109033,Personal,28572.54,8.5,12,2024-11-26,2492.09,717,0.22,Paid Off,0
LN701320,CUST104571,Auto,28173.78,11.77,12,2026-02-06,2500.18,619,0.41,Current,0
LN701321,CUST101338,BNPL,452.35,4.51,12,2021-09-19,38.62,782,0.37,Paid Off,0
LN701322,CUST106736,BNPL,1051.2,12.62,48,2024-12-11,28,551,0.69,Default,248
LN701323,CUST109965,BNPL,491.19,10.04,6,2021-11-07,84.28,689,0.27,Late,36
LN701324,CUST109957,BNPL,377.73,10.24,36,2021-12-03,12.23,754,0.11,Late,49
LN701325,CUST110900,Debt Consolidation,29302.81,14.6,36,2022-08-01,1010.06,644,0.29,Paid Off,0
LN701326,CUST107117,Personal,6394.63,16.52,12,2024-12-20,581.76,611,0.32,Paid Off,0
LN701327,CUST102101,BNPL,609.01,10.71,24,2026-04-27,28.3,685,0.27,Current,0
LN701328,CUST102236,Personal,6838.02,13.14,48,2026-05-31,183.92,753,0.32,Current,0
LN701329,CUST102862,Personal,32556.21,8.26,48,2025-10-01,798.77,807,0.42,Current,0
LN701330,CUST107420,Auto,12458.25,18.13,60,2026-01-07,317.24,392,0.56,Default,205
LN701331,CUST110916,Personal,30898.76,9.22,12,2024-11-13,2705.3,691,0.45,Paid Off,0
LN701332,CUST108486,BNPL,1366.24,13.75,24,2026-04-26,65.44,633,0.45,Current,0
LN701333,CUST106825,Debt Consolidation,2067.14,10.5,12,2022-02-21,182.22,681,0.24,Current,0
LN701334,CUST109210,BNPL,349.57,13.88,12,2022-07-18,31.37,575,0.31,Paid Off,0
LN701335,CUST100927,Auto,30263.52,8.85,12,2025-12-31,2644.48,730,0.47,Current,0
LN701336,CUST103577,Personal,23482.91,17.81,12,2021-11-06,2150.79,522,0.38,Paid Off,0
LN701337,CUST107209,Personal,12084.67,10.28,24,2024-08-22,559.21,688,0.35,Late,31
LN701338,CUST104214,Auto,28817.48,10.83,6,2024-09-16,4955.76,671,0.32,Paid Off,0
LN701339,CUST105704,Personal,22853.09,17.01,36,2024-03-26,814.89,604,0.41,Current,0
LN701340,CUST107226,Auto,21668.26,15.48,12,2026-06-28,1960.65,476,0.61,Current,0
LN701341,CUST107628,Auto,25755.23,12.38,36,2021-02-15,860.12,644,0.48,Paid Off,0
LN701342,CUST102759,Personal,10497.41,6.78,36,2022-09-16,323.07,745,0.15,Paid Off,0
LN701343,CUST101689,BNPL,743.9,13.32,6,2023-09-25,128.84,578,0.53,Default,228
LN701344,CUST110529,BNPL,650.94,10.34,48,2023-06-09,16.62,712,0.17,Current,0
LN701345,CUST101599,Personal,5027.5,12.05,48,2023-12-25,132.52,644,0.55,Current,0
LN701346,CUST107580,Personal,14670.99,3.9,60,2024-08-10,269.53,810,0.37,Current,0
LN701347,CUST102729,Debt Consolidation,17088.33,19.75,48,2021-02-13,517.73,560,0.39,Current,0
LN701348,CUST110509,Personal,21124.8,7.68,24,2021-06-09,952.34,782,0.28,Paid Off,0
LN701349,CUST104677,Auto,32915.16,11.43,60,2023-05-06,722.73,644,0.48,Current,0
LN701350,CUST101189,Personal,15681.61,7.52,24,2026-03-06,705.81,752,0.29,Current,0
LN701351,CUST102101,Auto,24687.47,10.8,6,2024-07-16,4245.16,685,0.29,Paid Off,0
LN701352,CUST110293,Auto,33352.24,11.11,24,2025-05-17,1556.18,684,0.37,Current,0
LN701353,CUST106663,BNPL,165.52,14.49,60,2023-09-21,3.89,603,0.45,Current,0
LN701354,CUST103216,Personal,20653.41,12.15,36,2025-07-04,687.47,635,0.51,Current,0
LN701355,CUST106843,Personal,17676.06,11.28,12,2026-06-20,1564.55,732,0.37,Current,0
LN701356,CUST109084,Personal,30510.93,12.89,60,2021-10-09,692.5,686,0.31,Current,0
LN701357,CUST106087,Auto,28970.61,13.21,36,2024-09-28,979.07,675,0.48,Current,0
LN701358,CUST106231,Personal,17683.58,17.58,24,2026-02-10,879.25,487,0.51,Default,168
LN701359,CUST100507,Personal,5589.59,13.28,12,2022-06-19,499.98,649,0.38,Current,0
LN701360,CUST102645,Auto,28274.59,10.92,24,2025-10-03,1316.77,764,0.52,Current,0
LN701361,CUST105984,Auto,7301.84,13.99,48,2025-04-05,199.5,637,0.59,Default,157
LN701362,CUST101697,Personal,21995.36,9.73,24,2023-12-16,1012.24,627,0.38,Paid Off,0
LN701363,CUST104116,Personal,8286.58,8.03,36,2025-06-26,259.79,734,0.23,Current,0
LN701364,CUST107181,Auto,17485.7,17.41,24,2023-10-14,867.98,511,0.43,Paid Off,0
LN701365,CUST102583,Personal,31945.05,10.96,24,2025-06-28,1488.3,629,0.17,Current,0
LN701366,CUST102926,Auto,10284.93,9.67,36,2024-09-03,330.27,679,0.26,Current,0
LN701367,CUST104968,Auto,8523.1,14.81,36,2024-08-30,294.66,621,0.45,Current,0
LN701368,CUST109799,Personal,23316.21,16.7,60,2021-09-12,575.71,567,0.65,Default,97
LN701369,CUST101353,Personal,31031.65,10.14,36,2025-11-09,1003.34,674,0.37,Current,0
LN701370,CUST106218,Debt Consolidation,11216.05,8.62,24,2021-03-10,510.45,692,0.68,Paid Off,0
LN701371,CUST102957,Personal,5720.34,9.24,48,2022-05-06,143,827,0.35,Paid Off,0
LN701372,CUST104579,Auto,13528.28,13.07,36,2023-11-03,456.28,659,0.41,Current,0
LN701373,CUST106157,BNPL,1230.62,12.5,12,2026-02-13,109.63,682,0.51,Current,0
LN701374,CUST100426,Debt Consolidation,26863.12,5.91,6,2026-03-06,4554.68,765,0.28,Current,0
LN701375,CUST110404,Auto,12605.46,12.14,12,2021-06-14,1120.81,706,0.32,Paid Off,0
LN701376,CUST104179,Personal,28674.19,9.94,48,2022-06-29,726.43,711,0.21,Paid Off,0
LN701377,CUST104611,Personal,9151,11.01,12,2023-12-27,808.82,682,0.45,Paid Off,0
LN701378,CUST100396,BNPL,791.3,9.31,24,2021-09-13,36.26,693,0.5,Paid Off,0
LN701379,CUST110376,BNPL,1137.67,10.87,6,2021-10-29,195.67,661,0.49,Paid Off,0
LN701380,CUST108988,Debt Consolidation,30942.37,10.78,36,2023-06-07,1009.79,596,0.32,Paid Off,0
LN701381,CUST109832,Personal,19863.74,10.4,60,2023-07-31,425.97,678,0.39,Current,0
LN701382,CUST100748,Debt Consolidation,31778.66,10.66,24,2024-08-13,1476.12,625,0.38,Current,0
LN701383,CUST107755,Personal,31953.61,13.01,36,2022-07-02,1076.8,657,0.63,Paid Off,0
LN701384,CUST104799,Auto,16153.67,6.73,12,2023-09-10,1395.71,756,0.2,Current,0
LN701385,CUST100693,Auto,27683.76,13.7,48,2022-09-08,752.34,562,0.31,Default,248
LN701386,CUST110345,Personal,8110,16.46,24,2025-07-15,398.88,583,0.43,Current,0
LN701387,CUST106195,Auto,32268.91,13.95,12,2021-08-17,2896.57,582,0.69,Default,126
LN701388,CUST106098,Auto,6365.67,13.85,24,2021-03-20,305.18,676,0.49,Default,112
LN701389,CUST109804,Debt Consolidation,16242.82,15.16,24,2024-08-02,788.8,554,0.48,Current,0
LN701390,CUST106126,Personal,27540.36,8.94,12,2024-10-11,2407.68,723,0.25,Paid Off,0
LN701391,CUST108570,Personal,20528.29,12.61,24,2023-02-18,972.2,606,0.63,Default,145
LN701392,CUST107146,Personal,8682.24,12.86,36,2025-03-30,291.95,703,0.47,Current,0
LN701393,CUST105781,Personal,5595.53,13.74,12,2024-01-25,501.72,549,0.4,Current,0
LN701394,CUST107831,Personal,29615.45,18.16,36,2022-10-12,1073.05,513,0.41,Default,146
LN701395,CUST105506,Personal,9826.13,8.85,36,2025-08-29,311.78,676,0.42,Current,0
LN701396,CUST105554,Personal,33508.1,8.49,24,2025-10-19,1522.98,668,0.2,Current,0
LN701397,CUST103534,Auto,19417.46,12.37,24,2026-02-04,917.41,623,0.21,Current,0
LN701398,CUST104585,BNPL,1466.1,12.36,36,2026-04-05,48.95,661,0.65,Current,0
LN701399,CUST104334,BNPL,984.23,15.72,36,2025-10-16,34.47,625,0.35,Current,0
LN701400,CUST105994,Auto,32804.45,15.23,12,2023-06-12,2964.44,582,0.44,Paid Off,0
LN701401,CUST102169,Personal,5817.65,14.14,12,2025-05-22,522.73,661,0.28,Paid Off,0
LN701402,CUST108948,Auto,18849.34,13.38,48,2025-02-18,509.24,615,0.39,Late,25
LN701403,CUST103727,BNPL,878.53,19.35,36,2021-12-10,32.36,632,0.37,Current,0
LN701404,CUST107032,Personal,22694.32,4.85,6,2023-10-06,3836.07,815,0.36,Default,141
LN701405,CUST103691,BNPL,1386.01,13.53,12,2022-11-01,124.14,642,0.53,Paid Off,0
LN701406,CUST106527,Personal,16232.42,8.64,24,2025-02-15,738.9,691,0.28,Current,0
LN701407,CUST105090,Personal,30464.07,10.5,6,2023-05-21,5233.97,625,0.57,Default,225
LN701408,CUST106189,Personal,10816.64,8.1,6,2023-11-30,1845.6,768,0.31,Current,0
LN701409,CUST103873,Auto,27791.54,14.89,48,2021-08-25,771.91,695,0.28,Paid Off,0
LN701410,CUST101590,Auto,24236.98,13.49,12,2022-04-25,2170.36,575,0.35,Paid Off,0
LN701411,CUST104400,Debt Consolidation,33666.73,14.29,12,2022-07-13,3027.43,610,0.72,Paid Off,0
LN701412,CUST101137,Debt Consolidation,4113.44,14.1,24,2021-02-16,197.69,569,0.51,Current,0
LN701413,CUST108632,Auto,28473.2,9.3,12,2022-01-20,2493.99,716,0.38,Paid Off,0
LN701414,CUST101344,Personal,14955.09,14.81,36,2021-12-05,517.03,526,0.58,Default,207
LN701415,CUST108152,Personal,28754.77,12.1,6,2024-07-11,4963.01,683,0.54,Paid Off,0
LN701416,CUST104130,BNPL,536.5,11.11,24,2022-12-28,25.03,732,0.49,Paid Off,0
LN701417,CUST109452,Debt Consolidation,18380.67,4.83,36,2022-09-22,549.48,802,0.24,Late,33
LN701418,CUST109192,Debt Consolidation,10626.01,16.74,12,2023-07-17,967.83,606,0.31,Paid Off,0
LN701419,CUST106313,Auto,14114.68,15.18,24,2021-11-30,685.58,657,0.38,Current,0
LN701420,CUST110529,Personal,31728.57,13.62,24,2024-06-13,1517.69,712,0.16,Current,0
LN701421,CUST101702,Auto,18628.46,11.95,36,2025-02-21,618.29,569,0.44,Current,0
LN701422,CUST109438,BNPL,782.98,12.37,12,2021-10-24,69.7,620,0.41,Current,0
LN701423,CUST104795,Personal,16870.88,16.29,36,2026-01-12,595.55,639,0.3,Current,0
LN701424,CUST101072,BNPL,917.99,18.81,48,2022-05-01,27.36,568,0.25,Paid Off,0
LN701425,CUST110584,BNPL,163.11,17.7,12,2026-05-23,14.93,614,0.53,Current,0
LN701426,CUST101813,BNPL,640.16,7.66,36,2025-09-16,19.96,723,0.44,Current,0
LN701427,CUST101741,Auto,18061.32,14.8,48,2025-08-10,500.83,613,0.46,Current,0
LN701428,CUST109430,Personal,8071.64,5.01,6,2026-03-22,1365,832,0.32,Current,0
LN701429,CUST107817,Personal,19566.6,10.32,36,2023-06-13,634.3,712,0.49,Paid Off,0
LN701430,CUST106640,Auto,18018.58,15.67,36,2022-01-21,630.55,598,0.47,Current,0
LN701431,CUST101906,BNPL,695.03,14.63,36,2024-06-14,23.97,567,0.5,Current,0
LN701432,CUST106383,Auto,3397.42,12.57,12,2023-05-03,302.76,695,0.35,Current,0
LN701433,CUST106899,Personal,1641.2,13.44,24,2025-03-17,78.37,609,0.3,Current,0
LN701434,CUST101931,BNPL,1269.66,14.26,24,2021-09-15,61.12,710,0.3,Current,0
LN701435,CUST105709,Personal,29834.8,12,12,2025-07-21,2650.79,636,0.24,Current,0
LN701436,CUST109648,Personal,8881.48,13.89,12,2023-11-18,796.98,685,0.39,Paid Off,0
LN701437,CUST102303,Auto,13938.39,17.25,36,2024-12-06,498.68,577,0.27,Current,0
LN701438,CUST109986,Personal,14346.56,7.3,48,2024-10-29,345.55,745,0.31,Current,0
LN701439,CUST103676,Debt Consolidation,7242.39,13.2,24,2026-05-26,345,635,0.52,Current,0
LN701440,CUST109712,Personal,13987.26,12.09,48,2022-03-10,368.96,688,0.38,Current,0
LN701441,CUST104620,Debt Consolidation,18308.82,7.05,60,2022-04-23,362.97,735,0.35,Current,0
LN701442,CUST104814,Personal,28771.82,9.76,36,2024-02-04,925.15,737,0.07,Current,0
LN701443,CUST105525,Personal,9383.65,14.47,12,2026-06-06,844.61,612,0.55,Current,0
LN701444,CUST105241,Personal,31040.88,12.56,48,2023-09-16,825.99,699,0.4,Late,37
LN701445,CUST109732,Personal,8101.11,19.18,24,2023-09-16,409.07,551,0.53,Default,243
LN701446,CUST105205,Personal,4450.56,7.18,36,2023-10-05,137.79,832,0.11,Current,0
LN701447,CUST103829,Personal,10787.89,10.74,24,2025-08-06,501.5,695,0.57,Current,0
LN701448,CUST107076,Personal,13829.02,8.07,60,2024-08-09,280.87,693,0.16,Current,0
LN701449,CUST103920,Personal,3993.85,9.18,36,2021-01-17,127.34,763,0.18,Paid Off,0
LN701450,CUST102610,Personal,9513.78,13.6,48,2025-01-02,258.07,631,0.41,Current,0
LN701451,CUST110179,BNPL,1413.98,13.23,60,2022-05-11,32.34,596,0.34,Current,0
LN701452,CUST109624,Personal,8742.94,13.12,12,2021-01-18,781.39,679,0.12,Current,0
LN701453,CUST110749,Auto,31266.26,13.84,12,2022-04-04,2804.95,623,0.62,Paid Off,0
LN701454,CUST110640,Debt Consolidation,32312.63,10.67,12,2022-10-05,2850.87,642,0.4,Current,0
LN701455,CUST106149,Personal,24154.44,12.44,6,2023-07-16,4173.06,614,0.35,Current,0
LN701456,CUST110381,Personal,15592.63,11.2,48,2022-08-19,404.52,596,0.43,Current,0
LN701457,CUST103629,Auto,16077.91,14.12,60,2023-08-27,375.11,589,0.48,Current,0
LN701458,CUST101706,Personal,8669.57,17.16,36,2025-07-31,309.78,566,0.62,Late,25
LN701459,CUST103161,Debt Consolidation,9910.01,12.78,36,2021-01-14,332.86,625,0.74,Current,0
LN701460,CUST107803,Personal,30012.49,12.41,24,2021-01-08,1418.55,681,0.35,Current,0
LN701461,CUST100432,BNPL,949.11,11.39,12,2023-05-19,84.06,624,0.36,Current,0
LN701462,CUST110990,Auto,4655.79,11.55,24,2022-10-26,218.19,687,0.48,Paid Off,0
LN701463,CUST104030,Debt Consolidation,14188.14,12.16,36,2021-03-26,472.33,628,0.33,Paid Off,0
LN701464,CUST103912,Personal,20572.41,14.61,12,2025-09-30,1853.05,584,0.43,Late,52
LN701465,CUST107735,Personal,16026.63,12.71,36,2025-07-20,537.76,647,0.18,Current,0
LN701466,CUST102063,Auto,16663.82,12.57,36,2021-02-24,558.02,599,0.45,Late,65
LN701467,CUST100507,Auto,18101.02,14.04,36,2022-03-22,619,649,0.48,Current,0
LN701468,CUST108768,BNPL,312.13,11.75,6,2023-04-02,53.82,756,0.45,Current,0
LN701469,CUST101250,Personal,15890.62,11.24,24,2021-03-25,742.4,587,0.28,Paid Off,0
LN701470,CUST106478,Personal,31152.37,13.93,24,2025-11-05,1494.69,639,0.68,Current,0
LN701471,CUST102492,BNPL,1483.62,15.79,48,2022-09-09,41.89,678,0.29,Current,0
LN701472,CUST109498,Debt Consolidation,10659.78,15.02,24,2025-04-24,516.96,570,0.41,Current,0
LN701473,CUST110889,Personal,30102.95,14.05,48,2025-09-09,823.36,694,0.38,Current,0
LN701474,CUST108465,Auto,12079.59,7.89,48,2023-03-10,294.27,702,0.38,Current,0
LN701475,CUST103687,Auto,7761.82,19.61,24,2026-02-15,393.57,619,0.24,Late,74
LN701476,CUST104693,Personal,14698.07,18.18,36,2025-07-16,532.7,558,0.56,Current,0
LN701477,CUST103980,Debt Consolidation,18847.87,9.46,24,2022-11-21,865.04,757,0.37,Paid Off,0
LN701478,CUST107658,Personal,4426.18,12.67,6,2024-09-04,765.2,658,0.33,Current,0
LN701479,CUST107225,BNPL,1490.26,12.49,12,2023-10-16,132.75,671,0.35,Current,0
LN701480,CUST107505,Personal,8390.29,8.16,12,2026-02-03,730.48,651,0.27,Current,0
LN701481,CUST106927,Personal,3626.61,14.32,24,2022-05-03,174.67,616,0.34,Paid Off,0
LN701482,CUST107482,Auto,16030.58,13.77,48,2026-03-25,436.21,592,0.4,Current,0
LN701483,CUST100492,Debt Consolidation,20997.14,14.65,24,2024-04-05,1014.59,515,0.39,Current,0
LN701484,CUST110615,Debt Consolidation,10082.17,10.31,48,2026-01-19,257.21,632,0.33,Current,0
LN701485,CUST110436,Auto,25519.35,10.8,36,2025-05-29,833.06,677,0.49,Late,79
LN701486,CUST109445,Personal,15042.28,14.81,36,2023-11-04,520.05,616,0.44,Current,0
LN701487,CUST104803,Auto,22550.76,14.86,24,2021-03-29,1091.91,635,0.59,Current,0
LN701488,CUST102433,BNPL,1183.37,17.95,48,2025-08-06,34.73,537,0.51,Current,0
LN701489,CUST100430,Auto,30002,17.55,6,2023-03-02,5259.38,552,0.41,Paid Off,0
LN701490,CUST103099,Debt Consolidation,23928.16,11.59,36,2023-10-21,790.08,605,0.62,Default,233
LN701491,CUST104331,Personal,6615,18.12,36,2025-08-25,239.55,455,0.62,Default,265
LN701492,CUST106103,BNPL,1431.42,10.73,48,2021-12-08,36.81,725,0.19,Paid Off,0
LN701493,CUST104788,Auto,20876.43,16.73,36,2022-07-28,741.5,506,0.5,Current,0
LN701494,CUST110617,Debt Consolidation,16984.17,9.82,36,2025-04-16,546.6,680,0.18,Current,0
LN701495,CUST108599,Personal,18093.07,11.52,6,2024-06-06,3117.64,597,0.29,Paid Off,0
LN701496,CUST102920,Debt Consolidation,23885.89,12.15,12,2026-03-17,2123.91,532,0.44,Current,0
LN701497,CUST100366,BNPL,408.48,14.53,6,2022-11-07,70.99,579,0.45,Default,135
LN701498,CUST102652,BNPL,1093.19,22.01,12,2025-09-11,102.32,521,0.68,Current,0
LN701499,CUST110726,Debt Consolidation,34149.19,15.85,12,2026-02-10,3095.96,598,0.58,Current,0
LN701500,CUST108479,Personal,26817.68,14.64,36,2024-05-25,924.92,628,0.44,Late,77
LN701501,CUST110891,Personal,24737.79,16.4,48,2023-06-14,706.15,588,0.44,Default,148
LN701502,CUST105499,Debt Consolidation,8134.02,14.39,36,2024-02-13,279.54,563,0.41,Current,0
LN701503,CUST110672,Personal,24833.27,15.6,24,2025-06-16,1211.17,596,0.31,Current,0
LN701504,CUST107968,BNPL,679.1,9.18,12,2026-03-25,59.44,742,0.48,Current,0
LN701505,CUST100743,BNPL,962.62,13.56,36,2024-02-12,32.69,550,0.4,Default,143
LN701506,CUST101183,Personal,30681.35,11.45,12,2023-04-02,2718.11,643,0.59,Paid Off,0
LN701507,CUST101866,Auto,32059.04,14.73,12,2025-03-25,2889.51,613,0.47,Paid Off,0
LN701508,CUST102679,BNPL,308.51,10.41,24,2021-05-05,14.29,732,0.35,Paid Off,0
LN701509,CUST104848,Personal,22784.4,11.69,60,2023-03-01,503.26,582,0.38,Current,0
LN701510,CUST106790,Auto,10690.65,11.81,36,2024-01-01,354.11,734,0.3,Current,0
LN701511,CUST109116,BNPL,1054.36,12.74,6,2021-08-22,182.31,582,0.46,Paid Off,0
LN701512,CUST108756,Debt Consolidation,29242.34,14.52,24,2021-08-24,1411.2,558,0.63,Default,223
LN701513,CUST106232,Auto,5698.43,7.59,48,2025-08-27,138.02,725,0.32,Current,0
LN701514,CUST104173,Personal,14494.03,16.4,6,2024-10-23,2532.53,600,0.41,Current,0
LN701515,CUST110522,Personal,24672.07,11.64,6,2022-05-11,4252.74,700,0.15,Current,0
LN701516,CUST104548,Personal,23647.87,13.19,60,2023-07-31,540.36,623,0.41,Current,0
LN701517,CUST102389,Auto,30236.1,12.4,36,2025-06-24,1010.06,665,0.37,Current,0
LN701518,CUST106345,BNPL,363.25,13.45,48,2025-06-19,9.83,596,0.39,Current,0
LN701519,CUST105143,Personal,8244.38,8.64,60,2021-03-25,169.7,700,0.3,Paid Off,0
LN701520,CUST101266,Debt Consolidation,8944.71,19.72,24,2024-03-18,454.03,507,0.63,Default,97
LN701521,CUST102400,BNPL,436.22,12.6,24,2024-08-14,20.66,703,0.3,Current,0
LN701522,CUST107547,Personal,10146.01,15.94,60,2022-06-23,246.41,654,0.35,Current,0
LN701523,CUST100207,Debt Consolidation,15493.07,7.08,36,2023-08-07,478.95,775,0.29,Current,0
LN701524,CUST107492,Personal,25418.66,12.03,12,2021-05-31,2258.77,698,0.26,Late,88
LN701525,CUST104473,Personal,34314.18,8.26,48,2022-07-16,841.9,671,0.29,Paid Off,0
LN701526,CUST104191,BNPL,1420.44,14.46,12,2025-06-27,127.84,646,0.73,Current,0
LN701527,CUST100961,Auto,4313.64,13.38,12,2021-01-04,386.05,585,0.26,Current,0
LN701528,CUST101830,Auto,7615.24,18.93,12,2023-02-10,701.54,489,0.52,Default,192
LN701529,CUST102208,BNPL,947.66,15.02,36,2025-05-17,32.86,605,0.37,Default,258
LN701530,CUST100861,Auto,29788.97,16.45,12,2022-11-12,2709.13,580,0.5,Current,0
LN701531,CUST102689,Personal,26361.57,8.66,36,2025-08-07,834.13,757,0.19,Current,0
LN701532,CUST101745,Personal,6830.37,9.54,36,2022-12-21,218.92,680,0.3,Paid Off,0
LN701533,CUST105644,Auto,9648.86,14.72,36,2023-09-28,333.16,615,0.57,Default,211
LN701534,CUST100830,Personal,22774.35,15.14,36,2022-04-30,791.04,610,0.43,Paid Off,0
LN701535,CUST106944,Personal,5129.47,12.7,6,2022-08-18,886.86,749,0.33,Paid Off,0
LN701536,CUST104880,Auto,18081.9,14.21,12,2025-09-29,1625.31,662,0.26,Current,0
LN701537,CUST102204,Personal,27866.56,14.87,36,2025-07-09,964.23,645,0.34,Current,0
LN701538,CUST108321,BNPL,1478.12,10.49,36,2025-07-27,48.04,618,0.5,Default,267
LN701539,CUST110358,BNPL,584.38,8.5,6,2026-01-07,99.83,709,0.38,Current,0
LN701540,CUST104838,Personal,12187.23,16.44,60,2025-12-06,299.23,566,0.33,Current,0
LN701541,CUST105332,Personal,25361.5,15.43,24,2023-11-25,1234.88,582,0.4,Late,88
LN701542,CUST110821,Auto,16349.46,14.6,12,2021-12-01,1472.59,578,0.38,Paid Off,0
LN701543,CUST102202,Personal,34431.45,17.94,36,2024-10-24,1243.74,491,0.5,Default,106
LN701544,CUST110189,Auto,30080.81,10.61,24,2023-09-23,1396.56,698,0.27,Paid Off,0
LN701545,CUST103380,BNPL,741.23,12.45,36,2022-12-29,24.78,670,0.44,Current,0
LN701546,CUST110382,Debt Consolidation,25370.49,10.77,24,2025-10-21,1179.76,625,0.62,Late,32
LN701547,CUST103222,Debt Consolidation,3472.78,14.76,12,2025-11-12,313.05,637,0.43,Current,0
LN701548,CUST108617,Personal,28045.72,12.48,36,2024-05-31,937.96,606,0.54,Current,0
LN701549,CUST108147,Debt Consolidation,5928.55,13.24,36,2021-04-14,200.44,629,0.36,Current,0
LN701550,CUST104759,Debt Consolidation,26783.07,16.64,12,2025-10-19,2438.17,541,0.21,Late,64
LN701551,CUST106335,Auto,6538.25,14.27,6,2021-07-22,1135.51,596,0.48,Paid Off,0
LN701552,CUST103823,Personal,29109.9,7.08,24,2021-08-17,1304.38,756,0.34,Paid Off,0
LN701553,CUST107375,BNPL,775.64,7.2,6,2022-11-01,132,683,0.25,Paid Off,0
LN701554,CUST108766,Auto,4156.97,17.61,24,2023-06-20,206.75,602,0.39,Paid Off,0
LN701555,CUST105075,Auto,16643.1,11.63,60,2023-05-29,367.11,679,0.38,Current,0
LN701556,CUST102938,BNPL,587.92,11.28,36,2024-02-04,19.33,639,0.58,Current,0
LN701557,CUST109509,Personal,4302.66,9.31,24,2021-10-14,197.18,684,0.43,Current,0
LN701558,CUST104062,Personal,20648.99,12.61,60,2026-04-13,465.72,664,0.4,Current,0
LN701559,CUST108588,Personal,9957.78,13.01,12,2021-08-01,889.45,727,0.45,Paid Off,0
LN701560,CUST109818,Auto,18424.23,11.55,60,2025-04-01,405.66,738,0.25,Late,26
LN701561,CUST106221,Debt Consolidation,32615.69,12.46,24,2023-06-10,1542.35,533,0.69,Current,0
LN701562,CUST104640,Debt Consolidation,20019.57,16.03,12,2026-01-31,1816.68,567,0.37,Current,0
LN701563,CUST101955,BNPL,1422.19,15.71,24,2022-04-01,69.44,649,0.26,Current,0
LN701564,CUST104675,Personal,30325.19,9.56,12,2021-11-04,2659.86,702,0.47,Current,0
LN701565,CUST110342,Debt Consolidation,33845.59,16.7,24,2023-10-08,1668.53,522,0.51,Default,204
LN701566,CUST100256,Auto,29530.53,15.91,36,2023-11-15,1036.89,570,0.47,Default,216
LN701567,CUST108530,Auto,18725.01,11,24,2024-08-15,872.73,552,0.49,Current,0
LN701568,CUST107624,BNPL,1000.12,20.91,48,2021-01-08,30.92,430,0.66,Default,190
LN701569,CUST110857,Personal,4614.57,14.23,24,2023-08-26,222.06,575,0.45,Current,0
LN701570,CUST101707,Personal,26160.88,9.28,24,2025-02-11,1198.52,710,0.45,Current,0
LN701571,CUST100435,Auto,9039.09,8.71,60,2024-07-03,186.37,678,0.29,Current,0
LN701572,CUST110291,Auto,14427.22,12.26,12,2025-05-03,1283.6,644,0.38,Current,0
LN701573,CUST108549,Auto,29520.83,10.62,24,2025-03-30,1370.7,667,0.33,Current,0
LN701574,CUST106043,Personal,25058.52,11.12,6,2024-12-01,4312.92,719,0.58,Paid Off,0
LN701575,CUST100647,Personal,19735.14,10.23,24,2024-01-16,912.77,691,0.27,Late,26
LN701576,CUST101548,Auto,34059.89,11.61,6,2025-02-26,5870.42,660,0.38,Current,0
LN701577,CUST102049,Debt Consolidation,26910.76,15.08,24,2022-05-01,1305.84,557,0.46,Paid Off,0
LN701578,CUST102059,Personal,20015.74,17.02,60,2025-10-11,497.66,681,0.05,Current,0
LN701579,CUST102519,Auto,12764.23,16.37,36,2023-11-07,451.09,522,0.41,Current,0
LN701580,CUST105892,Debt Consolidation,28584.41,12.98,60,2025-10-13,650.09,656,0.57,Current,0
LN701581,CUST106491,Auto,15753.5,10.75,48,2025-09-03,405.25,678,0.27,Late,37
LN701582,CUST104710,BNPL,168.53,14.14,36,2021-08-12,5.77,605,0.47,Late,19
LN701583,CUST103672,Personal,32482.4,14.09,24,2025-11-06,1560.96,600,0.32,Default,168
LN701584,CUST104811,BNPL,342.68,13.05,12,2021-05-06,30.62,579,0.56,Current,0
LN701585,CUST110278,BNPL,345.81,15.24,36,2021-01-24,12.03,561,0.48,Paid Off,0
LN701586,CUST105461,Personal,28966.71,13.11,12,2026-01-19,2588.72,697,0.05,Current,0
LN701587,CUST110854,Auto,16956.25,12.54,60,2021-12-22,381.83,647,0.25,Current,0
LN701588,CUST110713,Auto,5566.54,8.57,24,2025-05-21,253.21,726,0.41,Current,0
LN701589,CUST103136,Personal,7771.93,11.7,36,2025-01-28,257.03,671,0.51,Current,0
LN701590,CUST100231,Debt Consolidation,2915.95,14.97,36,2022-07-13,101.04,597,0.45,Paid Off,0
LN701591,CUST101407,Debt Consolidation,19684.84,13.78,36,2025-03-05,670.68,537,0.47,Default,159
LN701592,CUST104999,Personal,6175.61,13.66,12,2026-04-19,553.5,639,0.38,Current,0
LN701593,CUST108922,Personal,26356.48,13.21,36,2026-06-14,890.72,598,0.57,Current,0
LN701594,CUST100595,Personal,3656.38,11.47,36,2023-04-28,120.52,653,0.34,Current,0
LN701595,CUST108133,Personal,30346.42,16.79,12,2025-09-19,2764.71,642,0.53,Current,0
LN701596,CUST102780,Debt Consolidation,13408.78,11.34,24,2022-02-05,627.07,660,0.52,Current,0
LN701597,CUST107481,BNPL,874.94,17.93,12,2025-12-29,80.19,540,0.51,Late,19
LN701598,CUST103741,Auto,21065.09,7.03,60,2021-09-19,417.41,792,0.41,Late,29
LN701599,CUST102829,BNPL,1459.8,13.17,36,2026-03-21,49.31,625,0.38,Current,0
LN701600,CUST103140,Personal,12561.69,10.62,24,2024-09-27,583.26,672,0.34,Late,62
LN701601,CUST105562,BNPL,1006.24,13.1,6,2024-05-18,174.17,672,0.47,Current,0
LN701602,CUST101339,Personal,3547.14,16.72,36,2023-06-08,125.97,635,0.5,Current,0
LN701603,CUST100176,BNPL,433.16,14.09,36,2022-05-23,14.82,640,0.33,Paid Off,0
LN701604,CUST107264,Personal,27455.99,13.36,24,2025-01-17,1309.96,573,0.46,Current,0
LN701605,CUST105620,Personal,10318.27,18.31,6,2026-04-26,1812.71,615,0.41,Current,0
LN701606,CUST110643,Personal,19934.96,15.21,24,2022-03-17,968.57,611,0.5,Paid Off,0
LN701607,CUST110114,Personal,32804.42,13.59,24,2022-07-08,1568.69,560,0.48,Current,0
LN701608,CUST104456,Personal,5929.27,11.14,24,2025-03-09,276.74,753,0.21,Current,0
LN701609,CUST110224,Auto,5031.23,11.48,6,2022-12-10,866.84,677,0.69,Paid Off,0
LN701610,CUST109477,Auto,25876.42,10.18,12,2026-02-13,2277.12,631,0.45,Current,0
LN701611,CUST104817,Personal,9849.87,10.78,48,2021-03-17,253.52,716,0.41,Current,0
LN701612,CUST101706,Debt Consolidation,17681.06,13.94,36,2021-03-16,603.78,566,0.31,Late,37
LN701613,CUST105477,Personal,7284.87,8.33,12,2021-03-22,634.81,749,0.41,Current,0
LN701614,CUST105996,Personal,20864.73,18.45,12,2024-06-02,1917.35,593,0.43,Paid Off,0
LN701615,CUST100992,Personal,27716.63,8.08,12,2021-02-18,2412.05,778,0.42,Current,0
LN701616,CUST107148,Auto,24273.47,9.06,36,2021-09-05,772.57,704,0.53,Late,86
LN701617,CUST106186,Personal,13804.15,13.74,24,2022-05-15,661.08,543,0.47,Current,0
LN701618,CUST103357,Personal,27735.2,14.8,48,2021-04-19,769.08,570,0.64,Paid Off,0
LN701619,CUST105079,Auto,13680.1,11.22,12,2023-06-23,1210.47,643,0.24,Current,0
LN701620,CUST105963,Personal,12017.63,11.92,48,2022-12-31,316,589,0.53,Current,0
LN701621,CUST104803,Debt Consolidation,19663.84,13.36,12,2023-01-29,1759.64,635,0.49,Paid Off,0
LN701622,CUST108072,Personal,19239.43,18.21,48,2023-02-06,567.27,525,0.58,Default,160
LN701623,CUST101802,Auto,10662.83,9.44,12,2023-08-01,934.66,684,0.6,Paid Off,0
LN701624,CUST104019,Personal,14930.24,9.34,24,2024-01-20,684.42,734,0.53,Current,0
LN701625,CUST104942,Personal,34864.82,14.21,24,2025-08-04,1677.42,566,0.46,Current,0
LN701626,CUST101252,Auto,5880.14,13.5,36,2021-04-07,199.54,656,0.25,Paid Off,0
LN701627,CUST104017,Personal,10939.98,13.48,6,2025-01-16,1895.68,710,0.35,Paid Off,0
LN701628,CUST108616,Personal,26809.53,15.4,36,2024-02-04,934.62,659,0.55,Current,0
LN701629,CUST107678,Debt Consolidation,10449.67,13.17,36,2024-08-30,352.95,625,0.52,Current,0
LN701630,CUST104250,Personal,4411.55,12.5,24,2023-01-13,208.7,691,0.51,Current,0
LN701631,CUST107783,Personal,13415.24,18.65,6,2023-07-30,2359.06,517,0.43,Default,258
LN701632,CUST107246,BNPL,1271.4,11.8,48,2026-04-07,33.36,677,0.26,Current,0
LN701633,CUST104668,Auto,23207.23,13.71,12,2022-08-06,2080.54,587,0.58,Late,25
LN701634,CUST101505,Auto,19942.63,11.95,60,2023-12-22,443.11,599,0.56,Current,0
LN701635,CUST108942,BNPL,360.25,14.71,24,2023-11-08,17.42,570,0.55,Late,17
LN701636,CUST110492,Auto,21899.16,9.34,48,2022-11-27,548.5,692,0.24,Current,0
LN701637,CUST105335,Debt Consolidation,19079.35,13.33,36,2022-09-21,645.9,578,0.47,Paid Off,0
LN701638,CUST103915,Personal,16862.35,18.37,36,2022-07-27,612.75,634,0.39,Paid Off,0
LN701639,CUST106592,Personal,22123.26,8.01,24,2022-10-24,1000.68,791,0.31,Current,0
LN701640,CUST102590,Personal,34927.84,16.76,24,2024-08-11,1722.89,524,0.52,Late,23
LN701641,CUST105788,BNPL,811.64,14.96,48,2025-01-09,22.57,606,0.49,Current,0
LN701642,CUST109619,Personal,29404.74,8.98,12,2022-01-07,2571.22,749,0.31,Current,0
LN701643,CUST100938,BNPL,543.41,9.33,24,2024-04-25,24.91,708,0.45,Current,0
LN701644,CUST110980,Personal,6327.36,16.81,6,2021-01-12,1106.86,711,0.53,Paid Off,0
LN701645,CUST108215,Personal,21306.44,7.19,36,2024-10-02,659.73,733,0.38,Current,0
LN701646,CUST104920,Personal,2231.81,11.24,24,2023-03-12,104.27,601,0.44,Paid Off,0
LN701647,CUST105499,Auto,29339.1,15.5,48,2024-07-26,823.98,563,0.56,Default,204
LN701648,CUST104741,Personal,30948.46,5.85,24,2024-04-04,1369.56,735,0.13,Late,16
LN701649,CUST103073,Personal,13955.41,11.93,24,2022-08-26,656.47,596,0.27,Paid Off,0
LN701650,CUST106627,Personal,14237.83,6.92,24,2025-08-29,636.95,784,0.25,Current,0
LN701651,CUST103403,Auto,31017.68,10.31,12,2023-10-18,2731.42,579,0.55,Current,0
LN701652,CUST102808,Personal,24500.69,14.29,6,2025-12-13,4255.32,621,0.33,Paid Off,0
LN701653,CUST107557,BNPL,1460.34,6.59,36,2026-05-28,44.82,725,0.4,Current,0
LN701654,CUST105050,Auto,18140.41,14.62,12,2023-03-22,1634.07,606,0.45,Current,0
LN701655,CUST105789,Personal,3720.14,19.17,24,2024-04-17,187.83,555,0.52,Current,0
LN701656,CUST100758,Personal,14080.27,13.21,24,2021-07-21,670.79,609,0.37,Paid Off,0
LN701657,CUST107009,Debt Consolidation,25355.74,15.04,24,2021-01-13,1229.9,584,0.3,Late,17
LN701658,CUST110354,Personal,14079.07,14.82,24,2026-06-01,681.44,572,0.55,Default,251
LN701659,CUST106614,Debt Consolidation,8516.95,11.92,48,2023-11-24,223.95,653,0.3,Current,0
LN701660,CUST110969,Debt Consolidation,23386.5,12.61,36,2026-04-28,783.6,609,0.45,Current,0
LN701661,CUST109400,Personal,9259.51,15.88,60,2022-04-23,224.58,548,0.51,Current,0
LN701662,CUST110373,BNPL,924.99,5.66,24,2022-12-18,40.85,832,0.2,Current,0
LN701663,CUST102312,BNPL,1154.75,9.96,24,2022-10-15,53.26,647,0.4,Paid Off,0
LN701664,CUST101054,BNPL,236.72,9.76,12,2024-07-13,20.79,778,0.56,Current,0
LN701665,CUST102593,Debt Consolidation,17986.03,11.46,36,2024-05-23,592.77,659,0.22,Current,0
LN701666,CUST100796,Debt Consolidation,25702.74,11.71,48,2025-04-11,673.2,619,0.52,Current,0
LN701667,CUST110122,Debt Consolidation,34342.46,13.38,36,2021-12-03,1163.43,726,0.21,Paid Off,0
LN701668,CUST103817,Debt Consolidation,24666.87,4.08,12,2024-01-31,2101.28,694,0.32,Paid Off,0
LN701669,CUST102294,Debt Consolidation,5728.33,8.81,24,2025-10-16,261.2,695,0.47,Current,0
LN701670,CUST109198,Debt Consolidation,28812.37,16.36,36,2023-06-14,1018.09,593,0.45,Paid Off,0
LN701671,CUST100491,BNPL,606.53,12.08,12,2026-04-16,53.91,744,0.46,Current,0
LN701672,CUST103372,BNPL,1460.57,13.48,12,2024-03-31,130.78,585,0.55,Paid Off,0
LN701673,CUST101954,Debt Consolidation,1939.68,11.7,36,2021-09-23,64.15,777,0.26,Current,0
LN701674,CUST110246,BNPL,158.77,7.79,6,2023-03-16,27.07,772,0.25,Current,0
LN701675,CUST102517,BNPL,681.29,10.69,60,2021-01-21,14.71,680,0.33,Current,0
LN701676,CUST103022,BNPL,1281.77,13.43,60,2022-07-01,29.45,686,0.39,Current,0
LN701677,CUST100432,Personal,20041.78,10.73,6,2021-04-04,3445.61,624,0.36,Current,0
LN701678,CUST104072,Personal,33551.59,16.35,12,2021-12-19,3049.72,561,0.25,Current,0
LN701679,CUST110669,BNPL,534.11,11.45,48,2021-03-21,13.92,676,0.45,Paid Off,0
LN701680,CUST110420,Personal,8954.44,8.81,36,2023-12-18,283.96,787,0.26,Late,34
LN701681,CUST110157,Personal,7720.32,14.81,48,2022-05-23,214.12,617,0.57,Paid Off,0
LN701682,CUST109428,Auto,33841.2,11.2,36,2021-03-12,1111.13,682,0.39,Paid Off,0
LN701683,CUST106741,Auto,24751.21,9.55,36,2021-11-06,793.43,676,0.22,Paid Off,0
LN701684,CUST110567,Personal,30224.19,14,60,2025-07-13,703.26,669,0.59,Late,66
LN701685,CUST103701,Personal,9118.73,12.1,36,2025-08-13,303.31,719,0.27,Current,0
LN701686,CUST104422,Personal,6170.36,13.91,24,2023-07-30,295.99,615,0.26,Paid Off,0
LN701687,CUST105495,Personal,13618.25,12.09,36,2022-09-18,452.91,666,0.52,Current,0
LN701688,CUST107446,Personal,2617.99,12,36,2024-09-01,86.95,635,0.59,Current,0
LN701689,CUST101605,Personal,8813.51,9.12,60,2023-03-22,183.47,733,0.32,Current,0
LN701690,CUST108799,BNPL,662.69,15.68,24,2023-04-09,32.35,578,0.68,Late,25
LN701691,CUST104408,Personal,5652.34,13.19,48,2025-05-12,152.17,639,0.46,Current,0
LN701692,CUST104975,Personal,22147.02,14.67,24,2021-12-30,1070.37,621,0.49,Current,0
LN701693,CUST104322,Debt Consolidation,5228.86,12.82,24,2021-04-25,248.15,669,0.32,Current,0
LN701694,CUST108128,BNPL,1240.08,8.82,36,2024-05-29,39.33,693,0.21,Current,0
LN701695,CUST102817,Debt Consolidation,19929.82,15.92,36,2021-01-09,699.89,586,0.66,Paid Off,0
LN701696,CUST106605,Personal,8744.33,13.15,24,2026-06-26,416.34,638,0.32,Current,0
LN701697,CUST103467,Auto,30684.67,15.62,12,2021-11-14,2778.53,614,0.7,Default,119
LN701698,CUST102498,Personal,12813.88,9.02,6,2023-03-12,2192.18,607,0.48,Paid Off,0
LN701699,CUST109998,Debt Consolidation,15319.42,10.95,12,2024-12-03,1353.6,638,0.59,Current,0
LN701700,CUST110956,Personal,17440.37,10.97,12,2026-03-15,1541.16,708,0.42,Current,0
LN701701,CUST100730,Personal,28056.32,15.09,36,2023-03-11,973.82,679,0.42,Current,0
LN701702,CUST110327,BNPL,902.96,12.01,12,2022-07-05,80.23,600,0.67,Paid Off,0
LN701703,CUST110332,BNPL,554.24,15.07,24,2023-11-01,26.89,678,0.35,Paid Off,0
LN701704,CUST110968,Personal,14306.48,11.9,48,2024-08-10,376.04,747,0.28,Current,0
LN701705,CUST107473,Personal,11132.6,12.64,36,2026-02-04,373.17,633,0.44,Current,0
LN701706,CUST107028,Debt Consolidation,6406.46,10.9,24,2026-05-06,298.29,693,0.51,Current,0
LN701707,CUST100945,Personal,4171.83,11.71,6,2021-09-26,719.24,609,0.55,Current,0
LN701708,CUST108707,Debt Consolidation,10181.19,7.95,48,2022-06-13,248.31,764,0.39,Current,0
LN701709,CUST101684,Auto,11995.67,12.02,24,2024-01-21,564.79,626,0.5,Paid Off,0
LN701710,CUST104651,BNPL,1283.61,14.1,24,2026-05-16,61.69,620,0.37,Late,19
LN701711,CUST100636,BNPL,1262.26,12.91,24,2025-05-16,59.96,608,0.51,Current,0
LN701712,CUST101074,BNPL,1433.24,10.69,36,2025-10-19,46.71,627,0.37,Current,0
LN701713,CUST107134,Personal,19277.93,14.47,48,2025-11-05,531.35,584,0.56,Default,266
LN701714,CUST108934,Debt Consolidation,32587.21,10.6,6,2021-04-19,5600.35,704,0.41,Paid Off,0
LN701715,CUST103352,Personal,21837.11,14.94,24,2025-03-16,1058.19,586,0.64,Current,0
LN701716,CUST107781,Personal,33974.92,15.24,12,2025-05-21,3070.37,641,0.56,Late,35
LN701717,CUST104916,Debt Consolidation,27551.81,17.76,12,2026-05-03,2522.8,570,0.61,Current,0
LN701718,CUST110797,Personal,33294.86,13.56,36,2021-07-26,1130.84,655,0.39,Current,0
LN701719,CUST104890,Personal,29289.92,8.73,36,2021-08-17,927.74,736,0.32,Paid Off,0
LN701720,CUST105271,Debt Consolidation,14421.36,15.2,60,2024-01-22,344.6,636,0.3,Current,0
LN701721,CUST108349,Auto,33857.67,15.37,36,2025-03-16,1179.83,557,0.28,Current,0
LN701722,CUST104389,Personal,28619.84,9.36,24,2022-02-17,1312.22,663,0.4,Current,0
LN701723,CUST101862,Debt Consolidation,33317.43,12.7,6,2025-01-16,5760.4,678,0.39,Current,0
LN701724,CUST102156,Personal,13958.21,12.51,24,2023-11-15,660.39,614,0.33,Current,0
LN701725,CUST101244,Personal,18432.79,15.56,24,2026-01-24,898.66,630,0.45,Current,0
LN701726,CUST101395,Personal,1747.74,11.41,12,2022-05-11,154.8,616,0.36,Late,25
LN701727,CUST105497,Auto,10491.18,14.57,48,2021-02-13,289.7,626,0.31,Paid Off,0
LN701728,CUST102735,Personal,9790,13.52,36,2022-07-19,332.32,650,0.38,Paid Off,0
LN701729,CUST108868,Personal,27498.32,13.16,48,2024-03-08,739.9,598,0.45,Default,241
LN701730,CUST103901,Personal,23315.56,15.9,6,2024-08-04,4068.11,613,0.54,Paid Off,0
LN701731,CUST104474,Debt Consolidation,8004.08,9.29,48,2026-01-31,200.29,717,0.29,Current,0
LN701732,CUST109338,Personal,3545.09,14,6,2025-09-09,615.21,576,0.67,Late,48
LN701733,CUST107406,Personal,23084.01,10.98,24,2021-08-03,1075.68,672,0.65,Paid Off,0
LN701734,CUST103507,Personal,26338.88,15.04,36,2023-04-06,913.56,575,0.27,Default,116
LN701735,CUST106715,Auto,16445.59,9.33,12,2021-11-17,1440.71,751,0.5,Paid Off,0
LN701736,CUST109393,Personal,33681.61,13.55,48,2023-05-01,912.81,618,0.47,Current,0
LN701737,CUST109858,Auto,10396.41,12.03,24,2023-05-22,489.54,606,0.37,Current,0
LN701738,CUST104201,Personal,32032.3,14.46,6,2021-05-06,5566.12,631,0.54,Paid Off,0
LN701739,CUST102663,Auto,12088.61,11.07,36,2025-12-03,396.17,705,0.32,Current,0
LN701740,CUST106302,Personal,23031.8,16.63,36,2023-06-13,816.91,605,0.5,Paid Off,0
LN701741,CUST101614,Personal,27802.34,11.65,12,2023-09-14,2465.65,708,0.23,Current,0
LN701742,CUST102848,Personal,11546.87,11.16,36,2022-06-13,378.91,605,0.21,Late,51
LN701743,CUST110251,Debt Consolidation,7872.6,14.07,12,2025-07-10,707.12,631,0.45,Late,54
LN701744,CUST106456,Auto,18918.65,12.71,36,2023-08-25,634.8,646,0.24,Current,0
LN701745,CUST100513,BNPL,615.56,16.12,12,2022-10-26,55.89,570,0.59,Paid Off,0
LN701746,CUST109652,BNPL,564.72,11.39,12,2021-08-06,50.01,649,0.32,Paid Off,0
LN701747,CUST106219,Personal,20522.84,9.43,12,2023-03-18,1798.85,754,0.29,Current,0
LN701748,CUST102120,BNPL,463.59,10.63,12,2022-04-29,40.89,654,0.41,Current,0
LN701749,CUST109506,Auto,6149.34,8.8,24,2025-01-10,280.37,705,0.34,Current,0
LN701750,CUST106664,Personal,28085.13,15.59,6,2026-03-11,4895.99,591,0.74,Current,0
LN701751,CUST110568,Personal,15202.88,15.5,12,2023-10-17,1375.78,697,0.38,Current,0
LN701752,CUST107976,Auto,13203.7,14.7,6,2026-01-15,2295.93,662,0.64,Current,0
LN701753,CUST109232,BNPL,1191.73,9.53,6,2023-06-01,204.18,644,0.47,Paid Off,0
LN701754,CUST101953,BNPL,171.64,19.61,36,2022-04-20,6.34,551,0.53,Default,195
LN701755,CUST110467,Auto,2274.02,17.19,24,2025-12-30,112.64,537,0.45,Current,0
LN701756,CUST106480,Personal,19953.72,9.69,36,2021-03-17,640.95,737,0.37,Current,0
LN701757,CUST106210,Auto,19753.41,10.39,6,2025-01-25,3392.72,664,0.42,Current,0
LN701758,CUST108355,Personal,30075.54,19.88,60,2021-08-03,794.81,554,0.48,Default,183
LN701759,CUST107485,BNPL,719.64,10.98,12,2024-02-29,63.6,583,0.47,Paid Off,0
LN701760,CUST102868,Auto,13373.53,11.36,24,2025-07-07,625.55,685,0.32,Late,15
LN701761,CUST100904,Personal,14621.91,10.46,24,2022-03-18,677.84,718,0.32,Paid Off,0
LN701762,CUST110185,Debt Consolidation,31350.69,18.93,24,2026-01-29,1579.28,534,0.42,Current,0
LN701763,CUST108757,BNPL,1131.79,11.05,6,2023-10-07,194.76,660,0.35,Paid Off,0
LN701764,CUST106380,Debt Consolidation,21342.46,15.43,48,2022-10-03,598.64,641,0.55,Current,0
LN701765,CUST109339,Auto,16891.28,18.8,36,2022-05-06,617.46,648,0.63,Paid Off,0
LN701766,CUST102383,Auto,5974.93,18.62,6,2024-04-02,1050.6,571,0.63,Default,233
LN701767,CUST102612,BNPL,1366.26,15.02,24,2024-06-09,66.26,605,0.38,Current,0
LN701768,CUST109175,Debt Consolidation,23474.89,14.32,60,2024-05-22,550.12,551,0.43,Default,251
LN701769,CUST106949,Debt Consolidation,1724.07,12.78,6,2024-05-26,298.15,643,0.6,Paid Off,0
LN701770,CUST100387,Auto,34566.86,12.28,24,2023-09-01,1631.71,648,0.63,Paid Off,0
LN701771,CUST102825,Auto,16696.01,9.43,24,2024-08-11,766.05,756,0.52,Current,0
LN701772,CUST107600,BNPL,589.6,15.6,36,2023-04-06,20.61,586,0.48,Paid Off,0
LN701773,CUST108093,Personal,23638.64,14.92,24,2023-06-28,1145.26,625,0.53,Current,0
LN701774,CUST105479,Auto,1554.4,10.68,12,2024-08-02,137.15,683,0.36,Current,0
LN701775,CUST104271,BNPL,1067.45,15.79,48,2024-09-20,30.14,657,0.49,Current,0
LN701776,CUST110704,Personal,26908.65,10.36,24,2024-03-03,1246.17,685,0.32,Paid Off,0
LN701777,CUST105435,Personal,19965.57,18.74,12,2021-02-19,1837.48,519,0.28,Paid Off,0
LN701778,CUST110714,Personal,17918.52,11.89,48,2023-07-29,470.9,659,0.32,Current,0
LN701779,CUST104990,Auto,20299.18,8.26,36,2025-12-17,638.54,780,0.15,Current,0
LN701780,CUST105227,Personal,19885.87,7.51,48,2021-10-29,480.91,801,0.28,Current,0
LN701781,CUST110418,Auto,20805.9,14.53,60,2023-05-28,489.85,559,0.52,Current,0
LN701782,CUST104252,Personal,18717.39,11.73,24,2024-02-07,878.73,617,0.21,Paid Off,0
LN701783,CUST102923,Debt Consolidation,13511.81,9.76,60,2023-07-03,285.49,712,0.27,Current,0
LN701784,CUST103218,Debt Consolidation,24675.2,10.68,12,2023-04-01,2177.15,664,0.4,Current,0
LN701785,CUST100104,Debt Consolidation,15953.61,14.51,48,2023-08-04,440.05,591,0.53,Current,0
LN701786,CUST103250,Debt Consolidation,32690.33,13.72,48,2026-02-20,888.73,647,0.36,Current,0
LN701787,CUST108543,Personal,23513.66,15.37,36,2023-11-10,819.38,550,0.58,Current,0
LN701788,CUST109644,Personal,23817.67,14.66,36,2021-05-14,821.69,625,0.53,Paid Off,0
LN701789,CUST105705,Personal,33033.65,10.25,12,2021-12-09,2908.02,714,0.46,Paid Off,0
LN701790,CUST107151,Personal,27166.68,8.73,60,2024-10-02,560.38,657,0.44,Late,15
LN701791,CUST103019,Personal,19461.22,10.44,48,2021-10-23,497.71,649,0.45,Late,52
LN701792,CUST106852,Debt Consolidation,11707.11,17,24,2024-05-03,578.83,536,0.48,Current,0
LN701793,CUST100455,Auto,23662.63,9.05,24,2022-01-12,1081.56,709,0.46,Paid Off,0
LN701794,CUST106104,Personal,24374.24,10.11,6,2025-10-14,4183,728,0.41,Paid Off,0
LN701795,CUST104706,Auto,18438.3,11.2,12,2024-12-27,1631.33,580,0.32,Current,0
LN701796,CUST102505,Personal,7913.38,13.82,36,2025-06-06,269.77,626,0.46,Current,0
LN701797,CUST107611,Auto,30874.94,11.68,24,2023-04-20,1448.78,713,0.48,Paid Off,0
LN701798,CUST108421,BNPL,665.9,10.03,12,2022-12-31,58.55,696,0.41,Late,78
LN701799,CUST109617,Personal,5889.2,7.31,24,2023-06-14,264.5,761,0.27,Late,35
LN701800,CUST101326,Debt Consolidation,10684.2,14.7,36,2021-06-02,368.8,623,0.65,Current,0
LN701801,CUST108458,Personal,32461.21,16.02,60,2022-12-30,789.74,547,0.49,Default,179
LN701802,CUST102833,Auto,2972.84,11.32,60,2024-12-14,65.11,565,0.56,Current,0
LN701803,CUST101784,Auto,19355.79,16.66,60,2023-03-18,477.51,526,0.56,Default,232
LN701804,CUST105901,BNPL,179.62,12.05,36,2022-02-05,5.97,663,0.43,Current,0
LN701805,CUST104947,BNPL,1266.24,11.58,36,2024-07-27,41.8,667,0.38,Current,0
LN701806,CUST106647,BNPL,928.76,10.21,24,2024-11-27,42.95,735,0.24,Current,0
LN701807,CUST104190,Personal,26016.53,14.32,48,2026-03-22,715.12,668,0.65,Current,0
LN701808,CUST106617,Debt Consolidation,22363.03,11.77,24,2023-12-01,1050.31,698,0.37,Current,0
LN701809,CUST103815,BNPL,1242.93,9.15,24,2026-01-09,56.87,844,0.28,Current,0
LN701810,CUST108283,Auto,16193.76,16.5,24,2023-03-10,796.77,559,0.48,Default,96
LN701811,CUST109567,Personal,14074.36,16.01,6,2021-04-10,2456.47,567,0.28,Current,0
LN701812,CUST109616,Personal,29071.79,11.09,36,2025-07-16,953.01,724,0.68,Current,0
LN701813,CUST108311,Debt Consolidation,22446.3,6.24,24,2021-01-04,997.26,695,0.64,Paid Off,0
LN701814,CUST108372,BNPL,1498.61,14.01,12,2025-12-07,134.56,649,0.37,Current,0
LN701815,CUST108352,BNPL,1324.65,12.81,6,2024-07-01,229.1,695,0.3,Paid Off,0
LN701816,CUST109725,BNPL,274.69,12.76,60,2024-04-04,6.22,627,0.36,Current,0
LN701817,CUST109692,BNPL,956.15,17.15,60,2026-03-05,23.84,559,0.59,Current,0
LN701818,CUST103460,Personal,22785.18,15.45,60,2026-01-06,547.45,587,0.47,Current,0
LN701819,CUST101001,Personal,5555.63,12.38,24,2026-05-08,262.51,608,0.38,Default,259
LN701820,CUST104332,Personal,15062.34,12.17,12,2022-06-28,1339.47,557,0.46,Current,0
LN701821,CUST100458,Personal,11613.69,10.71,24,2024-05-17,539.73,679,0.42,Current,0
LN701822,CUST103628,Personal,25408.02,8,24,2025-06-05,1149.14,667,0.26,Late,86
LN701823,CUST100395,Debt Consolidation,4653.44,13.34,48,2021-11-05,125.63,633,0.47,Paid Off,0
LN701824,CUST107365,BNPL,459.62,13.66,48,2021-10-28,12.48,577,0.31,Current,0
LN701825,CUST105280,BNPL,1454.75,10.15,48,2022-05-05,37,708,0.12,Current,0
LN701826,CUST103527,BNPL,1168.88,15.34,48,2025-12-12,32.73,537,0.55,Late,59
LN701827,CUST107220,Personal,27327.25,11.09,36,2022-06-04,895.82,578,0.49,Default,229
LN701828,CUST108605,Personal,27455.47,12.05,48,2022-09-14,723.68,735,0.34,Current,0
LN701829,CUST109500,Personal,14216.99,17.17,36,2023-03-10,508.08,599,0.5,Late,29
LN701830,CUST109994,Auto,16226.19,11.76,36,2023-11-08,537.08,635,0.17,Current,0
LN701831,CUST107321,Personal,23115.64,10.15,48,2025-08-02,587.94,673,0.31,Current,0
LN701832,CUST109715,Auto,10654.82,8.92,36,2022-07-10,338.42,691,0.3,Paid Off,0
LN701833,CUST102324,Personal,15281.32,12.67,24,2025-07-20,724.14,682,0.33,Current,0
LN701834,CUST106066,Personal,20530.29,11.79,12,2023-11-21,1822.08,623,0.3,Paid Off,0
LN701835,CUST110797,Personal,3105.31,12.15,12,2022-08-01,276.12,655,0.17,Current,0
LN701836,CUST108406,Personal,19118.58,12.77,36,2025-05-26,642.06,662,0.41,Late,70
LN701837,CUST105624,Personal,13668.17,19.48,12,2021-12-27,1262.75,503,0.55,Late,88
LN701838,CUST107995,Auto,13905.09,12.39,24,2021-03-11,657.1,632,0.46,Current,0
LN701839,CUST107666,Personal,26955.91,9.39,60,2024-02-06,564.68,731,0.48,Late,45
LN701840,CUST103056,Personal,11763.53,14.44,12,2023-09-25,1058.65,637,0.32,Current,0
LN701841,CUST100892,Auto,4138.36,14.59,36,2024-11-14,142.63,623,0.05,Default,211
LN701842,CUST102707,BNPL,465.12,11.2,60,2021-04-24,10.16,724,0.54,Paid Off,0
LN701843,CUST105039,Auto,22373.02,16.06,24,2023-07-23,1096.09,537,0.55,Default,109
LN701844,CUST104280,BNPL,954.23,11.3,12,2022-10-28,84.47,635,0.51,Late,51
LN701845,CUST100675,Personal,34633.74,12.43,36,2025-03-08,1157.46,707,0.44,Current,0
LN701846,CUST109110,Auto,28060,13.67,48,2021-06-30,762.14,673,0.79,Default,177
LN701847,CUST106680,BNPL,536.4,9.45,36,2024-11-11,17.17,725,0.21,Current,0
LN701848,CUST108263,Auto,11139.31,11.14,24,2023-09-01,519.9,735,0.26,Paid Off,0
LN701849,CUST110062,Personal,23116.29,9.65,6,2021-01-08,3961.88,629,0.53,Current,0
LN701850,CUST110741,Personal,26916.98,12.83,48,2021-09-04,719.85,740,0.42,Current,0
LN701851,CUST104836,Personal,30970.04,15.23,6,2022-03-16,5393.37,555,0.66,Current,0
LN701852,CUST109335,Debt Consolidation,26362.33,13.42,12,2026-05-11,2359.81,600,0.4,Current,0
LN701853,CUST110188,Personal,19948.84,14.03,12,2025-03-31,1791.43,545,0.57,Current,0
LN701854,CUST104365,Debt Consolidation,15523.98,6.52,36,2023-08-25,475.94,753,0.44,Current,0
LN701855,CUST105830,BNPL,363.74,15.05,36,2022-01-09,12.62,701,0.16,Current,0
LN701856,CUST106038,Auto,31259.91,13.74,6,2021-08-31,5420.76,740,0.4,Paid Off,0
LN701857,CUST101588,BNPL,696.6,11.82,24,2025-08-08,32.73,727,0.41,Current,0
LN701858,CUST100047,BNPL,820.86,18.94,6,2025-04-03,144.47,487,0.45,Paid Off,0
LN701859,CUST101530,BNPL,850.79,12.46,48,2025-02-17,22.6,707,0.26,Current,0
LN701860,CUST104156,Personal,24477.38,12,24,2022-11-08,1152.24,624,0.27,Paid Off,0
LN701861,CUST103865,Debt Consolidation,25911.48,11.36,12,2023-05-13,2294.45,679,0.66,Current,0
LN701862,CUST109989,Auto,7384.26,16.97,48,2022-02-27,212.96,595,0.46,Paid Off,0
LN701863,CUST110466,Personal,22908.1,6.97,24,2024-06-19,1025.34,812,0.31,Current,0
LN701864,CUST102087,Auto,31497.8,10.89,24,2024-01-22,1466.44,662,0.48,Current,0
LN701865,CUST104731,Debt Consolidation,22845.06,10.29,12,2021-05-13,2011.53,639,0.26,Paid Off,0
LN701866,CUST109612,BNPL,458.36,10.71,36,2021-02-22,14.94,683,0.11,Late,52
LN701867,CUST109391,Personal,16680.73,14.67,60,2024-05-06,393.95,554,0.5,Current,0
LN701868,CUST106065,BNPL,1290.88,14.83,24,2021-08-03,62.49,631,0.2,Current,0
LN701869,CUST109146,Debt Consolidation,10019.22,11.49,24,2021-11-05,469.26,703,0.37,Paid Off,0
LN701870,CUST105562,BNPL,167,9.76,24,2023-09-04,7.69,672,0.38,Current,0
LN701871,CUST103774,Personal,17543.37,13.81,36,2021-05-16,597.97,605,0.54,Paid Off,0
LN701872,CUST106453,Personal,32647.02,12.32,36,2026-05-30,1089.34,624,0.42,Current,0
LN701873,CUST107721,BNPL,1472.59,13.52,6,2023-04-11,255.2,714,0.31,Paid Off,0
LN701874,CUST108754,Auto,32467.89,14.03,12,2022-09-22,2915.66,581,0.56,Late,42
LN701875,CUST103706,Personal,21228.32,13.49,6,2023-04-16,3678.56,628,0.57,Current,0
LN701876,CUST107666,Debt Consolidation,4477.96,9.05,12,2021-04-20,391.71,731,0.28,Current,0
LN701877,CUST101260,Personal,2843.76,12.56,12,2023-08-17,253.41,749,0.23,Paid Off,0
LN701878,CUST110308,Personal,34264.26,17.27,36,2026-03-15,1226.22,549,0.28,Current,0
LN701879,CUST100045,Personal,28304.03,13.48,36,2021-06-30,960.23,637,0.51,Paid Off,0
LN701880,CUST106857,Debt Consolidation,2796.64,8.73,24,2025-06-07,127.42,759,0.2,Current,0
LN701881,CUST101687,Personal,10604.31,9.44,24,2022-02-03,486.6,711,0.28,Current,0
LN701882,CUST107882,BNPL,1007.36,10.66,60,2024-04-13,21.73,674,0.08,Current,0
LN701883,CUST103009,BNPL,511.92,15.21,24,2021-09-07,24.87,631,0.5,Paid Off,0
LN701884,CUST102373,Personal,24668.98,16.48,36,2022-02-10,873.15,618,0.45,Paid Off,0
LN701885,CUST103272,Personal,18487.15,10.43,60,2021-11-19,396.72,588,0.37,Late,32
LN701886,CUST103605,Personal,26438.92,12.98,12,2021-08-17,2361.2,707,0.36,Current,0
LN701887,CUST107500,BNPL,1363.75,11.68,6,2022-09-18,235.1,582,0.64,Current,0
LN701888,CUST107999,Debt Consolidation,21190.25,10.89,48,2022-10-18,546.54,741,0.3,Current,0
LN701889,CUST105065,Debt Consolidation,11462.86,12.55,24,2024-10-22,542.55,671,0.6,Current,0
LN701890,CUST103622,Auto,11574.69,13.97,36,2022-11-16,395.43,626,0.52,Paid Off,0
LN701891,CUST107419,Personal,6758.37,11.07,12,2024-04-10,597.54,630,0.49,Current,0
LN701892,CUST108610,Personal,29279.45,15.21,24,2023-02-14,1422.59,588,0.36,Current,0
LN701893,CUST110646,Personal,29931.26,10.07,36,2023-10-04,966.78,665,0.46,Late,49
LN701894,CUST110235,Personal,10207.74,15.25,36,2021-02-28,355.11,619,0.69,Current,0
LN701895,CUST108231,Personal,30365.92,14.44,60,2023-08-29,713.51,615,0.41,Current,0
LN701896,CUST103854,Auto,24002.03,11.91,24,2023-07-14,1128.85,646,0.41,Paid Off,0
LN701897,CUST103858,Personal,2965.81,12.5,24,2022-09-10,140.3,633,0.64,Paid Off,0
LN701898,CUST108520,Personal,4831.94,11.27,12,2024-09-05,427.66,690,0.51,Current,0
LN701899,CUST109231,Personal,11902.45,12.25,6,2022-01-08,2055.22,621,0.18,Paid Off,0
LN701900,CUST107278,Debt Consolidation,7445.32,13.26,6,2026-06-22,1289.32,656,0.51,Current,0
LN701901,CUST103927,BNPL,427.49,14.73,60,2023-12-27,10.11,589,0.48,Current,0
LN701902,CUST109698,Personal,22554.66,12.74,60,2024-05-09,510.19,611,0.16,Current,0
LN701903,CUST104601,Personal,24969.82,12.08,12,2026-04-22,2219.47,615,0.69,Current,0
LN701904,CUST107931,Personal,13972.95,10.78,24,2024-07-21,649.82,693,0.37,Current,0
LN701905,CUST105309,Personal,28393.58,6.9,24,2021-05-16,1269.97,759,0.4,Paid Off,0
LN701906,CUST108783,Debt Consolidation,10641.11,11.32,12,2024-04-14,942.07,672,0.61,Paid Off,0
LN701907,CUST103549,Auto,20381.48,15.47,12,2022-09-18,1844.12,538,0.5,Current,0
LN701908,CUST107272,Personal,1836.11,9.48,24,2021-03-05,84.29,686,0.42,Current,0
LN701909,CUST108891,Personal,8111.15,16.32,48,2024-09-02,231.2,631,0.45,Current,0
LN701910,CUST101394,Personal,8016.72,12.88,36,2021-02-20,269.65,678,0.35,Current,0
LN701911,CUST107001,Auto,7740.61,10.71,36,2021-05-04,252.36,694,0.24,Paid Off,0
LN701912,CUST106339,Auto,28210.62,18.46,24,2022-05-06,1414.67,532,0.6,Default,142
LN701913,CUST100722,Debt Consolidation,32130.3,16.25,36,2021-01-22,1133.58,553,0.38,Current,0
LN701914,CUST105982,Auto,2443.6,8.48,36,2023-01-16,77.12,794,0.29,Current,0
LN701915,CUST102903,Personal,2369.66,9.17,48,2025-08-15,59.16,699,0.5,Current,0
LN701916,CUST104631,Personal,17805.59,14.92,6,2025-06-04,3098.07,626,0.51,Paid Off,0
LN701917,CUST109066,Personal,3618.44,8.06,24,2026-03-09,163.75,705,0.35,Current,0
LN701918,CUST108663,Personal,24321.57,11.75,24,2023-02-14,1142.06,702,0.52,Paid Off,0
LN701919,CUST106606,BNPL,211.1,9.43,48,2026-04-12,5.3,667,0.55,Current,0
LN701920,CUST109757,BNPL,1179.41,17.06,36,2026-04-20,42.08,571,0.56,Current,0
LN701921,CUST102145,Auto,12031.22,12.13,6,2021-04-14,2076.74,715,0.36,Paid Off,0
LN701922,CUST108950,Personal,2731.33,13.77,6,2023-02-23,473.68,665,0.35,Paid Off,0
LN701923,CUST100691,Personal,30170.87,9.92,12,2022-08-02,2651.38,715,0.34,Current,0
LN701924,CUST110100,Personal,7510.79,10.22,36,2023-07-12,243.13,626,0.4,Paid Off,0
LN701925,CUST100869,BNPL,264.06,10.4,6,2023-02-06,45.35,642,0.32,Current,0
LN701926,CUST100409,Personal,29110.6,14.62,12,2023-04-12,2622.26,608,0.48,Paid Off,0
LN701927,CUST104416,Personal,14011.69,16.38,12,2023-09-11,1273.81,642,0.67,Default,249
LN701928,CUST107428,BNPL,1218.32,12.35,36,2022-01-18,40.67,610,0.48,Late,45
LN701929,CUST108899,Auto,14276.12,14.11,6,2024-10-23,2478.23,618,0.52,Paid Off,0
LN701930,CUST103992,Personal,17660.31,8.04,24,2023-09-18,799.05,662,0.43,Current,0
LN701931,CUST107523,Personal,20176.35,9.41,36,2023-11-15,645.46,712,0.36,Current,0
LN701932,CUST107528,Auto,31113.57,14.76,24,2023-04-07,1505.05,666,0.38,Paid Off,0
LN701933,CUST105608,BNPL,944.39,11.78,6,2024-12-16,162.85,680,0.63,Paid Off,0
LN701934,CUST101581,BNPL,1017.52,12.45,6,2025-03-16,175.8,658,0.37,Current,0
LN701935,CUST103161,Personal,3212.73,14.27,60,2021-11-21,75.21,625,0.36,Current,0
LN701936,CUST102232,Personal,4285.53,14.44,12,2025-08-22,385.67,630,0.48,Current,0
LN701937,CUST103279,Personal,33136.44,14.67,24,2023-08-29,1601.48,637,0.52,Late,62
LN701938,CUST110521,Personal,26459.54,15.36,36,2021-04-02,921.9,592,0.56,Paid Off,0
LN701939,CUST107532,Auto,22919.18,14.21,36,2024-10-10,785.66,686,0.54,Current,0
LN701940,CUST103875,BNPL,990.2,12.7,12,2022-09-13,88.3,627,0.26,Current,0
LN701941,CUST109542,Personal,18081.93,11.33,6,2022-04-24,3114.02,671,0.24,Paid Off,0
LN701942,CUST108441,Auto,13227.46,15.82,48,2025-04-29,373.65,558,0.34,Current,0
LN701943,CUST105137,Debt Consolidation,26204.25,18.05,36,2023-02-19,948,597,0.37,Paid Off,0
LN701944,CUST106797,Debt Consolidation,2325.85,11.8,12,2024-05-12,206.43,646,0.38,Late,79
LN701945,CUST103764,BNPL,1303.9,12.08,24,2025-08-14,61.43,666,0.5,Current,0
LN701946,CUST101887,Auto,17106.22,13.84,48,2026-05-17,466.08,552,0.32,Current,0
LN701947,CUST105192,BNPL,1030.24,19.37,12,2025-12-13,95.13,442,0.55,Default,155
LN701948,CUST108679,Debt Consolidation,19576.56,13.16,36,2023-12-04,661.12,653,0.43,Current,0
LN701949,CUST109452,Debt Consolidation,5551.7,5.63,24,2022-11-23,245.13,802,0.45,Current,0
LN701950,CUST106310,Personal,9350.04,14.9,6,2023-07-09,1626.76,678,0.44,Late,79
LN701951,CUST110474,Auto,34741.99,12.17,12,2022-05-11,3089.55,745,0.53,Current,0
LN701952,CUST104779,Personal,28682.34,9.5,48,2023-06-29,720.59,717,0.42,Current,0
LN701953,CUST110573,Auto,27951.64,13.37,24,2026-02-11,1333.73,645,0.31,Current,0
LN701954,CUST102047,Personal,29548.35,14.9,36,2022-08-30,1022.86,525,0.39,Current,0
LN701955,CUST109532,Personal,6196.32,17.51,24,2025-03-07,307.88,536,0.54,Current,0
LN701956,CUST102417,BNPL,863.9,15.37,12,2026-04-10,78.13,621,0.47,Late,54
LN701957,CUST110865,BNPL,714.43,18.47,6,2025-04-18,125.57,557,0.53,Current,0
LN701958,CUST105600,Personal,19077.44,13.19,60,2022-08-23,435.93,691,0.29,Current,0
LN701959,CUST106979,Debt Consolidation,34524.67,11.95,48,2021-02-21,908.32,713,0.34,Paid Off,0
LN701960,CUST110922,Auto,7715.89,12.4,12,2023-11-28,686.99,622,0.32,Paid Off,0
LN701961,CUST107293,Personal,12836.28,13.76,12,2021-11-15,1151.08,683,0.2,Current,0
LN701962,CUST103715,Auto,17048.55,11.53,36,2021-11-15,562.44,624,0.29,Current,0
LN701963,CUST109159,Auto,26726.26,11.42,24,2025-04-03,1250.87,656,0.52,Current,0
LN701964,CUST108463,Auto,27698.39,11.29,48,2024-12-22,719.79,776,0.23,Current,0
LN701965,CUST105381,Auto,13181.25,13.12,36,2021-03-04,444.89,679,0.4,Current,0
LN701966,CUST106889,BNPL,1487.88,12.7,36,2023-10-29,49.92,645,0.47,Current,0
LN701967,CUST110523,Personal,18048.63,16.94,12,2021-09-12,1645.61,597,0.35,Current,0
LN701968,CUST105731,Debt Consolidation,15406.38,16.58,36,2021-03-23,546.06,558,0.4,Current,0
LN701969,CUST104830,BNPL,1077.05,12.89,24,2022-09-29,51.15,722,0.36,Late,61
LN701970,CUST105862,Personal,10837.63,12.73,36,2023-01-29,363.75,585,0.43,Current,0
LN701971,CUST106130,Debt Consolidation,18332.85,17.48,12,2021-09-05,1676.22,514,0.59,Default,153
LN701972,CUST109289,Personal,11140.19,11.58,12,2024-10-07,987.6,607,0.43,Paid Off,0
LN701973,CUST103058,BNPL,1407.46,14.6,24,2026-02-06,67.98,600,0.49,Current,0
LN701974,CUST110154,BNPL,751.69,10.9,12,2026-05-02,66.4,732,0.37,Current,0
LN701975,CUST103148,Personal,17267.23,11.44,60,2024-01-26,379.23,722,0.56,Current,0
LN701976,CUST104200,BNPL,979.72,12.71,6,2023-09-12,169.39,734,0.37,Current,0
LN701977,CUST107050,Personal,29139.15,7.11,48,2024-05-14,699.26,668,0.42,Current,0
LN701978,CUST101808,Personal,6769.34,10.83,12,2023-06-09,597.75,728,0.32,Paid Off,0
LN701979,CUST109671,Auto,19339.23,10.61,6,2024-12-19,3323.68,605,0.52,Current,0
LN701980,CUST110273,Personal,16382.13,11.51,48,2025-01-04,427.47,732,0.57,Late,48
LN701981,CUST108638,Auto,30544.67,13.27,48,2026-01-30,823.54,608,0.53,Late,74
LN701982,CUST103569,Personal,31086.83,14.61,36,2021-04-27,1071.71,567,0.57,Paid Off,0
LN701983,CUST104201,BNPL,1128.14,11.02,24,2025-03-26,52.59,631,0.48,Current,0
LN701984,CUST101512,Debt Consolidation,20186.8,14.17,48,2023-07-27,553.36,615,0.48,Current,0
LN701985,CUST106188,Personal,34559.36,15.46,36,2025-05-11,1205.81,514,0.64,Default,151
LN701986,CUST108702,Debt Consolidation,12249.44,11.05,12,2025-10-05,1082.91,727,0.2,Current,0
LN701987,CUST107577,BNPL,1485.25,12.19,12,2025-01-22,132.09,695,0.48,Paid Off,0
LN701988,CUST100013,Personal,24282.61,15.06,24,2024-01-27,1178.07,642,0.26,Current,0
LN701989,CUST103570,Debt Consolidation,4268.67,13.46,24,2021-01-24,203.86,469,0.48,Current,0
LN701990,CUST104786,Personal,23181.58,12.09,36,2025-09-03,770.96,558,0.28,Current,0
LN701991,CUST105024,Debt Consolidation,6409.37,7.5,24,2023-06-27,288.42,760,0.22,Paid Off,0
LN701992,CUST105743,BNPL,893.55,14.62,12,2024-05-03,80.49,587,0.45,Current,0
LN701993,CUST106527,Personal,24882.02,13.31,6,2025-01-12,4309.47,691,0.2,Paid Off,0
LN701994,CUST102301,Debt Consolidation,4969.91,18.67,24,2023-11-08,249.73,575,0.57,Current,0
LN701995,CUST103232,Personal,22174.29,9.19,48,2025-11-14,553.81,669,0.61,Current,0
LN701996,CUST100657,Debt Consolidation,6114.88,12.75,36,2021-07-09,205.3,603,0.41,Late,88
LN701997,CUST104716,Debt Consolidation,15261.18,9.6,60,2026-03-02,321.26,742,0.38,Current,0
LN701998,CUST106258,Personal,15442.46,12.29,12,2022-10-23,1374.14,636,0.28,Default,90
LN701999,CUST108749,Auto,21205.61,11.91,36,2021-02-26,703.42,692,0.22,Paid Off,0
LN702000,CUST110779,BNPL,1157.06,14.96,36,2025-03-20,40.09,499,0.58,Current,0
LN702001,CUST104194,Personal,31236.8,15.58,36,2025-07-10,1091.73,526,0.58,Default,128
LN702002,CUST107845,Personal,4124.02,15.36,6,2026-05-25,718.46,627,0.49,Current,0
LN702003,CUST101840,Auto,34469.55,16.09,6,2024-08-10,6017.52,590,0.55,Paid Off,0
LN702004,CUST106312,BNPL,417.83,16.42,60,2023-08-13,10.25,638,0.34,Current,0
LN702005,CUST105258,BNPL,721.95,8.61,48,2026-05-19,17.83,652,0.45,Current,0
LN702006,CUST103866,Auto,22583.28,12.54,24,2024-05-18,1068.78,600,0.61,Paid Off,0
LN702007,CUST104369,Debt Consolidation,20440.64,11.78,12,2024-03-18,1814.02,611,0.52,Late,31
LN702008,CUST109015,Personal,3108.6,11.19,36,2024-02-26,102.05,604,0.54,Current,0
LN702009,CUST106341,Auto,20027.46,12.11,36,2024-08-30,666.25,657,0.47,Current,0
LN702010,CUST110480,BNPL,1370.43,16.18,60,2021-09-17,33.46,602,0.39,Current,0
LN702011,CUST106947,Personal,3619.47,15.72,24,2026-01-14,176.74,487,0.67,Default,117
LN702012,CUST101529,BNPL,789.45,9.95,12,2024-03-15,69.39,679,0.64,Late,74
LN702013,CUST106475,Personal,7540.74,11.34,6,2021-09-07,1298.68,681,0.13,Paid Off,0
LN702014,CUST106714,Personal,3012.36,20.66,6,2025-06-14,532.74,512,0.51,Default,218
LN702015,CUST100041,Personal,23262.41,16.63,36,2024-06-29,825.09,527,0.6,Default,247
LN702016,CUST100466,Debt Consolidation,21938.77,19.67,24,2021-04-13,1113.06,523,0.54,Paid Off,0
LN702017,CUST108011,Personal,21934.58,19.94,36,2021-02-01,814.5,489,0.62,Default,267
LN702018,CUST108151,BNPL,815.85,10.8,36,2024-12-29,26.63,681,0.31,Current,0
LN702019,CUST104766,Personal,14336.42,11.06,36,2026-03-21,469.76,769,0.35,Current,0
LN702020,CUST109446,Auto,27417.3,11.45,24,2022-10-18,1283.6,712,0.4,Current,0
LN702021,CUST109232,BNPL,1215.37,12.07,12,2022-01-01,108.02,644,0.42,Paid Off,0
LN702022,CUST109351,BNPL,1391.12,8.81,24,2026-05-01,63.43,681,0.42,Current,0
LN702023,CUST105701,Auto,20353.85,13.16,36,2022-10-08,687.37,684,0.24,Current,0
LN702024,CUST103210,Auto,20527.08,13.38,48,2022-01-26,554.57,676,0.16,Paid Off,0
LN702025,CUST103890,Personal,28924.23,15.81,60,2025-05-20,700.46,526,0.52,Default,175
LN702026,CUST109348,Personal,13204.79,12.43,24,2023-08-06,624.25,553,0.32,Paid Off,0
LN702027,CUST103663,Personal,11416.69,8.23,24,2023-08-27,517.54,710,0.15,Paid Off,0
LN702028,CUST106261,Personal,21630.48,12.74,48,2024-03-30,577.5,646,0.54,Late,51
LN702029,CUST110543,Personal,12610.63,12.6,24,2025-05-14,597.17,604,0.53,Current,0
LN702030,CUST104291,Personal,19717.07,10.87,48,2023-08-29,508.35,663,0.4,Current,0
LN702031,CUST101159,Auto,8018.77,12.09,36,2022-12-22,266.68,666,0.33,Current,0
LN702032,CUST101600,Debt Consolidation,14185.4,10.46,24,2026-02-01,657.6,647,0.58,Late,24
LN702033,CUST106368,BNPL,438.33,12.8,24,2024-08-09,20.8,614,0.53,Current,0
LN702034,CUST101263,Auto,27333.95,6.35,12,2024-01-13,2356.94,771,0.39,Paid Off,0
LN702035,CUST104629,Personal,24446.62,9.51,6,2021-05-23,4188.19,731,0.24,Paid Off,0
LN702036,CUST109288,Personal,6816.08,13.71,12,2025-10-24,611.07,665,0.27,Current,0
LN702037,CUST106205,Personal,33275.81,10.05,60,2022-03-06,707.83,614,0.55,Current,0
LN702038,CUST107488,BNPL,1334.29,17.64,12,2023-08-19,122.1,504,0.42,Paid Off,0
LN702039,CUST109736,Auto,28634.84,13.32,36,2021-01-24,969.24,613,0.49,Paid Off,0
LN702040,CUST106721,Personal,33679.75,13.2,12,2023-03-21,3011.34,641,0.28,Current,0
LN702041,CUST103967,Personal,32359.28,15.83,12,2023-06-07,2933.38,559,0.46,Paid Off,0
LN702042,CUST108698,Debt Consolidation,3727.8,12.46,24,2025-06-30,176.28,570,0.41,Current,0
LN702043,CUST106131,Personal,19699.96,13.44,36,2021-02-11,667.95,558,0.71,Late,19
LN702044,CUST105127,Auto,16581.39,12.86,60,2021-01-19,376.09,671,0.58,Current,0
LN702045,CUST106613,Personal,26228.28,16.83,12,2023-09-05,2390.03,628,0.31,Paid Off,0
LN702046,CUST102181,Personal,20199.54,11.74,36,2023-01-03,668.41,692,0.29,Late,35
LN702047,CUST105290,Auto,16160.03,10.33,36,2025-01-20,523.95,622,0.44,Current,0
LN702048,CUST101034,Auto,18416.9,13.88,24,2021-05-14,883.2,714,0.46,Paid Off,0
LN702049,CUST103297,Debt Consolidation,22755.48,15.18,24,2022-04-09,1105.28,638,0.36,Current,0
LN702050,CUST108000,Auto,21400.68,14.71,36,2026-06-19,738.83,607,0.24,Current,0
LN702051,CUST101025,Debt Consolidation,27427.7,19.67,12,2025-01-24,2536.42,476,0.47,Current,0
LN702052,CUST105612,Personal,3614.16,15.15,36,2023-07-07,125.55,627,0.52,Paid Off,0
LN702053,CUST106536,Personal,32672.89,13.35,36,2026-05-30,1106.39,655,0.43,Current,0
LN702054,CUST100773,Personal,33829.63,14.83,12,2025-06-08,3050.69,698,0.37,Current,0
LN702055,CUST101515,BNPL,899.46,14.44,6,2022-05-09,156.29,647,0.39,Current,0
LN702056,CUST109856,Personal,19103.2,14.03,24,2024-07-20,917.47,697,0.31,Current,0
LN702057,CUST106207,Debt Consolidation,16664,10.6,12,2023-10-10,1469.68,718,0.39,Current,0
LN702058,CUST104378,Personal,18025.55,10.16,6,2026-02-13,3093.91,653,0.28,Current,0
LN702059,CUST105824,Auto,12583.19,9.13,6,2022-05-27,2153.4,712,0.34,Paid Off,0
LN702060,CUST105102,Personal,20308.23,7.15,12,2021-12-15,1758.61,748,0.44,Current,0
LN702061,CUST104790,Auto,11522.88,9.99,12,2024-02-08,1012.99,758,0.38,Current,0
LN702062,CUST110256,Auto,4300.95,10.4,36,2024-06-30,139.59,637,0.3,Current,0
LN702063,CUST105640,Debt Consolidation,16298.61,12.96,24,2026-01-20,774.56,621,0.42,Current,0
LN702064,CUST102521,Debt Consolidation,3859.54,13.32,24,2021-06-23,184.07,657,0.48,Paid Off,0
LN702065,CUST101390,Debt Consolidation,23963.21,13.9,24,2023-12-02,1149.41,594,0.51,Paid Off,0
LN702066,CUST105051,BNPL,242.01,18.99,6,2025-09-12,42.6,600,0.43,Default,244
LN702067,CUST109428,Auto,23003.74,11.27,48,2025-06-08,597.56,682,0.33,Current,0
LN702068,CUST106479,BNPL,648.28,14.49,48,2022-08-18,17.87,640,0.46,Current,0
LN702069,CUST103055,BNPL,580.34,8.07,12,2022-08-15,50.5,662,0.42,Current,0
LN702070,CUST101943,Personal,1715.03,13.55,36,2025-10-22,58.24,641,0.47,Current,0
LN702071,CUST101759,Personal,5142.24,16.65,60,2023-09-20,126.83,649,0.41,Current,0
LN702072,CUST104291,Personal,4323.7,12.54,60,2024-03-27,97.36,663,0.48,Late,76
LN702073,CUST101264,Personal,18783.69,15.27,48,2021-01-23,525.34,652,0.47,Late,72
LN702074,CUST105879,Personal,14845.46,8.52,24,2024-06-02,674.95,727,0.26,Current,0
LN702075,CUST102847,Personal,12615.7,13.83,12,2021-03-07,1131.72,656,0.25,Paid Off,0
LN702076,CUST110842,Personal,9884.88,15.46,24,2022-03-27,481.45,551,0.34,Paid Off,0
LN702077,CUST101820,Auto,15039.91,12.65,12,2024-12-10,1340.86,655,0.52,Current,0
LN702078,CUST106849,Personal,17125.51,12.5,12,2024-01-19,1525.59,721,0.56,Late,35
LN702079,CUST109194,Personal,8157.74,14.66,12,2024-08-05,735,570,0.51,Default,123
LN702080,CUST101470,Personal,1966.75,14.6,60,2023-10-19,46.38,677,0.18,Current,0
LN702081,CUST100332,Personal,24393.15,9.71,24,2021-02-22,1122.36,665,0.47,Paid Off,0
LN702082,CUST108102,Personal,2556.58,13.07,60,2024-04-23,58.26,632,0.68,Current,0
LN702083,CUST109692,Personal,14710.65,13.64,24,2023-11-25,703.8,559,0.71,Paid Off,0
LN702084,CUST101136,Personal,23274.14,9.93,36,2026-04-18,750.23,573,0.45,Current,0
LN702085,CUST110499,BNPL,758.41,9.74,12,2025-11-01,66.58,687,0.45,Current,0
LN702086,CUST107640,Personal,12065.34,10.08,24,2024-02-20,557.2,620,0.45,Paid Off,0
LN702087,CUST101404,Personal,26384.84,16.07,24,2021-02-11,1292.77,572,0.47,Paid Off,0
LN702088,CUST107153,Auto,5258.04,8.84,36,2024-01-09,166.81,730,0.37,Current,0
LN702089,CUST106171,Debt Consolidation,3596.37,13.43,6,2024-02-19,623.09,569,0.44,Paid Off,0
LN702090,CUST104129,Auto,31888.63,13.88,12,2026-03-16,2861.39,690,0.36,Current,0
LN702091,CUST102938,Personal,30387.85,13.66,12,2024-10-10,2723.58,639,0.51,Paid Off,0
LN702092,CUST102520,Debt Consolidation,27057.51,15.92,60,2022-03-26,656.84,677,0.21,Late,87
LN702093,CUST102553,Personal,28086.5,15.66,24,2021-08-18,1370.64,536,0.48,Default,226
LN702094,CUST108608,Auto,12028.86,12,48,2022-01-14,316.77,643,0.58,Late,62
LN702095,CUST103091,Debt Consolidation,18858.51,12,12,2025-12-10,1675.56,648,0.47,Current,0
LN702096,CUST101579,Personal,33230.97,15.06,48,2022-07-07,925.85,587,0.54,Default,146
LN702097,CUST100978,Personal,34551.11,18.97,48,2023-05-02,1032.54,585,0.48,Current,0
LN702098,CUST100512,BNPL,1222.27,14.6,36,2025-07-19,42.13,684,0.31,Current,0
LN702099,CUST108513,Debt Consolidation,28267.43,11.61,6,2026-05-15,4872.05,706,0.47,Current,0
LN702100,CUST105436,Auto,27405.88,13.62,60,2025-10-18,632.3,676,0.42,Current,0
LN702101,CUST105989,Personal,28594.27,5.72,6,2025-07-08,4845.53,762,0.29,Paid Off,0
LN702102,CUST106688,Personal,3661.26,7.51,24,2023-04-07,164.77,758,0.28,Paid Off,0
LN702103,CUST110525,BNPL,109.96,16.09,24,2021-07-10,5.39,542,0.6,Default,149
LN702104,CUST100745,Personal,21167.5,11.3,60,2024-05-12,463.41,682,0.28,Current,0
LN702105,CUST106959,Auto,3135.32,15.38,60,2025-03-20,75.22,647,0.35,Current,0
LN702106,CUST103331,Personal,34962.23,17,24,2025-07-17,1728.61,567,0.36,Current,0
LN702107,CUST108318,Auto,23199.71,14.33,48,2023-01-05,637.81,592,0.21,Current,0
LN702108,CUST107745,Personal,34792.84,11.4,60,2022-12-18,763.44,687,0.47,Current,0
LN702109,CUST100644,Personal,13704.9,8.47,36,2022-02-20,432.44,774,0.23,Paid Off,0
LN702110,CUST106204,Auto,4261.46,13.72,36,2021-01-15,145.07,705,0.43,Current,0
LN702111,CUST105426,Debt Consolidation,32492.93,11.3,12,2025-10-15,2876.33,644,0.42,Current,0
LN702112,CUST110381,BNPL,612.48,13.89,24,2023-08-26,29.38,596,0.48,Paid Off,0
LN702113,CUST104031,Auto,8568.8,18.89,60,2021-11-01,221.76,568,0.47,Current,0
LN702114,CUST100654,Personal,13997.71,8.85,24,2021-05-21,638.52,700,0.39,Current,0
LN702115,CUST109613,Personal,6700.32,17.54,48,2024-02-21,195.22,551,0.46,Current,0
LN702116,CUST105889,Personal,16709.86,12.34,36,2021-04-28,557.72,704,0.24,Paid Off,0
LN702117,CUST102001,Personal,27677.29,15.32,36,2022-07-06,963.79,600,0.37,Current,0
LN702118,CUST102911,Personal,10510.71,9.89,6,2022-01-15,1802.66,722,0.42,Current,0
LN702119,CUST108465,Personal,22316.92,13.94,48,2025-08-30,609.17,702,0.28,Late,19
LN702120,CUST103257,Personal,19298.08,14.62,48,2022-07-06,533.37,553,0.26,Late,34
LN702121,CUST110292,Auto,11671.61,17.23,24,2025-09-06,578.36,647,0.12,Current,0
LN702122,CUST108203,Debt Consolidation,8380.57,13.19,48,2025-07-14,225.62,563,0.67,Default,119
LN702123,CUST103698,Auto,5471.12,13.31,48,2021-06-10,147.62,696,0.34,Current,0
LN702124,CUST105874,Auto,8874.89,15.65,12,2023-11-13,803.76,575,0.52,Default,257
LN702125,CUST105799,Personal,24987.87,9.82,60,2022-04-14,528.71,555,0.35,Current,0
LN702126,CUST100379,Debt Consolidation,22884.08,19.02,24,2024-04-09,1153.78,548,0.55,Paid Off,0
LN702127,CUST106625,Personal,5142.53,12.55,12,2023-12-21,458.23,633,0.44,Late,77
LN702128,CUST100151,Personal,12885.24,11.04,36,2022-08-13,422.09,641,0.5,Paid Off,0
LN702129,CUST101883,Debt Consolidation,16672.21,15.97,48,2026-02-20,472.24,543,0.54,Current,0
LN702130,CUST103847,BNPL,1277.01,15.1,48,2022-03-13,35.6,596,0.33,Current,0
LN702131,CUST102436,Debt Consolidation,25508.78,9.77,60,2022-08-03,539.1,709,0.35,Current,0
LN702132,CUST110355,BNPL,875.6,13.54,48,2022-07-15,23.73,616,0.57,Paid Off,0
LN702133,CUST108987,Debt Consolidation,12594.98,13.45,24,2024-04-27,601.45,568,0.6,Paid Off,0
LN702134,CUST103651,Auto,24122.84,6.76,60,2026-01-07,474.93,795,0.33,Current,0
LN702135,CUST109795,Personal,4120.58,13.78,36,2023-02-26,140.39,653,0.22,Late,51
LN702136,CUST106937,Personal,19215.83,15.45,24,2021-09-02,935.82,658,0.32,Late,47
LN702137,CUST109058,Personal,26520.99,12.38,12,2022-11-23,2361.08,647,0.53,Paid Off,0
LN702138,CUST109155,Personal,24615.76,12.46,12,2023-07-20,2192.38,574,0.4,Paid Off,0
LN702139,CUST101499,Personal,10460.27,10.82,12,2026-01-17,923.62,652,0.24,Current,0
LN702140,CUST101957,BNPL,765.39,12.82,12,2025-03-11,68.3,690,0.19,Current,0
LN702141,CUST102358,BNPL,564.49,20.32,24,2025-01-03,28.82,495,0.56,Current,0
LN702142,CUST100583,Personal,9237.78,12.83,60,2021-12-13,209.38,567,0.54,Current,0
LN702143,CUST100593,Auto,33653.51,15.95,24,2024-11-03,1646.98,629,0.42,Default,105
LN702144,CUST107231,Debt Consolidation,8785.73,14.33,48,2026-03-12,241.54,569,0.3,Current,0
LN702145,CUST104678,Personal,15721.89,13.31,24,2024-04-09,749.74,639,0.17,Paid Off,0
LN702146,CUST102165,Personal,15372.09,13.25,48,2021-05-24,414.3,704,0.44,Late,71
LN702147,CUST109210,Auto,18829.46,17.22,24,2026-02-19,932.96,575,0.22,Current,0
LN702148,CUST102164,Debt Consolidation,34632.61,11.39,12,2024-08-11,3067.19,723,0.13,Current,0
LN702149,CUST101418,Personal,8097.9,12.23,24,2021-10-25,382.07,617,0.37,Current,0
LN702150,CUST106786,Auto,28597.93,12.53,24,2025-07-02,1353.29,664,0.46,Current,0
LN702151,CUST103478,Auto,6555.17,9.17,24,2022-10-30,299.98,680,0.23,Current,0
LN702152,CUST103006,Personal,30257.58,17.1,12,2026-04-30,2761.07,517,0.38,Default,239
LN702153,CUST108636,Personal,19605.68,12.55,6,2024-11-03,3388.26,606,0.37,Paid Off,0
LN702154,CUST101451,Auto,22621.92,11.74,36,2023-05-30,748.57,603,0.5,Current,0
LN702155,CUST102862,Personal,5950.5,6.75,48,2024-12-30,141.8,807,0.39,Current,0
LN702156,CUST106389,Debt Consolidation,3050.6,15.07,36,2021-10-14,105.85,566,0.49,Current,0
LN702157,CUST105997,Personal,12637.61,15.86,48,2021-04-11,357.25,585,0.59,Default,135
LN702158,CUST110286,Personal,18391.1,12.33,48,2023-10-11,487.29,713,0.49,Current,0
LN702159,CUST100994,BNPL,369.8,12.77,48,2021-07-23,9.88,606,0.52,Current,0
LN702160,CUST105890,Debt Consolidation,23683.33,13.1,36,2025-10-24,799.13,553,0.35,Current,0
LN702161,CUST108185,Personal,20116.73,10.31,36,2025-01-01,652.04,649,0.57,Current,0
LN702162,CUST101926,Personal,30193.02,12.35,60,2023-12-24,676.98,626,0.39,Current,0
LN702163,CUST101543,Auto,33655.2,13.59,36,2021-09-17,1143.56,654,0.43,Late,64
LN702164,CUST107229,BNPL,1498.09,8.52,48,2021-06-25,36.94,640,0.32,Late,42
LN702165,CUST104606,BNPL,1105.93,10.05,24,2023-02-19,51.06,643,0.41,Current,0
LN702166,CUST109580,BNPL,689.3,14.62,48,2023-05-31,19.05,646,0.3,Current,0
LN702167,CUST101916,Personal,25746.14,12.14,36,2023-03-09,856.86,733,0.54,Current,0
LN702168,CUST100074,BNPL,376.74,11.26,60,2021-03-02,8.24,707,0.42,Current,0
LN702169,CUST106680,Personal,21122.32,7.38,36,2023-04-06,655.87,725,0.18,Paid Off,0
LN702170,CUST107025,BNPL,304.52,14.75,12,2022-11-29,27.45,618,0.56,Paid Off,0
LN702171,CUST104287,Auto,17013.39,9.98,12,2023-11-22,1495.59,717,0.15,Paid Off,0
LN702172,CUST102612,Debt Consolidation,8553.63,13.61,24,2021-03-28,409.11,605,0.23,Paid Off,0
LN702173,CUST102470,Personal,14350.73,13.43,12,2024-11-04,1284.67,663,0.57,Current,0
LN702174,CUST106044,BNPL,1103.2,13.69,24,2025-09-27,52.81,694,0.39,Current,0
LN702175,CUST100391,BNPL,1465.28,12,48,2021-09-14,38.59,666,0.37,Paid Off,0
LN702176,CUST100474,Auto,34344,13.14,36,2023-08-10,1159.5,609,0.27,Current,0
LN702177,CUST106463,Personal,12730.94,13.49,24,2023-03-05,608.19,681,0.47,Late,81
LN702178,CUST107858,Personal,12847.06,11.86,36,2024-02-10,425.85,679,0.23,Current,0
LN702179,CUST110379,Debt Consolidation,12448.13,12.91,24,2022-11-16,591.28,662,0.45,Paid Off,0
LN702180,CUST104478,Personal,20493.8,14.85,36,2024-07-17,708.92,597,0.4,Current,0
LN702181,CUST109854,Personal,21520.39,18.01,36,2026-06-11,778.12,563,0.57,Default,172
LN702182,CUST100114,BNPL,1280.23,14.65,48,2023-03-07,35.4,707,0.47,Default,249
LN702183,CUST107982,BNPL,1340.61,14.31,48,2024-06-17,36.84,656,0.31,Current,0
LN702184,CUST101543,BNPL,296.69,14.3,48,2021-10-24,8.15,654,0.43,Paid Off,0
LN702185,CUST106041,Personal,16163.33,15.34,48,2024-10-16,452.63,563,0.46,Current,0
LN702186,CUST107492,Auto,4719.45,9.73,48,2024-10-25,119.09,698,0.16,Current,0
LN702187,CUST109114,Debt Consolidation,24261.67,12.75,24,2024-04-28,1150.6,627,0.45,Paid Off,0
LN702188,CUST106724,BNPL,245.07,19.57,24,2025-01-16,12.42,577,0.63,Default,155
LN702189,CUST102596,Debt Consolidation,24477.07,9.21,36,2021-09-04,780.76,755,0.21,Current,0
LN702190,CUST101799,Debt Consolidation,1982.64,15.15,36,2021-11-04,68.87,601,0.32,Default,103
LN702191,CUST103265,Debt Consolidation,31789.84,12.36,36,2022-02-22,1061.35,599,0.6,Current,0
LN702192,CUST104490,Debt Consolidation,5196.98,10.43,60,2022-04-15,111.52,606,0.64,Current,0
LN702193,CUST101023,Personal,17678.14,8.41,24,2021-11-08,802.84,779,0.34,Current,0
LN702194,CUST101038,Auto,16081.44,12.08,48,2026-06-09,424.12,664,0.41,Current,0
LN702195,CUST103166,Personal,19321.4,9.78,24,2021-02-17,889.62,708,0.32,Current,0
LN702196,CUST109684,Auto,5013.06,11.02,36,2022-04-01,164.17,689,0.55,Current,0
LN702197,CUST102489,BNPL,585.24,15.87,60,2021-10-05,14.19,564,0.46,Current,0
LN702198,CUST110761,Debt Consolidation,16687.14,17.79,24,2021-11-13,831.4,646,0.57,Paid Off,0
LN702199,CUST107675,Personal,8256.51,9.24,48,2022-02-19,206.41,679,0.4,Paid Off,0
LN702200,CUST102425,Auto,22726.44,9.14,48,2024-08-01,567.06,691,0.3,Late,29
LN702201,CUST110479,BNPL,276.33,15.06,12,2023-02-06,24.95,576,0.48,Current,0
LN702202,CUST105445,BNPL,1083.11,10.26,24,2021-01-25,50.11,627,0.22,Current,0
LN702203,CUST107646,Auto,29525.91,11.7,12,2026-05-22,2619.2,552,0.53,Current,0
LN702204,CUST110186,BNPL,1343.56,14.09,12,2022-06-13,120.69,640,0.54,Current,0
LN702205,CUST103293,Debt Consolidation,31963.19,16.47,36,2023-04-01,1131.16,568,0.38,Current,0
LN702206,CUST107325,Auto,28659.85,12.98,36,2023-03-22,965.39,701,0.37,Current,0
LN702207,CUST101668,Auto,2129.99,16.98,36,2022-09-25,75.92,620,0.35,Paid Off,0
LN702208,CUST107865,Debt Consolidation,24140.05,16.87,36,2022-06-29,859.1,577,0.25,Current,0
LN702209,CUST108200,Auto,31018.15,19.33,12,2024-09-27,2863.41,540,0.49,Paid Off,0
LN702210,CUST109842,BNPL,1294.95,16.37,36,2022-10-30,45.76,587,0.29,Paid Off,0
LN702211,CUST110854,BNPL,115.14,14.64,24,2023-02-02,5.56,647,0.4,Paid Off,0
LN702212,CUST110874,BNPL,787.72,11.93,36,2022-12-16,26.14,620,0.47,Paid Off,0
LN702213,CUST100444,Personal,7878.1,16.87,12,2023-07-01,718.03,650,0.34,Current,0
LN702214,CUST104153,Debt Consolidation,27634.71,9.96,6,2022-04-17,4740.5,748,0.13,Current,0
LN702215,CUST101206,BNPL,654.08,6.24,36,2025-09-24,19.97,783,0.29,Current,0
LN702216,CUST108010,BNPL,931.86,10.79,60,2022-09-05,20.16,710,0.32,Current,0
LN702217,CUST110071,Personal,29002.8,9.73,24,2024-11-14,1334.72,723,0.32,Current,0
LN702218,CUST107490,Auto,13166.49,14.46,24,2021-07-30,635.03,657,0.31,Current,0
LN702219,CUST108097,Personal,33868.71,10.67,36,2021-03-03,1103.53,774,0.31,Paid Off,0
LN702220,CUST104754,BNPL,211.7,14.66,24,2026-03-06,10.23,599,0.34,Current,0
LN702221,CUST101084,Personal,23369.75,11.89,24,2024-10-02,1098.9,733,0.21,Current,0
LN702222,CUST107690,Debt Consolidation,5101.96,17.37,36,2025-09-26,182.84,519,0.39,Default,204
LN702223,CUST102396,BNPL,591.81,11.29,36,2022-12-25,19.46,648,0.51,Paid Off,0
LN702224,CUST102487,Personal,23141.07,10.26,24,2022-01-11,1070.62,781,0.32,Current,0
LN702225,CUST101608,Personal,14792.09,15.14,36,2025-12-27,513.79,621,0.51,Current,0
LN702226,CUST107864,BNPL,547.63,10.78,36,2022-10-22,17.87,685,0.38,Paid Off,0
LN702227,CUST107171,Debt Consolidation,23957.91,10.38,36,2021-03-20,777.34,623,0.53,Current,0
LN702228,CUST106659,Personal,22208.69,14.98,24,2025-10-17,1076.61,593,0.59,Late,49
LN702229,CUST107754,Personal,25448.61,8.93,24,2025-08-05,1161.8,741,0.44,Late,78
LN702230,CUST104904,Auto,22620.37,12.29,12,2024-12-31,2012.86,698,0.58,Current,0
LN702231,CUST108876,Personal,7412.35,9.41,36,2025-10-11,237.13,743,0.36,Current,0
LN702232,CUST104752,Personal,29611.53,13.81,36,2025-04-19,1009.32,568,0.29,Current,0
LN702233,CUST104685,Personal,25765.92,10.08,36,2025-07-30,832.36,649,0.37,Late,57
LN702234,CUST101333,Personal,17044.51,16.13,24,2024-12-12,835.61,565,0.51,Current,0
LN702235,CUST101326,Personal,16197.94,18.43,36,2025-05-23,589.09,623,0.4,Late,19
LN702236,CUST102870,Personal,15616.91,15.48,24,2021-08-03,760.78,500,0.65,Default,165
LN702237,CUST101546,Personal,18314.09,15.25,48,2021-07-28,512.02,621,0.63,Current,0
LN702238,CUST106047,Personal,7260.46,9.3,36,2022-01-07,231.9,596,0.29,Current,0
LN702239,CUST110805,BNPL,792.44,10.74,48,2021-01-16,20.38,675,0.27,Current,0
LN702240,CUST102800,Auto,8481.24,11.46,24,2023-11-20,397.11,597,0.59,Current,0
LN702241,CUST104846,BNPL,117.62,7.04,12,2021-07-28,10.18,741,0.3,Paid Off,0
LN702242,CUST109094,Personal,13696.81,12.16,48,2022-03-13,361.77,725,0.4,Paid Off,0
LN702243,CUST102234,Debt Consolidation,5035.27,11.72,6,2023-08-20,868.13,710,0.26,Paid Off,0
LN702244,CUST109646,Personal,34467.48,16.04,24,2026-04-29,1688.29,574,0.24,Late,70
LN702245,CUST104934,BNPL,794.02,10.43,60,2022-06-04,17.04,670,0.55,Current,0
LN702246,CUST107524,Personal,26215.12,14.03,48,2025-09-23,716.76,659,0.35,Current,0
LN702247,CUST109654,Personal,24465.41,9.66,36,2021-01-03,785.53,658,0.5,Current,0
LN702248,CUST105071,Auto,2764.38,13.79,6,2024-12-09,479.44,557,0.45,Current,0
LN702249,CUST109670,Personal,5791.37,18.29,36,2023-01-26,210.22,523,0.61,Default,101
LN702250,CUST106419,Personal,29044.5,9.64,60,2024-12-25,611.98,767,0.36,Late,18
LN702251,CUST109688,Personal,22370.55,16.41,48,2025-01-10,638.69,581,0.66,Current,0
LN702252,CUST104512,Personal,20698.52,10.74,48,2024-06-29,532.35,685,0.5,Late,51
LN702253,CUST109171,Personal,4638.73,8.48,36,2023-12-26,146.39,792,0.12,Current,0
LN702254,CUST105786,Auto,20108.83,11.08,36,2021-07-05,659.1,716,0.37,Current,0
LN702255,CUST100551,Auto,17737.95,16.78,36,2026-03-25,630.47,615,0.45,Current,0
LN702256,CUST100323,BNPL,365.67,13.91,24,2025-08-21,17.54,544,0.54,Default,193
LN702257,CUST105572,Debt Consolidation,16896.29,13.45,24,2024-10-22,806.86,755,0.28,Current,0
LN702258,CUST102071,Personal,11867.29,9.43,48,2025-05-05,297.75,697,0.4,Default,221
LN702259,CUST102258,Personal,29813.44,9.97,60,2023-02-15,633.01,670,0.17,Late,40
LN702260,CUST103429,Debt Consolidation,10241.39,10,48,2025-05-21,259.75,689,0.4,Current,0
LN702261,CUST110925,Debt Consolidation,15235.11,13.54,24,2022-04-30,728.18,622,0.15,Paid Off,0
LN702262,CUST105678,Personal,11159.96,12.24,48,2024-04-30,295.2,625,0.28,Late,80
LN702263,CUST100791,BNPL,534.04,16.25,12,2024-04-21,48.52,491,0.6,Current,0
LN702264,CUST102752,Personal,2718.84,14.97,36,2023-11-15,94.21,582,0.49,Late,18
LN702265,CUST102860,Auto,13985.38,12.09,12,2021-06-22,1243.17,681,0.41,Current,0
LN702266,CUST102108,BNPL,860.25,10.67,60,2024-03-22,18.56,711,0.2,Current,0
LN702267,CUST105878,BNPL,847.97,10.61,36,2022-09-10,27.61,652,0.55,Paid Off,0
LN702268,CUST108200,Personal,11583.34,14.45,6,2023-08-20,2012.73,540,0.7,Current,0
LN702269,CUST109948,Personal,24670.74,12.93,12,2023-08-10,2202.71,705,0.37,Current,0
LN702270,CUST107316,Personal,30070.79,12.63,36,2025-07-26,1007.85,665,0.24,Current,0
LN702271,CUST109339,Auto,3722.97,15.85,36,2021-01-15,130.61,648,0.36,Paid Off,0
LN702272,CUST108975,Auto,26574.02,12.91,12,2026-02-27,2372.4,591,0.56,Default,175
LN702273,CUST106859,Auto,15028.2,8.31,36,2025-09-28,473.08,734,0.33,Current,0
LN702274,CUST110027,Personal,32367.33,8.01,24,2023-09-03,1464.03,772,0.3,Paid Off,0
LN702275,CUST104976,Debt Consolidation,17260.78,11.62,36,2024-09-29,570.18,616,0.33,Current,0
LN702276,CUST110752,Personal,22142.89,15.79,12,2021-08-06,2006.84,517,0.45,Paid Off,0
LN702277,CUST102916,Personal,22675.61,17.3,24,2023-05-16,1124.4,597,0.59,Current,0
LN702278,CUST105804,BNPL,961.17,10.79,48,2023-08-20,24.74,747,0.26,Current,0
LN702279,CUST103236,BNPL,1009.66,13.96,60,2025-05-19,23.47,627,0.47,Current,0
LN702280,CUST109403,BNPL,1234.4,14.55,24,2022-06-13,59.59,552,0.69,Paid Off,0
LN702281,CUST104044,Personal,24973.65,16.02,24,2023-12-09,1223.03,619,0.44,Current,0
LN702282,CUST105105,Auto,27936.18,14.09,48,2022-01-20,764.66,591,0.5,Current,0
LN702283,CUST103582,BNPL,1056.7,11.72,36,2023-07-20,34.96,568,0.27,Current,0
LN702284,CUST108674,Auto,19701.75,16.24,36,2024-09-06,694.99,610,0.57,Late,22
LN702285,CUST105174,Auto,2395.2,14.14,24,2025-03-24,115.16,597,0.48,Current,0
LN702286,CUST110384,Auto,17896.18,19.41,12,2025-10-12,1652.75,612,0.5,Default,262
LN702287,CUST102532,BNPL,1334.75,16.01,24,2026-06-29,65.36,526,0.59,Default,235
LN702288,CUST110155,Personal,20412.7,11.82,36,2025-11-18,676.24,715,0.39,Current,0
LN702289,CUST109296,BNPL,564.78,11.51,12,2022-11-27,50.05,597,0.66,Late,87
LN702290,CUST103122,BNPL,562.06,13.18,36,2021-05-25,18.99,648,0.48,Paid Off,0
LN702291,CUST109660,Personal,17898.17,12.84,12,2022-10-16,1597.27,692,0.63,Current,0
LN702292,CUST104599,Personal,4944.95,12.77,36,2022-01-05,166.07,627,0.5,Paid Off,0
LN702293,CUST100704,BNPL,1065.69,6.72,12,2023-04-04,92.07,790,0.41,Paid Off,0
LN702294,CUST104100,Personal,27470.16,14.86,24,2023-05-21,1330.11,637,0.26,Late,49
LN702295,CUST108697,Personal,6491.86,11.8,6,2021-10-19,1119.52,654,0.2,Paid Off,0
LN702296,CUST106651,Personal,1977.31,8.18,6,2025-04-14,337.46,733,0.35,Late,22
LN702297,CUST109537,Auto,11837.69,16.27,60,2025-11-28,289.57,537,0.52,Late,45
LN702298,CUST101174,Personal,26551.23,15.95,6,2025-05-25,4633.33,527,0.37,Current,0
LN702299,CUST103867,Personal,7548.24,16.53,12,2024-05-24,686.75,574,0.6,Default,95
LN702300,CUST100999,BNPL,487.54,19.92,12,2025-09-10,45.14,607,0.25,Current,0
LN702301,CUST108577,Personal,15302.53,15.8,24,2021-04-16,747.8,497,0.56,Default,231
LN702302,CUST106731,Auto,33673.55,14.58,12,2021-12-14,3032.65,603,0.4,Paid Off,0
LN702303,CUST109905,Auto,26049.51,16.84,12,2022-08-05,2373.86,489,0.37,Default,205
LN702304,CUST106549,Auto,8184.25,13.76,36,2022-01-16,278.77,509,0.57,Default,193
LN702305,CUST102622,Auto,29240.31,19.84,12,2023-11-22,2706.42,584,0.61,Default,94
LN702306,CUST103609,Personal,27991.47,14.4,36,2023-01-13,962.13,507,0.55,Current,0
LN702307,CUST107357,BNPL,704.42,11.75,24,2022-12-03,33.08,636,0.53,Paid Off,0
LN702308,CUST101408,Personal,8183.85,15.77,6,2021-04-23,1427.39,526,0.51,Default,148
LN702309,CUST103174,Personal,6817.92,11.75,6,2021-09-09,1175.58,646,0.38,Current,0
LN702310,CUST104732,Personal,23479.98,17.56,12,2026-04-08,2147.73,611,0.55,Late,57
LN702311,CUST102720,Debt Consolidation,7032.97,16.1,36,2021-08-17,247.61,515,0.39,Paid Off,0
LN702312,CUST105342,BNPL,617.82,7.23,36,2024-03-04,19.14,791,0.32,Current,0
LN702313,CUST105833,Debt Consolidation,7652.27,17.56,48,2026-05-27,223.03,526,0.51,Current,0
LN702314,CUST109939,Personal,9369.61,10.44,24,2023-03-24,434.27,671,0.23,Current,0
LN702315,CUST107714,Debt Consolidation,27415.58,10.19,6,2024-01-22,4706.02,682,0.48,Current,0
LN702316,CUST103839,Debt Consolidation,13092.62,14.81,12,2023-03-14,1180.54,561,0.48,Paid Off,0
LN702317,CUST110054,Personal,33455.41,11.94,24,2024-02-27,1573.93,678,0.4,Late,46
LN702318,CUST108712,Personal,1522.08,12.36,12,2026-06-21,135.49,577,0.36,Late,27
LN702319,CUST104948,Auto,25404.61,13.77,60,2022-04-02,588.1,622,0.4,Current,0
LN702320,CUST103699,Personal,3521.72,10.18,24,2023-10-06,162.8,638,0.28,Current,0
LN702321,CUST107912,Auto,9152.04,11.97,24,2024-07-07,430.69,633,0.52,Current,0
LN702322,CUST107393,Personal,12620.68,13.86,24,2025-09-05,605.12,739,0.63,Current,0
LN702323,CUST103784,Personal,32972.92,12.3,48,2024-04-23,873.17,621,0.47,Current,0
LN702324,CUST100112,BNPL,1212.59,19.82,36,2026-02-22,44.95,476,0.57,Default,228
LN702325,CUST105466,Auto,17579.12,20.02,24,2023-07-23,894.88,496,0.39,Current,0
LN702326,CUST102821,BNPL,1205.76,14.76,12,2022-10-21,108.69,564,0.47,Current,0
LN702327,CUST102922,Personal,4775.77,5.32,6,2026-06-13,808.36,813,0.13,Current,0
LN702328,CUST105029,Personal,28723.12,15.22,24,2026-05-21,1395.69,574,0.6,Current,0
LN702329,CUST105620,BNPL,1022.23,10.84,36,2023-03-12,33.39,615,0.39,Current,0
LN702330,CUST110509,BNPL,285.2,10.96,6,2025-07-26,49.06,782,0.45,Paid Off,0
LN702331,CUST100852,Personal,5767.53,10.41,36,2023-09-18,187.21,735,0.32,Current,0
LN702332,CUST103868,Auto,19509.1,9.39,36,2022-02-06,623.93,681,0.26,Current,0
LN702333,CUST101139,BNPL,654.84,11.41,12,2021-04-26,58,572,0.44,Paid Off,0
LN702334,CUST109878,Debt Consolidation,34810.15,9.45,48,2023-06-07,873.71,779,0.35,Current,0
LN702335,CUST103967,BNPL,1080.5,16.92,48,2021-09-03,31.13,559,0.62,Default,195
LN702336,CUST104487,Debt Consolidation,25576.43,12.15,36,2022-10-21,851.34,622,0.42,Current,0
LN702337,CUST103032,Personal,22497.18,9.02,12,2021-06-07,1967.62,756,0.32,Paid Off,0
LN702338,CUST100994,Personal,3993.9,14.14,60,2024-08-25,93.22,606,0.33,Current,0
LN702339,CUST100047,BNPL,838.74,17.42,12,2023-12-28,76.66,487,0.41,Default,234
LN702340,CUST110989,Personal,22656.54,11.15,60,2025-08-11,494.3,600,0.27,Current,0
LN702341,CUST100247,Auto,7116.06,11.06,36,2024-07-03,233.17,635,0.68,Current,0
LN702342,CUST109677,BNPL,1476.21,11.99,36,2022-03-25,49.02,689,0.42,Current,0
LN702343,CUST108173,Personal,27136.85,13.26,12,2022-04-12,2427.1,646,0.34,Paid Off,0
LN702344,CUST102397,BNPL,1339.31,14.29,36,2021-09-12,45.96,594,0.43,Paid Off,0
LN702345,CUST108533,Personal,31915,10.33,48,2022-08-13,814.51,727,0.3,Current,0
LN702346,CUST109778,Personal,16340.21,16.19,6,2025-10-26,2853.4,562,0.49,Current,0
LN702347,CUST103805,BNPL,392.18,16.18,24,2021-10-13,19.24,540,0.52,Paid Off,0
LN702348,CUST106877,Personal,5758.35,15.71,36,2023-03-31,201.62,573,0.33,Current,0
LN702349,CUST102401,Personal,27927.52,12.6,36,2021-10-05,935.62,625,0.65,Current,0
LN702350,CUST108299,Debt Consolidation,34349.4,11.07,24,2022-12-27,1602.07,651,0.28,Late,78
LN702351,CUST105247,BNPL,256.73,8.54,24,2022-04-10,11.67,709,0.25,Current,0
LN702352,CUST105714,Auto,14776.97,10.94,36,2025-08-12,483.36,673,0.46,Current,0
LN702353,CUST104102,Auto,2606.17,9.91,60,2023-05-13,55.26,693,0.2,Current,0
LN702354,CUST100973,BNPL,778.04,18.04,36,2022-07-09,28.14,569,0.41,Default,185
LN702355,CUST106033,Personal,14981.21,14.32,48,2025-04-30,411.79,600,0.37,Late,52
LN702356,CUST102718,Personal,2131.9,15.07,60,2024-06-18,50.8,597,0.56,Late,39
LN702357,CUST108350,Personal,27120.19,16.17,6,2024-03-04,4735.59,532,0.62,Paid Off,0
LN702358,CUST109868,BNPL,1340.3,10.1,36,2022-09-19,43.31,615,0.37,Current,0
LN702359,CUST100371,Personal,24766.37,10.77,6,2025-03-03,4258.36,675,0.26,Current,0
LN702360,CUST100594,Personal,26279.5,12.49,36,2021-08-09,879.02,666,0.18,Paid Off,0
LN702361,CUST102691,Debt Consolidation,20946.58,15.8,24,2025-01-22,1023.61,590,0.44,Default,215
LN702362,CUST106798,Personal,17117.55,9.43,24,2024-11-09,785.39,700,0.37,Current,0
LN702363,CUST107485,Auto,25668.28,10.57,12,2026-06-02,2263.46,583,0.4,Current,0
LN702364,CUST108703,Auto,27482.75,13.46,12,2022-07-17,2460.62,670,0.52,Paid Off,0
LN702365,CUST106053,BNPL,1265.02,9.25,24,2021-03-31,57.94,716,0.25,Late,84
LN702366,CUST107088,Auto,32230.14,11.41,36,2026-05-11,1061.44,655,0.36,Current,0
LN702367,CUST110146,Personal,24146.6,9.67,24,2025-09-18,1110.57,696,0.34,Current,0
LN702368,CUST102556,Personal,21818.44,8.74,24,2026-01-03,994.17,784,0.34,Current,0
LN702369,CUST101193,BNPL,836.98,10.85,6,2022-04-07,143.94,737,0.21,Late,85
LN702370,CUST104445,Auto,2127.33,10.65,12,2024-07-25,187.67,756,0.22,Paid Off,0
LN702371,CUST107093,Personal,29689.53,16.84,12,2023-02-20,2705.57,501,0.47,Default,166
LN702372,CUST105916,BNPL,193.81,12.93,36,2022-06-21,6.52,563,0.27,Paid Off,0
LN702373,CUST105232,BNPL,1402.2,5.63,36,2023-02-01,42.42,753,0.24,Current,0
LN702374,CUST100319,Personal,22845.84,13.21,36,2021-01-07,772.08,646,0.48,Paid Off,0
LN702375,CUST104754,BNPL,1437.15,13.45,36,2024-03-07,48.74,599,0.34,Late,33
LN702376,CUST109497,Personal,16290.59,13.09,12,2021-01-22,1455.72,655,0.5,Paid Off,0
LN702377,CUST101297,Personal,4158.65,16.24,24,2025-12-29,204.1,643,0.33,Current,0
LN702378,CUST106984,Personal,6075.99,11.82,36,2025-11-29,201.29,680,0.46,Current,0
LN702379,CUST107228,BNPL,257.19,13.47,36,2025-12-19,8.72,723,0.46,Current,0
LN702380,CUST100416,BNPL,326.5,9.91,6,2026-03-18,56,751,0.43,Current,0
LN702381,CUST107030,Debt Consolidation,8836.46,8.86,24,2025-07-23,403.12,735,0.31,Current,0
LN702382,CUST100008,Auto,19103.06,12.35,36,2024-06-01,637.69,677,0.59,Current,0
LN702383,CUST102194,Debt Consolidation,14363.72,14.44,12,2026-06-05,1292.65,649,0.69,Current,0
LN702384,CUST110435,Auto,7471.16,4.42,24,2022-08-05,325.83,850,0.39,Paid Off,0
LN702385,CUST102297,Auto,29830.39,15.22,36,2024-10-09,1037.3,577,0.38,Current,0
LN702386,CUST106192,Debt Consolidation,11196.83,10.01,12,2024-03-19,984.43,671,0.35,Current,0
LN702387,CUST103252,Debt Consolidation,32750.15,12.59,24,2025-09-01,1550.7,760,0.17,Current,0
LN702388,CUST106711,Personal,33087.56,9.56,12,2025-06-11,2902.16,685,0.26,Paid Off,0
LN702389,CUST101380,Personal,20993.51,7.52,48,2024-01-10,507.8,685,0.32,Current,0
LN702390,CUST101785,Personal,7933.9,10.05,24,2024-03-12,366.29,565,0.42,Current,0
LN702391,CUST105540,Debt Consolidation,32016.73,5.93,6,2021-04-03,5428.79,781,0.31,Current,0
LN702392,CUST104779,Auto,5485.67,12.06,36,2025-11-03,182.36,717,0.09,Current,0
LN702393,CUST104138,Personal,19372.2,11.27,36,2022-12-13,636.7,635,0.46,Paid Off,0
LN702394,CUST108966,Personal,19851.02,11.25,60,2022-07-01,434.09,675,0.34,Current,0
LN702395,CUST109829,Personal,3724.93,13.59,48,2023-09-13,101.02,650,0.54,Current,0
LN702396,CUST100897,Personal,32328.47,5.62,12,2022-05-20,2776.75,754,0.24,Current,0
LN702397,CUST101630,Personal,26310.33,12.45,48,2024-04-04,698.68,599,0.51,Default,214
LN702398,CUST107119,Debt Consolidation,7875.56,12.84,48,2026-05-05,210.66,610,0.55,Current,0
LN702399,CUST107421,Debt Consolidation,25582.58,17.4,12,2023-12-08,2338.11,567,0.34,Paid Off,0
LN702400,CUST101249,Debt Consolidation,17654.84,11.86,6,2026-03-25,3045.09,666,0.37,Current,0
LN702401,CUST104745,Debt Consolidation,11255.68,15.26,24,2024-07-18,547.14,647,0.47,Current,0
LN702402,CUST109852,BNPL,335.29,8.9,12,2026-05-06,29.31,707,0.6,Current,0
LN702403,CUST103035,Personal,5401.81,15.76,12,2024-07-05,489.5,611,0.43,Paid Off,0
LN702404,CUST103638,Personal,13021.72,12.47,48,2022-09-27,345.92,615,0.51,Late,76
LN702405,CUST102526,Personal,33137.18,17.83,48,2021-01-24,970.46,593,0.37,Paid Off,0
LN702406,CUST106669,Personal,31050.06,15.59,24,2022-10-07,1514.23,584,0.6,Current,0
LN702407,CUST103859,BNPL,1410.81,12.95,12,2025-02-18,125.98,632,0.34,Late,34
LN702408,CUST103391,Auto,7076.26,9.58,24,2021-07-28,325.16,603,0.41,Paid Off,0
LN702409,CUST100434,Debt Consolidation,28798.09,13.93,6,2023-07-24,4996.56,652,0.55,Paid Off,0
LN702410,CUST102540,Auto,11121.73,13.47,6,2025-06-22,1927.12,652,0.53,Paid Off,0
LN702411,CUST106717,Personal,25092.29,12.19,36,2021-09-11,835.7,620,0.28,Late,57
LN702412,CUST108898,Debt Consolidation,18602.85,17.11,6,2022-04-17,3257.03,550,0.46,Default,198
LN702413,CUST106143,Personal,26557.35,9.45,36,2024-02-03,850.09,742,0.32,Current,0
LN702414,CUST105221,Personal,21640.34,9.29,12,2021-04-13,1895.39,658,0.47,Current,0
LN702415,CUST106665,BNPL,1162.87,10,6,2023-10-14,199.5,663,0.42,Current,0
LN702416,CUST101216,Personal,29553.25,11.4,24,2022-09-05,1382.91,655,0.42,Current,0
LN702417,CUST109612,Auto,25491.48,12.8,6,2023-10-09,4408.6,683,0.3,Paid Off,0
LN702418,CUST103674,Debt Consolidation,7650.71,13.38,36,2025-10-31,259.19,542,0.74,Default,266
LN702419,CUST106233,Auto,13627.79,13.47,12,2022-05-29,1220.2,587,0.44,Paid Off,0
LN702420,CUST103730,Auto,5659.83,15.77,12,2025-12-15,512.91,585,0.57,Current,0
LN702421,CUST110266,Personal,7661.7,8.18,12,2022-08-26,667.12,773,0.25,Current,0
LN702422,CUST101729,Auto,23277.04,11.12,36,2023-11-01,763.38,722,0.44,Current,0
LN702423,CUST100844,Debt Consolidation,10540.85,15.46,36,2024-08-19,367.78,548,0.69,Current,0
LN702424,CUST103703,Auto,7857.38,12.96,60,2021-04-03,178.62,608,0.58,Current,0
LN702425,CUST109545,Personal,28125.71,10.93,36,2022-03-12,919.87,647,0.32,Current,0
LN702426,CUST107525,BNPL,359.65,20.39,6,2021-06-09,63.56,505,0.67,Default,138
LN702427,CUST107558,BNPL,271.78,12.63,36,2025-09-20,9.11,586,0.34,Current,0
LN702428,CUST100353,Personal,9227.22,13.92,36,2025-01-20,315.01,623,0.11,Current,0
LN702429,CUST106982,Personal,34162.34,11.25,48,2025-12-22,887.1,659,0.31,Late,79
LN702430,CUST108851,Personal,20406.12,13.89,6,2026-01-18,3540.13,617,0.36,Current,0
LN702431,CUST106073,Personal,5482.34,15.96,48,2021-09-13,155.26,567,0.48,Late,45
LN702432,CUST108417,BNPL,208.8,15.09,36,2021-08-02,7.25,598,0.39,Current,0
LN702433,CUST102321,Debt Consolidation,17091.18,12.65,48,2023-03-24,455.55,652,0.56,Current,0
LN702434,CUST104556,Auto,34765.33,14.41,6,2025-04-25,6040.17,608,0.59,Default,233
LN702435,CUST109773,Personal,22712.62,4.45,36,2024-09-25,675.12,805,0.43,Current,0
LN702436,CUST100182,Personal,6802.27,16.62,12,2021-05-05,619.17,609,0.34,Paid Off,0
LN702437,CUST109234,BNPL,1033.58,15.56,12,2026-06-08,93.56,597,0.44,Late,66
LN702438,CUST101884,Personal,11717.75,11.09,48,2025-08-25,303.36,705,0.27,Current,0
LN702439,CUST101426,Auto,18641.71,11.14,48,2021-12-16,483.07,665,0.29,Paid Off,0
LN702440,CUST100479,Personal,26491.76,10.38,12,2025-05-21,2333.73,730,0.2,Current,0
LN702441,CUST101995,BNPL,308.43,12.9,6,2022-12-23,53.36,639,0.53,Current,0
LN702442,CUST110853,Personal,23092.33,9.65,36,2024-08-02,741.34,706,0.27,Current,0
LN702443,CUST105690,Debt Consolidation,23229.88,16.13,6,2023-11-21,4055.82,623,0.29,Late,68
LN702444,CUST105469,Auto,15695.79,10.53,12,2025-01-07,1383.78,750,0.51,Paid Off,0
LN702445,CUST110388,BNPL,638.57,14.14,48,2023-11-13,17.49,626,0.52,Current,0
LN702446,CUST110503,Debt Consolidation,14529.28,7.59,12,2022-08-06,1261.13,741,0.42,Late,36
LN702447,CUST106801,Personal,8436.86,16.66,36,2023-10-20,299.37,535,0.48,Current,0
LN702448,CUST100272,BNPL,960.98,9.61,48,2021-06-04,24.19,680,0.42,Paid Off,0
LN702449,CUST101790,Personal,34010.42,13.81,36,2024-01-02,1159.26,621,0.42,Current,0
LN702450,CUST105255,BNPL,277.59,13.51,60,2023-06-01,6.39,593,0.37,Default,254
LN702451,CUST101652,Personal,19388.04,15.19,12,2023-05-17,1751.67,560,0.24,Late,19
LN702452,CUST105468,BNPL,348.62,12.15,12,2026-03-18,31,666,0.24,Current,0
LN702453,CUST104126,BNPL,983.12,16.41,12,2022-09-17,89.39,585,0.59,Paid Off,0
LN702454,CUST106882,Personal,28978.12,12.78,12,2026-04-19,2585.26,643,0.4,Current,0
LN702455,CUST106473,BNPL,1150.29,5.27,12,2021-07-16,98.62,771,0.43,Paid Off,0
LN702456,CUST100386,Personal,9271.42,10.7,36,2021-03-29,302.22,672,0.35,Paid Off,0
LN702457,CUST109720,Personal,18663.39,12.51,36,2021-07-26,624.45,727,0.21,Paid Off,0
LN702458,CUST110908,Debt Consolidation,7110.57,15.52,36,2023-01-11,248.3,627,0.44,Current,0
LN702459,CUST101389,Debt Consolidation,31800.16,9.8,36,2024-01-31,1023.12,665,0.43,Current,0
LN702460,CUST107055,Personal,34207.58,12.94,24,2023-08-08,1625.33,592,0.52,Paid Off,0
LN702461,CUST108573,Auto,10183.12,14.91,48,2021-03-01,282.94,620,0.33,Current,0
LN702462,CUST105520,BNPL,255.01,12.8,12,2024-01-24,22.75,615,0.54,Current,0
LN702463,CUST107189,Personal,32080.67,14.25,12,2023-01-10,2884.21,655,0.32,Paid Off,0
LN702464,CUST109261,BNPL,557.83,18.59,36,2021-10-17,20.33,570,0.41,Current,0
LN702465,CUST106698,Auto,18077.44,10.73,36,2023-04-30,589.52,622,0.4,Late,70
LN702466,CUST102798,Personal,31954.08,10.77,48,2023-09-14,822.31,785,0.25,Current,0
LN702467,CUST104119,Personal,25753.97,5.97,12,2023-06-29,2216.2,795,0.37,Current,0
LN702468,CUST110462,Personal,23228.3,13.53,36,2024-09-04,788.6,574,0.48,Current,0
LN702469,CUST103914,Auto,25701.55,10.92,36,2021-12-29,840.46,718,0.43,Paid Off,0
LN702470,CUST106727,Personal,27084.89,12.68,12,2024-11-21,2415.08,680,0.49,Paid Off,0
LN702471,CUST101054,Personal,3500.4,8,60,2024-08-02,70.98,778,0.4,Late,59
LN702472,CUST106128,Personal,28321.18,17.02,6,2023-06-27,4957.26,557,0.5,Default,157
LN702473,CUST102465,BNPL,1493.21,11.59,36,2024-05-02,49.3,628,0.52,Current,0
LN702474,CUST106960,Personal,30989.86,10.04,24,2022-02-24,1430.6,735,0.23,Paid Off,0
LN702475,CUST105051,BNPL,528.94,14.46,24,2025-07-15,25.51,600,0.49,Default,202
LN702476,CUST107018,Debt Consolidation,12423.45,12.18,36,2022-06-11,413.71,694,0.78,Paid Off,0
LN702477,CUST104050,Auto,28273.83,8.04,24,2022-07-14,1279.26,724,0.28,Current,0
LN702478,CUST105881,Debt Consolidation,30132.83,13.65,12,2025-05-08,2700.58,622,0.48,Late,76
LN702479,CUST110340,Personal,10914.58,13.36,48,2025-01-13,294.76,612,0.48,Current,0
LN702480,CUST106521,Debt Consolidation,12405.56,15.46,12,2024-12-29,1122.4,637,0.37,Paid Off,0
LN702481,CUST103630,Personal,8808.84,12.62,12,2025-06-20,785.21,619,0.5,Default,184
LN702482,CUST100417,Auto,30337.42,11.7,36,2025-08-01,1003.3,592,0.44,Current,0
LN702483,CUST100295,BNPL,1122.15,12.86,24,2021-08-30,53.28,646,0.35,Paid Off,0
LN702484,CUST103597,Personal,29238.75,16.21,60,2026-04-17,714.3,543,0.58,Current,0
LN702485,CUST106307,BNPL,996.99,8.76,60,2025-09-14,20.58,758,0.38,Current,0
LN702486,CUST101323,Personal,18068.07,12.98,36,2022-12-15,608.61,608,0.5,Paid Off,0
LN702487,CUST108552,Auto,15454.1,13.12,24,2025-08-09,735.59,569,0.49,Current,0
LN702488,CUST110671,Personal,11899.88,18.26,12,2022-02-21,1092.45,499,0.37,Paid Off,0
LN702489,CUST106746,Personal,11168.67,15.85,48,2024-08-01,315.67,580,0.43,Current,0
LN702490,CUST108050,Personal,20890.88,10.92,48,2024-10-26,539.12,726,0.26,Current,0
LN702491,CUST105652,Debt Consolidation,12490.11,5.22,6,2021-11-07,2113.49,836,0.42,Current,0
LN702492,CUST110404,Debt Consolidation,2531.7,12.36,12,2023-01-02,225.37,706,0.3,Current,0
LN702493,CUST108987,Personal,24418.45,15.35,60,2021-01-28,585.41,568,0.53,Paid Off,0
LN702494,CUST100649,Auto,34369.47,11.44,60,2026-05-14,754.84,662,0.35,Current,0
LN702495,CUST104658,BNPL,286.7,10,36,2021-09-12,9.25,673,0.62,Late,16
LN702496,CUST110902,Personal,23416.33,12.1,6,2026-01-16,4041.61,648,0.54,Current,0
LN702497,CUST102478,Auto,19320.25,10.58,36,2022-08-05,628.68,685,0.36,Late,84
LN702498,CUST105847,Debt Consolidation,11067.67,9.11,12,2022-09-19,968.45,759,0.28,Current,0
LN702499,CUST109551,BNPL,584.82,17.46,12,2026-03-07,53.47,528,0.44,Default,247
LN702500,CUST106421,Personal,20914.49,15.07,36,2023-02-01,725.72,568,0.5,Paid Off,0
LN702501,CUST108486,Auto,23101.25,14.68,36,2022-05-11,797.2,633,0.49,Paid Off,0
LN702502,CUST106835,Personal,9941.84,13.63,36,2021-01-27,338,681,0.34,Paid Off,0
LN702503,CUST100928,Auto,15203.75,15.46,36,2021-06-06,530.47,647,0.47,Current,0
LN702504,CUST106366,Auto,31889.04,8.17,36,2024-01-07,1001.79,672,0.53,Current,0
LN702505,CUST102474,Auto,14668.99,14.25,24,2024-11-05,706.03,633,0.27,Late,75
LN702506,CUST105467,Personal,13882.51,17.35,24,2023-04-22,688.72,591,0.35,Paid Off,0
LN702507,CUST100581,Personal,23308.3,14.15,12,2022-08-26,2094.43,562,0.4,Current,0
LN702508,CUST102125,Personal,20960.24,13.18,36,2021-07-29,708.05,628,0.47,Paid Off,0
LN702509,CUST107996,Personal,20344.2,15.53,48,2022-08-16,571.68,629,0.37,Current,0
LN702510,CUST102977,BNPL,1486.48,14.41,24,2023-03-22,71.66,573,0.52,Paid Off,0
LN702511,CUST101247,Personal,10055.25,12.54,48,2021-06-23,267.47,709,0.21,Current,0
LN702512,CUST108060,Auto,31230.77,13.17,12,2022-07-09,2791.94,645,0.39,Default,250
LN702513,CUST100500,Personal,18355.44,12.81,24,2024-03-18,871.01,667,0.3,Current,0
LN702514,CUST108667,Debt Consolidation,14203.31,8.72,24,2021-08-09,647.05,661,0.38,Paid Off,0
LN702515,CUST100769,Personal,31303.79,12.36,48,2025-02-23,829.89,621,0.55,Current,0
LN702516,CUST110716,BNPL,1335.78,10.38,12,2023-12-29,117.67,668,0.07,Current,0
LN702517,CUST110884,Personal,20436.48,13.28,36,2025-05-30,691.35,637,0.1,Current,0
LN702518,CUST106839,Auto,26985.12,12.6,36,2021-12-02,904.04,615,0.38,Current,0
LN702519,CUST100486,Personal,23332.29,12.51,12,2022-09-24,2078.62,579,0.37,Paid Off,0
LN702520,CUST101417,Debt Consolidation,14298.93,12.59,24,2025-05-12,677.05,699,0.31,Current,0
LN702521,CUST108831,Personal,4261.41,11.91,6,2022-01-29,735.11,660,0.5,Current,0
LN702522,CUST101497,Auto,23667.11,14.83,48,2022-02-20,656.64,556,0.51,Default,252
LN702523,CUST103329,Personal,7187.74,15.75,36,2023-06-19,251.81,571,0.46,Current,0
LN702524,CUST107113,BNPL,656.92,13.34,48,2025-10-13,17.73,632,0.32,Current,0
LN702525,CUST104755,Auto,12529.63,13.58,24,2023-03-01,599.1,652,0.46,Late,28
LN702526,CUST106349,Debt Consolidation,22436.54,11.4,24,2022-08-15,1049.89,786,0.31,Late,81
LN702527,CUST109837,BNPL,982.66,15.21,60,2024-04-03,23.49,610,0.39,Current,0
LN702528,CUST108622,Debt Consolidation,5727.47,15.26,36,2021-11-26,199.27,610,0.85,Default,251
LN702529,CUST107071,Personal,20177.26,17.39,24,2023-01-29,1001.39,526,0.65,Default,122
LN702530,CUST101190,Debt Consolidation,29256.48,11.41,48,2024-06-11,761.99,704,0.31,Current,0
LN702531,CUST103172,Personal,14765.04,11.95,36,2022-06-10,490.06,543,0.7,Paid Off,0
LN702532,CUST108171,Personal,11657.19,12.35,24,2026-03-06,550.65,646,0.31,Current,0
LN702533,CUST105081,BNPL,633.47,10.37,36,2023-10-14,20.55,803,0.46,Current,0
LN702534,CUST109619,Auto,7580.26,9.38,12,2023-12-12,664.24,749,0.42,Current,0
LN702535,CUST103633,Debt Consolidation,17987.95,21.56,6,2026-01-04,3189.31,513,0.59,Default,112
LN702536,CUST101567,Auto,21769.84,9.8,48,2021-10-02,550.05,684,0.19,Current,0
LN702537,CUST102151,BNPL,1398.03,11.13,60,2022-08-12,30.49,750,0.22,Late,58
LN702538,CUST109493,Debt Consolidation,20409.44,10.35,36,2022-04-17,661.91,711,0.33,Current,0
LN702539,CUST101452,Auto,1548.1,10.77,24,2023-11-09,71.99,686,0.3,Paid Off,0
LN702540,CUST102806,Personal,13740.32,16.66,36,2021-04-05,487.56,598,0.25,Paid Off,0
LN702541,CUST104932,Personal,21387.63,11.36,24,2025-05-03,1000.41,682,0.55,Current,0
LN702542,CUST107295,Debt Consolidation,18275.51,15.41,36,2021-10-28,637.2,632,0.49,Late,56
LN702543,CUST108488,Personal,21877.55,13.95,36,2025-04-03,747.19,752,0.25,Current,0
LN702544,CUST109011,Personal,27165.13,13.02,12,2026-03-30,2426.57,633,0.32,Current,0
LN702545,CUST109283,Auto,31542.01,18.9,24,2021-06-30,1588.46,605,0.48,Current,0
LN702546,CUST104447,BNPL,430.79,8.4,6,2022-09-21,73.57,738,0.5,Paid Off,0
LN702547,CUST104028,Personal,6627.58,13.22,12,2021-11-11,592.64,638,0.57,Default,199
LN702548,CUST108376,Debt Consolidation,1540.42,12.82,24,2025-02-21,73.1,650,0.25,Current,0
LN702549,CUST109012,Personal,14259.92,14.26,6,2025-12-13,2476.48,696,0.46,Paid Off,0
LN702550,CUST104981,Personal,12463.7,8.06,12,2023-01-19,1084.54,619,0.6,Paid Off,0
LN702551,CUST106788,Personal,5018.93,13.37,24,2023-09-13,239.48,690,0.26,Paid Off,0
LN702552,CUST110710,BNPL,256.63,17.14,36,2025-10-16,9.17,522,0.49,Current,0
LN702553,CUST108410,Auto,7679.67,17.72,36,2026-03-23,276.56,606,0.31,Default,134
LN702554,CUST101187,Auto,20143.53,9.63,24,2023-12-27,926.09,765,0.29,Paid Off,0
LN702555,CUST107622,BNPL,396.79,9.23,24,2024-12-30,18.17,700,0.29,Current,0
LN702556,CUST101168,Debt Consolidation,23455.13,14.77,6,2026-02-22,4079.31,580,0.32,Current,0
LN702557,CUST109805,Auto,20567.44,13.02,36,2022-06-16,693.2,724,0.47,Late,78
LN702558,CUST107670,BNPL,545.66,14.88,36,2024-09-28,18.88,554,0.53,Default,165
LN702559,CUST102764,Personal,5362.29,15.35,24,2023-12-23,260.89,601,0.49,Paid Off,0
LN702560,CUST106767,BNPL,1340.23,14.42,48,2021-02-27,36.91,605,0.59,Paid Off,0
LN702561,CUST100289,Personal,26737.25,13.03,48,2022-06-06,717.69,636,0.48,Paid Off,0
LN702562,CUST100212,Personal,26104.35,15.76,24,2022-04-18,1275.16,635,0.43,Paid Off,0
LN702563,CUST107180,Debt Consolidation,26070.94,13.12,24,2024-07-23,1240.93,623,0.45,Current,0
LN702564,CUST106873,Personal,26676.95,12.19,12,2024-11-28,2372.59,615,0.25,Paid Off,0
LN702565,CUST110804,BNPL,910,11.16,36,2024-09-01,29.86,692,0.37,Current,0
LN702566,CUST101176,Personal,25262.07,16.97,48,2023-01-24,728.55,525,0.44,Current,0
LN702567,CUST108892,Debt Consolidation,29712.35,10.24,12,2025-05-17,2615.51,619,0.39,Paid Off,0
LN702568,CUST100450,Personal,10865.24,13.81,24,2026-06-26,520.7,596,0.29,Current,0
LN702569,CUST107990,Debt Consolidation,24104.43,11.56,12,2023-10-16,2136.69,650,0.29,Paid Off,0
LN702570,CUST108862,Debt Consolidation,10816.97,12.31,36,2024-07-25,360.88,665,0.59,Current,0
LN702571,CUST110665,BNPL,571.88,9.64,36,2026-01-27,18.36,682,0.34,Current,0
LN702572,CUST108763,Personal,6066.71,6.43,24,2024-10-20,270.06,792,0.39,Current,0
LN702573,CUST106963,Personal,11615.38,7.62,36,2021-04-09,361.95,834,0.21,Current,0
LN702574,CUST107613,Auto,10241.4,15.08,60,2025-05-10,244.07,661,0.59,Default,269
LN702575,CUST100431,Debt Consolidation,18609.53,18.78,36,2021-03-05,680.08,518,0.58,Current,0
LN702576,CUST106582,BNPL,567.25,9.64,48,2023-08-23,14.29,684,0.38,Current,0
LN702577,CUST104912,Auto,11478.39,11.16,24,2024-09-17,535.84,680,0.24,Current,0
LN702578,CUST106045,Personal,10535.73,11.83,24,2023-04-05,495.12,601,0.47,Current,0
LN702579,CUST105348,Personal,1804.87,17.56,6,2024-04-05,316.4,566,0.65,Default,127
LN702580,CUST104909,BNPL,1080.77,14.23,36,2021-03-18,37.06,610,0.47,Current,0
LN702581,CUST108295,Personal,7770.33,12.13,24,2026-05-05,366.25,661,0.39,Current,0
LN702582,CUST102774,Debt Consolidation,23507.42,17.34,36,2023-08-13,842.09,572,0.48,Current,0
LN702583,CUST106192,BNPL,1370.39,10.95,6,2022-12-09,235.75,671,0.33,Paid Off,0
LN702584,CUST104558,Debt Consolidation,12881.98,12.75,48,2022-11-17,343.99,623,0.49,Current,0
LN702585,CUST110129,Auto,28671.57,8.54,36,2025-12-16,905.62,684,0.47,Current,0
LN702586,CUST110811,Debt Consolidation,34732.63,15.68,48,2024-06-22,978.65,607,0.3,Current,0
LN702587,CUST102928,BNPL,694.6,10.03,36,2026-05-08,22.42,757,0.43,Current,0
LN702588,CUST105591,BNPL,1042.32,15.49,24,2024-08-13,50.78,618,0.7,Default,216
LN702589,CUST103038,BNPL,613.98,4.59,6,2022-06-25,103.7,809,0.21,Current,0
LN702590,CUST101493,Debt Consolidation,23566.3,14.2,60,2023-05-06,550.79,709,0.26,Current,0
LN702591,CUST100208,Personal,8403.24,14.8,24,2023-03-19,406.65,659,0.32,Current,0
LN702592,CUST105352,BNPL,1410.12,17.02,12,2024-01-07,128.62,595,0.3,Current,0
LN702593,CUST107248,Debt Consolidation,25110.36,11.75,60,2024-03-04,555.4,663,0.49,Current,0
LN702594,CUST102266,Personal,8354.39,13.06,24,2021-08-17,397.42,686,0.34,Paid Off,0
LN702595,CUST106469,Personal,19606.13,13.3,24,2023-05-10,934.88,640,0.48,Paid Off,0
LN702596,CUST109475,Personal,18794.94,16,6,2021-12-16,3280.29,678,0.26,Current,0
LN702597,CUST110188,Auto,25312.48,16.46,12,2024-12-19,2302.14,545,0.72,Paid Off,0
LN702598,CUST102958,Personal,29871.21,11.33,12,2021-06-05,2644.67,718,0.28,Current,0
LN702599,CUST106195,Personal,20021.68,14.37,48,2025-06-27,550.85,582,0.45,Current,0
LN702600,CUST100883,BNPL,514.97,11.79,36,2022-06-19,17.05,669,0.49,Paid Off,0
LN702601,CUST108802,Debt Consolidation,33314.63,12.35,12,2023-10-16,2965.42,658,0.37,Current,0
LN702602,CUST104399,Auto,2761.63,14.29,48,2023-09-21,75.87,609,0.31,Current,0
LN702603,CUST104514,Auto,11710.9,9.34,12,2025-06-05,1025.98,777,0.22,Current,0
LN702604,CUST105602,Auto,17461.39,8.26,36,2022-12-04,549.27,753,0.43,Late,88
LN702605,CUST110100,Personal,28018.72,11.34,36,2022-02-10,921.81,626,0.42,Paid Off,0
LN702606,CUST106595,BNPL,1020.99,11.17,24,2025-02-10,47.67,677,0.56,Late,87
LN702607,CUST109281,Auto,11470.15,13.72,12,2024-01-12,1028.36,684,0.38,Paid Off,0
LN702608,CUST105833,Personal,27834.27,19.63,24,2021-10-07,1411.62,526,0.43,Paid Off,0
LN702609,CUST105227,Personal,7343.86,10.65,60,2021-05-20,158.39,801,0.27,Late,47
LN702610,CUST106727,Debt Consolidation,11758.62,11.91,12,2025-11-06,1044.24,680,0.63,Current,0
LN702611,CUST102974,Auto,10576.64,9.91,24,2022-03-30,487.62,678,0.44,Current,0
LN702612,CUST108960,Personal,7688.43,15.14,36,2022-08-01,267.05,636,0.39,Late,59
LN702613,CUST102605,BNPL,590.34,11.59,36,2021-10-19,19.49,657,0.28,Current,0
LN702614,CUST103564,BNPL,1103.79,11.09,12,2025-01-30,97.6,690,0.45,Current,0
LN702615,CUST107460,Personal,14638.07,17.23,48,2025-11-14,424.13,604,0.3,Current,0
LN702616,CUST104422,Personal,11910.69,13.63,36,2024-09-02,404.94,615,0.51,Current,0
LN702617,CUST110374,Debt Consolidation,4970.48,16.99,12,2023-12-29,453.31,517,0.65,Paid Off,0
LN702618,CUST100915,Personal,25996.79,13.82,12,2023-06-18,2331.98,643,0.34,Paid Off,0
LN702619,CUST103985,Auto,7688.75,10.23,24,2021-08-27,355.61,722,0.52,Current,0
LN702620,CUST110420,Auto,11600.46,11.16,6,2023-05-01,1996.83,787,0.19,Paid Off,0
LN702621,CUST107611,Personal,22839.38,12.97,12,2024-01-04,2039.63,713,0.17,Paid Off,0
LN702622,CUST106111,Personal,33355.94,8.94,36,2023-02-01,1059.78,772,0.35,Current,0
LN702623,CUST102813,Personal,22332.85,13.43,24,2025-07-19,1066.26,643,0.46,Current,0
LN702624,CUST105430,Personal,13553.09,11.9,36,2021-04-13,449.51,698,0.39,Paid Off,0
LN702625,CUST103901,BNPL,903.75,11.5,36,2024-08-11,29.8,613,0.53,Current,0
LN702626,CUST100245,Debt Consolidation,6967.59,11.91,6,2022-10-07,1201.94,722,0.43,Paid Off,0
LN702627,CUST110565,BNPL,573.5,15,24,2022-10-07,27.81,713,0.44,Paid Off,0
LN702628,CUST103700,BNPL,1196.36,12.16,12,2025-07-30,106.38,680,0.39,Late,22
LN702629,CUST101006,Personal,9945.59,15.54,24,2026-03-02,484.78,645,0.35,Current,0
LN702630,CUST100333,Personal,15359.25,8.78,36,2022-09-13,486.85,673,0.41,Paid Off,0
LN702631,CUST101859,Personal,8465.97,8.92,36,2025-09-20,268.9,670,0.39,Current,0
LN702632,CUST107414,Personal,23289.18,13.77,12,2026-05-11,2088.55,681,0.45,Current,0
LN702633,CUST103996,Debt Consolidation,33705.44,11.88,12,2021-01-27,2992.8,642,0.52,Current,0
LN702634,CUST107239,Personal,15202.77,14.81,12,2021-10-01,1370.81,576,0.6,Paid Off,0
LN702635,CUST102340,Personal,27771.06,5.49,12,2024-02-25,2383.65,816,0.33,Paid Off,0
LN702636,CUST110977,Personal,8278.61,11.95,24,2023-12-29,389.51,701,0.47,Current,0
LN702637,CUST106992,Debt Consolidation,10878.48,7.96,36,2022-10-31,340.69,728,0.28,Paid Off,0
LN702638,CUST106120,Personal,3137.97,14.74,60,2025-01-29,74.22,609,0.5,Current,0
LN702639,CUST101319,Auto,27176.5,14.35,12,2022-11-09,2444.58,623,0.33,Paid Off,0
LN702640,CUST109842,BNPL,895.68,14.23,24,2023-09-25,43.1,587,0.48,Late,38
LN702641,CUST108551,Auto,6296.79,7.74,6,2022-06-16,1073.28,743,0.55,Paid Off,0
LN702642,CUST109877,Personal,14000.18,18.92,12,2023-10-13,1289.67,501,0.76,Default,202
LN702643,CUST101079,Personal,20677.14,9.31,12,2023-07-20,1811.22,674,0.44,Current,0
LN702644,CUST102579,Personal,25077.17,15.36,6,2024-07-04,4368.76,622,0.33,Paid Off,0
LN702645,CUST107388,Personal,12402.58,9.94,60,2022-11-28,263.15,696,0.46,Current,0
LN702646,CUST110386,Debt Consolidation,31238.65,14.67,12,2021-06-30,2814.69,588,0.43,Paid Off,0
LN702647,CUST100385,Personal,11100.04,11.74,36,2026-03-07,367.3,619,0.57,Current,0
LN702648,CUST108542,Debt Consolidation,4849.26,15.38,60,2021-08-31,116.33,619,0.55,Current,0
LN702649,CUST102327,Personal,9662.07,13.47,60,2024-09-02,222.17,591,0.5,Current,0
LN702650,CUST110818,Personal,21991.39,15.15,48,2021-06-15,613.71,585,0.37,Current,0
LN702651,CUST109528,BNPL,912.57,12.24,12,2023-02-04,81.18,695,0.43,Paid Off,0
LN702652,CUST106270,Personal,20436.68,14.29,48,2021-03-10,561.44,631,0.43,Paid Off,0
LN702653,CUST102579,Debt Consolidation,12666.78,12.22,36,2024-05-30,422.05,622,0.22,Late,71
LN702654,CUST106496,BNPL,1045.11,16.93,36,2025-09-13,37.22,540,0.53,Current,0
LN702655,CUST104665,Personal,21307.26,14.5,24,2022-11-21,1028.06,594,0.34,Late,17
LN702656,CUST100717,Personal,33653.52,15.36,36,2026-06-13,1172.55,568,0.43,Current,0
LN702657,CUST109927,Debt Consolidation,12473.6,16.33,48,2021-08-10,355.62,586,0.49,Current,0
LN702658,CUST108870,BNPL,1222.63,11.46,24,2026-06-28,57.25,637,0.3,Current,0
LN702659,CUST100635,Auto,6163.17,17.69,48,2023-01-26,180.05,503,0.44,Default,156
LN702660,CUST102269,Debt Consolidation,29645.48,10.05,24,2022-08-12,1368.67,657,0.45,Paid Off,0
LN702661,CUST108774,Auto,23825.93,13.99,6,2024-12-17,4134.59,578,0.32,Paid Off,0
LN702662,CUST103183,Debt Consolidation,14806.58,8.84,24,2025-05-20,675.35,694,0.41,Current,0
LN702663,CUST106185,Personal,23562,18.55,6,2024-01-05,4142.18,548,0.48,Late,74
LN702664,CUST102649,Personal,3051.96,10.9,12,2023-12-31,269.59,715,0.17,Paid Off,0
LN702665,CUST108834,Personal,26294.96,10.96,60,2023-01-04,571.19,664,0.31,Current,0
LN702666,CUST107972,Personal,26834.51,9.49,24,2024-10-22,1231.97,676,0.38,Current,0
LN702667,CUST104620,Personal,27486.4,6.92,60,2023-05-17,543.23,735,0.49,Current,0
LN702668,CUST103206,Debt Consolidation,29262.89,7.26,24,2021-04-23,1313.63,784,0.24,Current,0
LN702669,CUST107952,BNPL,1277.77,15.09,6,2025-01-19,222.43,654,0.62,Paid Off,0
LN702670,CUST109508,Personal,10152.49,12.3,24,2024-01-08,479.34,676,0.43,Current,0
LN702671,CUST109546,Debt Consolidation,5771.03,15.96,24,2022-10-22,282.46,588,0.66,Paid Off,0
LN702672,CUST109097,BNPL,1397.78,13.03,12,2021-09-14,124.87,654,0.23,Current,0
LN702673,CUST105788,BNPL,985.02,11.23,36,2021-11-14,32.36,606,0.46,Current,0
LN702674,CUST103012,Personal,6792.77,7.96,12,2024-01-15,590.77,672,0.45,Current,0
LN702675,CUST106037,Personal,3022.3,13.68,12,2025-01-25,270.91,534,0.47,Paid Off,0
LN702676,CUST105442,Debt Consolidation,12885.78,14.34,12,2025-08-22,1159.04,618,0.47,Current,0
LN702677,CUST108331,Auto,29082.43,13,48,2025-02-10,780.21,636,0.52,Late,45
LN702678,CUST105948,Debt Consolidation,8544.05,10.58,48,2022-10-07,219.09,686,0.41,Current,0
LN702679,CUST101524,Auto,3981.5,16,6,2024-06-15,694.89,543,0.45,Current,0
LN702680,CUST103693,BNPL,373.85,6.33,6,2022-04-27,63.46,777,0.53,Late,34
LN702681,CUST110211,Auto,29326.05,12.51,6,2024-02-23,5067.56,647,0.17,Current,0
LN702682,CUST100817,Personal,11176.51,6.43,24,2022-10-03,497.52,800,0.15,Current,0
LN702683,CUST108977,BNPL,1285.57,9.69,12,2025-03-29,112.84,683,0.47,Late,19
LN702684,CUST106713,Auto,33301.38,11.94,12,2025-12-21,2957.85,567,0.3,Current,0
LN702685,CUST104312,Personal,29352.8,10.82,48,2022-05-04,756.08,621,0.5,Late,15
LN702686,CUST103761,Debt Consolidation,15840.43,11.8,12,2023-03-24,1405.92,613,0.57,Late,18
LN702687,CUST102894,BNPL,1416.78,12.96,60,2025-04-15,32.21,618,0.74,Current,0
LN702688,CUST103267,Personal,17725.65,11.74,36,2021-01-06,586.55,653,0.42,Paid Off,0
LN702689,CUST109482,Auto,2771.52,8.91,24,2024-12-19,126.5,759,0.37,Current,0
LN702690,CUST104294,Debt Consolidation,10341.57,15.84,24,2024-09-03,505.57,557,0.45,Current,0
LN702691,CUST102037,Auto,3258.29,10.27,60,2021-04-01,69.66,711,0.31,Paid Off,0
LN702692,CUST103842,Personal,26389.92,8,12,2025-12-18,2295.62,704,0.34,Current,0
LN702693,CUST110756,Debt Consolidation,30267.76,16.58,24,2021-02-18,1490.41,575,0.3,Current,0
LN702694,CUST109044,Personal,5258,9.31,24,2021-07-13,240.96,710,0.2,Paid Off,0
LN702695,CUST106895,Personal,17940.3,14.6,12,2023-10-28,1615.88,565,0.68,Paid Off,0
LN702696,CUST109335,Personal,31254.38,16.6,6,2026-03-23,5464.16,600,0.53,Default,208
LN702697,CUST106162,Personal,24288.09,16.28,48,2026-04-27,691.82,522,0.5,Default,103
LN702698,CUST101884,Auto,7315.53,9.57,24,2024-10-16,336.12,705,0.28,Late,45
LN702699,CUST106436,Auto,14186.59,13.33,24,2026-01-21,676.66,581,0.4,Current,0
LN702700,CUST104382,Debt Consolidation,10166.22,15.12,48,2023-04-16,283.55,569,0.53,Current,0
LN702701,CUST100352,Personal,26204.54,12.08,36,2021-01-25,871.37,646,0.32,Current,0
LN702702,CUST109447,BNPL,160.06,10.4,36,2023-07-30,5.19,653,0.44,Late,81
LN702703,CUST100549,Personal,25410.84,10.17,36,2026-01-19,821.97,658,0.44,Late,85
LN702704,CUST110507,Debt Consolidation,11253.37,14.66,24,2023-02-19,543.82,638,0.54,Paid Off,0
LN702705,CUST104568,Personal,14905.97,12.59,24,2024-07-09,705.79,628,0.23,Paid Off,0
LN702706,CUST104540,Auto,30661.96,9.89,12,2025-08-15,2694.11,684,0.11,Current,0
LN702707,CUST109434,BNPL,888.76,15.72,24,2024-08-04,43.4,619,0.17,Current,0
LN702708,CUST101976,Debt Consolidation,28489.98,15.22,24,2022-01-17,1384.36,619,0.55,Paid Off,0
LN702709,CUST110238,Auto,19879.82,9.26,6,2021-09-25,3403.36,705,0.31,Late,61
LN702710,CUST103980,Debt Consolidation,14977.2,12.09,24,2023-03-24,705.66,757,0.31,Current,0
LN702711,CUST102550,BNPL,576.62,10.91,6,2022-01-03,99.18,617,0.5,Default,230
LN702712,CUST103784,BNPL,126.48,14.52,24,2022-04-05,6.1,621,0.36,Current,0
LN702713,CUST107896,Personal,14571.88,11.31,12,2024-03-30,1289.99,666,0.17,Paid Off,0
LN702714,CUST101506,Personal,34952.18,9.43,12,2022-02-13,3063.59,691,0.35,Current,0
LN702715,CUST108992,Personal,4111.67,14.85,48,2025-09-14,114.12,565,0.3,Current,0
LN702716,CUST105948,Auto,16195.75,12.02,48,2026-05-12,426.66,686,0.51,Current,0
LN702717,CUST102648,Personal,8871.92,10.56,60,2024-02-24,190.96,656,0.43,Late,86
LN702718,CUST100374,Personal,24345.68,11.33,24,2023-02-07,1138.43,672,0.27,Paid Off,0
LN702719,CUST101415,Personal,21780.81,16.6,12,2026-03-04,1982.38,597,0.49,Current,0
LN702720,CUST106283,Personal,27033.37,10.04,24,2025-07-17,1247.95,666,0.34,Current,0
LN702721,CUST100008,Personal,34272.24,12.08,36,2023-02-11,1139.64,677,0.32,Paid Off,0
LN702722,CUST105046,Personal,18559.31,4.99,36,2025-02-22,556.16,784,0.33,Current,0
LN702723,CUST101905,Personal,28822.56,16.85,12,2023-09-06,2626.7,574,0.66,Current,0
LN702724,CUST105013,Debt Consolidation,4870.22,6.94,6,2026-06-04,828.21,739,0.34,Current,0
LN702725,CUST107932,Debt Consolidation,25687.98,14.77,12,2025-08-03,2315.77,574,0.43,Default,128
LN702726,CUST103634,BNPL,269.19,6.41,36,2022-10-27,8.24,776,0.55,Paid Off,0
LN702727,CUST106309,Debt Consolidation,17560.79,6.26,12,2025-11-25,1513.49,739,0.3,Current,0
LN702728,CUST101134,Personal,18504.59,16.49,24,2025-04-15,910.38,632,0.33,Current,0
LN702729,CUST104252,Personal,17202.69,13.24,6,2022-03-05,2978.85,617,0.37,Current,0
LN702730,CUST104219,Personal,19512.75,8.42,24,2023-10-24,886.25,670,0.44,Current,0
LN702731,CUST104435,Auto,5842.01,13.7,6,2023-09-23,1012.94,633,0.25,Current,0
LN702732,CUST110647,Personal,33899.36,12.22,24,2023-06-14,1599.25,658,0.51,Paid Off,0
LN702733,CUST100118,Auto,28809.46,16.72,6,2025-10-11,5038.43,529,0.49,Current,0
LN702734,CUST100076,Personal,12950.04,14.64,12,2025-11-13,1166.65,627,0.74,Current,0
LN702735,CUST110289,Personal,27118.94,15.72,24,2026-04-28,1324.2,586,0.45,Late,41
LN702736,CUST109141,BNPL,1098.34,11.54,36,2023-01-20,36.24,682,0.44,Current,0
LN702737,CUST107313,Personal,25867.99,14.52,12,2026-01-22,2328.95,647,0.41,Current,0
LN702738,CUST103614,BNPL,1310.86,17.03,12,2022-06-30,119.58,556,0.42,Paid Off,0
LN702739,CUST110044,Personal,25473.16,15.64,24,2022-02-23,1242.87,601,0.6,Paid Off,0
LN702740,CUST102214,Personal,15075.88,13.82,36,2025-07-21,513.94,589,0.43,Late,88
LN702741,CUST103522,Personal,12037.96,10.39,24,2022-03-21,557.66,675,0.32,Current,0
LN702742,CUST107823,Personal,18768.13,8.32,36,2023-02-10,590.9,699,0.38,Late,41
LN702743,CUST106732,Personal,16228.21,9.19,6,2023-02-21,2777.66,616,0.66,Current,0
LN702744,CUST103840,Personal,22787.23,9.59,24,2022-09-25,1047.21,693,0.43,Current,0
LN702745,CUST109503,Personal,21663.37,15.99,48,2024-12-19,613.84,543,0.5,Default,115
LN702746,CUST110340,Debt Consolidation,32291.86,17.16,6,2023-05-16,5654.53,612,0.4,Paid Off,0
LN702747,CUST110306,BNPL,823.34,9.27,48,2024-08-22,20.59,646,0.4,Current,0
LN702748,CUST109978,Auto,32957.49,12.33,36,2021-10-23,1099.86,658,0.29,Current,0
LN702749,CUST101692,BNPL,435.7,9.78,36,2021-12-23,14.01,729,0.25,Paid Off,0
LN702750,CUST100408,Personal,31188.04,11.91,48,2024-11-28,819.92,620,0.35,Current,0
LN702751,CUST102910,Personal,33474.01,15.44,48,2024-05-12,939.09,509,0.45,Default,166
LN702752,CUST109463,BNPL,1205.16,14.35,36,2022-03-28,41.39,521,0.45,Default,128
LN702753,CUST100954,Auto,3857.04,14.19,24,2022-08-20,185.53,629,0.39,Paid Off,0
LN702754,CUST106529,Personal,14325.28,7.09,12,2024-08-19,1240.11,720,0.53,Paid Off,0
LN702755,CUST110531,Auto,8175.41,11.22,24,2025-06-13,381.87,655,0.26,Current,0
LN702756,CUST102471,Personal,16866.04,13.52,36,2024-10-18,572.52,573,0.63,Current,0
LN702757,CUST103938,Debt Consolidation,10230.02,12.62,24,2025-12-13,484.53,619,0.36,Current,0
LN702758,CUST108552,BNPL,577.92,16.08,24,2024-08-20,28.32,569,0.2,Current,0
LN702759,CUST101098,Auto,5309.72,13.59,24,2022-10-30,253.91,652,0.26,Paid Off,0
LN702760,CUST102246,Auto,25898.88,12.48,48,2025-02-22,688.14,650,0.69,Default,214
LN702761,CUST102132,BNPL,1360.29,13.83,60,2026-04-09,31.53,672,0.32,Current,0
LN702762,CUST105822,Personal,29778.07,11.92,24,2023-03-15,1400.64,624,0.38,Paid Off,0
LN702763,CUST106244,Auto,20073.11,14.02,36,2025-01-14,686.25,627,0.64,Current,0
LN702764,CUST106960,Personal,28520.69,10.51,48,2022-04-20,730.36,735,0.46,Current,0
LN702765,CUST109611,Auto,28029.47,17.25,24,2023-06-23,1389.21,570,0.39,Paid Off,0
LN702766,CUST105872,Personal,7429.29,16.89,12,2021-03-23,677.2,513,0.67,Default,237
LN702767,CUST109443,Personal,10908.76,12.94,12,2023-01-25,974.03,541,0.58,Default,112
LN702768,CUST108385,BNPL,519.35,11.52,24,2025-04-15,24.33,572,0.61,Current,0
LN702769,CUST101632,BNPL,1390.76,14.94,24,2022-06-20,67.39,543,0.46,Default,209
LN702770,CUST103598,Personal,13762.68,15.84,12,2025-10-05,1247.66,609,0.27,Current,0
LN702771,CUST106958,Personal,20588.89,8.34,24,2025-09-28,934.38,769,0.4,Late,64
LN702772,CUST108697,Auto,10058.78,15.13,36,2021-05-10,349.33,654,0.23,Late,25
LN702773,CUST109179,Auto,19576.51,15.3,24,2025-09-28,951.99,588,0.63,Default,193
LN702774,CUST109913,Personal,2918.35,10.53,24,2022-04-27,135.38,701,0.41,Current,0
LN702775,CUST110149,Auto,8075.86,11.45,24,2023-05-26,378.09,636,0.71,Late,42
LN702776,CUST104264,Auto,15864.84,9.96,24,2023-09-02,731.79,675,0.51,Current,0
LN702777,CUST109093,Personal,27777.08,13.55,24,2024-08-10,1327.76,643,0.43,Current,0
LN702778,CUST109644,BNPL,1397.71,11.37,24,2026-01-30,65.38,625,0.46,Current,0
LN702779,CUST102302,BNPL,822.92,10.96,12,2023-04-26,72.72,650,0.53,Paid Off,0
LN702780,CUST109914,Personal,11361.18,11.24,36,2025-03-23,373.24,683,0.34,Late,50
LN702781,CUST108343,Personal,4733.29,11.27,24,2023-09-15,221.2,646,0.47,Default,116
LN702782,CUST108165,BNPL,609.55,9.49,12,2023-06-01,53.44,710,0.37,Paid Off,0
LN702783,CUST102443,Personal,20771.87,4.91,24,2023-08-05,910.45,788,0.59,Paid Off,0
LN702784,CUST103877,Debt Consolidation,14602.95,14.16,6,2022-10-18,2535.32,603,0.52,Current,0
LN702785,CUST110741,Personal,21801.1,9.65,36,2021-06-29,699.88,740,0.23,Current,0
LN702786,CUST110057,Auto,24301.43,11.57,24,2024-07-15,1139.08,643,0.44,Late,80
LN702787,CUST103738,Personal,22148.49,16.2,48,2021-06-26,629.97,502,0.51,Default,169
LN702788,CUST104587,Auto,3290.71,11.29,24,2022-06-12,153.82,701,0.24,Late,33
LN702789,CUST102268,Personal,2479.41,12.81,24,2021-04-05,117.65,658,0.32,Current,0
LN702790,CUST103219,Personal,6390.07,10.82,12,2026-01-14,564.23,668,0.37,Current,0
LN702791,CUST109759,Debt Consolidation,8107.81,15.56,24,2024-08-22,395.28,572,0.43,Late,56
LN702792,CUST104500,BNPL,354.42,12.53,12,2022-06-12,31.58,750,0.15,Paid Off,0
LN702793,CUST106358,Auto,30728.4,9.3,6,2021-10-24,5261.21,739,0.41,Paid Off,0
LN702794,CUST108022,Personal,10648.48,11.97,6,2022-02-18,1837.22,692,0.28,Current,0
LN702795,CUST105887,Auto,7668.56,12.47,24,2022-07-25,362.67,706,0.35,Current,0
LN702796,CUST109489,Auto,3478.54,13.22,36,2023-03-08,117.57,677,0.31,Paid Off,0
LN702797,CUST102947,BNPL,1347.16,13.6,12,2022-09-19,120.7,571,0.54,Current,0
LN702798,CUST105203,Auto,3830.59,12.91,24,2024-05-21,181.95,590,0.42,Paid Off,0
LN702799,CUST100846,Debt Consolidation,27665.61,9.84,48,2022-05-19,699.55,714,0.47,Paid Off,0
LN702800,CUST102265,Auto,4971.52,13.27,36,2021-12-11,168.16,690,0.28,Current,0
LN702801,CUST102170,Auto,34174.06,13.81,24,2025-12-19,1637.73,647,0.49,Current,0
LN702802,CUST105531,Personal,33894.88,9.54,48,2023-08-11,852.19,744,0.46,Current,0
LN702803,CUST105036,Debt Consolidation,30783.67,14.96,12,2022-07-21,2777.9,678,0.53,Current,0
LN702804,CUST101602,BNPL,805.03,13.39,12,2023-02-08,72.05,578,0.41,Current,0
LN702805,CUST106158,Personal,24141.19,15.61,12,2025-05-26,2185.9,493,0.68,Default,106
LN702806,CUST104724,BNPL,450.22,11.71,24,2024-11-16,21.13,588,0.31,Current,0
LN702807,CUST101104,Personal,17051.97,15.23,12,2021-11-14,1540.93,616,0.65,Paid Off,0
LN702808,CUST101955,Personal,12361.3,13.86,48,2025-06-06,336.92,649,0.45,Current,0
LN702809,CUST110649,Auto,24769.92,18.35,24,2024-12-06,1240.81,462,0.61,Current,0
LN702810,CUST102228,Auto,8454.98,14.73,12,2024-06-09,762.06,532,0.64,Default,146
LN702811,CUST110525,Personal,21545.46,14.96,36,2022-05-19,746.46,542,0.5,Default,115
LN702812,CUST100987,BNPL,1146.03,7.86,6,2022-01-26,195.41,685,0.2,Late,55
LN702813,CUST103248,BNPL,259.5,14.14,36,2025-01-22,8.89,562,0.07,Current,0
LN702814,CUST101535,Personal,11000.43,11.56,24,2024-10-07,515.57,571,0.56,Current,0
LN702815,CUST101189,Auto,29421.18,7.72,36,2022-03-01,918.16,752,0.15,Paid Off,0
LN702816,CUST107760,BNPL,1082.01,10.51,48,2023-09-15,27.71,643,0.59,Current,0
LN702817,CUST110321,BNPL,1078.27,15.41,12,2023-10-20,97.53,643,0.45,Paid Off,0
LN702818,CUST103061,Personal,34338.16,12.53,24,2026-05-10,1624.93,606,0.53,Current,0
LN702819,CUST104568,Personal,27495.7,14.92,12,2022-01-11,2480.68,628,0.36,Current,0
LN702820,CUST100290,Auto,34415.29,17.34,48,2023-04-30,999.12,572,0.08,Current,0
LN702821,CUST103397,Auto,4584.55,11.64,24,2023-04-06,215.04,685,0.37,Paid Off,0
LN702822,CUST109409,Personal,15370.9,14.14,24,2021-07-08,739.02,619,0.26,Current,0
LN702823,CUST104520,BNPL,317.85,14.8,12,2023-02-06,28.66,619,0.37,Paid Off,0
LN702824,CUST105853,Debt Consolidation,17922.81,7.57,36,2022-08-28,558.09,649,0.44,Paid Off,0
LN702825,CUST102394,Personal,2983.28,13.44,24,2023-10-17,142.45,593,0.35,Current,0
LN702826,CUST106608,Auto,28915.25,9.35,12,2024-12-11,2533.38,688,0.42,Paid Off,0
LN702827,CUST104536,BNPL,293.37,15.44,12,2023-12-24,26.54,559,0.4,Paid Off,0
LN702828,CUST100326,Personal,25205.47,9.49,36,2022-10-16,807.29,658,0.32,Paid Off,0
LN702829,CUST100106,Personal,30398.85,16.06,12,2024-10-03,2758.98,593,0.54,Default,147
LN702830,CUST110575,BNPL,110.98,9.11,12,2022-03-05,9.71,664,0.54,Paid Off,0
LN702831,CUST110222,Auto,15280.09,12.86,6,2022-07-01,2643.05,589,0.39,Paid Off,0
LN702832,CUST100634,Personal,16982.2,14.14,36,2024-11-28,581.57,646,0.47,Current,0
LN702833,CUST101240,Personal,15266.53,11.37,36,2021-05-31,502.49,721,0.66,Current,0
LN702834,CUST110325,Personal,20858.11,10.75,36,2022-09-04,680.4,639,0.41,Paid Off,0
LN702835,CUST105716,Debt Consolidation,19168.86,12.96,36,2021-01-21,645.51,656,0.4,Paid Off,0
LN702836,CUST107089,Auto,8802.16,7.46,12,2022-03-17,763.49,697,0.33,Late,27
LN702837,CUST110138,Debt Consolidation,22437.11,12.01,36,2025-10-25,745.34,652,0.29,Current,0
LN702838,CUST104871,Personal,26369.31,6.36,24,2023-12-01,1172.99,747,0.32,Current,0
LN702839,CUST103740,BNPL,1454.69,14.14,24,2021-04-07,69.94,626,0.34,Paid Off,0
LN702840,CUST105205,BNPL,488.34,6.07,12,2021-04-13,42.05,832,0.19,Current,0
LN702841,CUST106116,Auto,2595.24,12.05,6,2024-08-14,447.87,690,0.37,Current,0
LN702842,CUST105760,Auto,17640.74,12.37,24,2021-01-18,833.46,782,0.32,Current,0
LN702843,CUST100743,BNPL,1483.25,17.59,6,2021-05-13,260.04,550,0.4,Default,107
LN702844,CUST109194,Debt Consolidation,25075.85,13.73,12,2025-11-04,2248.3,570,0.53,Default,192
LN702845,CUST104722,Personal,3588.44,14.29,12,2023-01-09,322.69,550,0.55,Current,0
LN702846,CUST107778,BNPL,1278.02,7.55,36,2026-03-13,39.78,693,0.3,Current,0
LN702847,CUST110468,BNPL,629.55,13.42,60,2024-08-27,14.46,711,0.51,Current,0
LN702848,CUST103705,Personal,29862.41,10.49,36,2023-01-30,970.46,653,0.49,Paid Off,0
LN702849,CUST110477,Personal,23059.34,18.07,24,2025-07-27,1152,580,0.6,Current,0
LN702850,CUST108254,Debt Consolidation,4349.6,14.53,48,2022-03-12,120.02,644,0.38,Paid Off,0
LN702851,CUST104246,BNPL,625.14,17.82,24,2022-09-25,31.16,574,0.28,Paid Off,0
LN702852,CUST105698,Auto,24749.12,6.56,12,2021-12-14,2136.44,734,0.33,Paid Off,0
LN702853,CUST102185,Personal,16637.73,11.13,12,2021-11-05,1471.48,665,0.5,Current,0
LN702854,CUST106608,Personal,19384.08,14.08,24,2026-05-08,931.42,688,0.4,Current,0
LN702855,CUST102556,Auto,33836.73,9.26,24,2021-08-02,1549.86,784,0.65,Paid Off,0
LN702856,CUST102986,BNPL,554.37,9.33,12,2024-12-29,48.57,683,0.35,Current,0
LN702857,CUST100332,Debt Consolidation,11488.46,13.1,24,2022-11-12,546.72,665,0.23,Current,0
LN702858,CUST101718,Debt Consolidation,34144.41,15.34,36,2024-12-24,1189.32,523,0.56,Current,0
LN702859,CUST107941,Personal,29529.84,12.71,12,2026-01-18,2633.51,606,0.52,Current,0
LN702860,CUST106535,Personal,23027.3,13.28,36,2021-08-16,778.99,645,0.14,Paid Off,0
LN702861,CUST107289,Debt Consolidation,31301.39,14.62,36,2026-01-14,1079.26,621,0.42,Current,0
LN702862,CUST107899,Debt Consolidation,7755.37,11.74,60,2026-06-15,171.5,629,0.54,Current,0
LN702863,CUST103500,Personal,7549.63,17.09,48,2025-08-16,218.2,563,0.55,Current,0
LN702864,CUST108652,Personal,2824.94,10.92,48,2024-10-23,72.9,657,0.46,Current,0
LN702865,CUST107655,BNPL,719.51,16.41,36,2024-09-20,25.44,564,0.09,Current,0
LN702866,CUST109351,BNPL,1310.65,12.69,24,2026-02-15,62.12,681,0.38,Current,0
LN702867,CUST107460,Personal,21044.25,16.05,12,2026-03-28,1909.86,604,0.45,Default,218
LN702868,CUST104281,Debt Consolidation,10281.28,15.69,24,2024-07-23,501.88,579,0.32,Default,249
LN702869,CUST108071,Personal,21949.6,16.85,24,2021-05-20,1083.66,551,0.5,Default,103
LN702870,CUST105572,BNPL,1213.24,10.45,12,2023-02-08,106.92,755,0.21,Current,0
LN702871,CUST107277,Auto,8514.74,14.2,24,2024-04-16,409.62,571,0.38,Current,0
LN702872,CUST100267,Debt Consolidation,33803.83,13.4,24,2022-08-14,1613.45,572,0.64,Paid Off,0
LN702873,CUST105753,Personal,2140.92,13.84,24,2025-10-29,102.63,594,0.5,Current,0
LN702874,CUST110658,Personal,33618.72,12.39,36,2023-10-08,1122.9,659,0.57,Current,0
LN702875,CUST103130,Auto,16628.11,12.58,36,2023-11-05,556.91,658,0.46,Current,0
LN702876,CUST110651,Auto,22022.85,17.06,36,2025-11-12,785.83,512,0.53,Default,174
LN702877,CUST104627,Auto,34878.27,8.43,6,2022-05-16,5956.81,735,0.46,Current,0
LN702878,CUST103229,Debt Consolidation,17853.52,15.48,24,2021-07-24,869.73,616,0.5,Paid Off,0
LN702879,CUST105494,Auto,32699.09,3.9,60,2023-06-23,600.73,808,0.3,Current,0
LN702880,CUST102595,Auto,28429.56,10.72,36,2021-09-26,926.98,680,0.37,Current,0
LN702881,CUST107775,Personal,15058.36,14.74,48,2023-05-27,417.1,572,0.15,Current,0
LN702882,CUST105970,BNPL,150.78,11.01,24,2023-08-02,7.03,693,0.38,Current,0
LN702883,CUST104247,Auto,2259.49,9.82,24,2026-05-29,104.08,662,0.2,Current,0
LN702884,CUST100983,Debt Consolidation,30586.93,15.25,36,2025-08-06,1064.05,610,0.57,Late,70
LN702885,CUST104519,Debt Consolidation,7415.76,12.95,48,2022-01-20,198.76,615,0.4,Paid Off,0
LN702886,CUST107980,Personal,31672.96,5.48,24,2022-12-03,1396.36,773,0.05,Paid Off,0
LN702887,CUST102930,Auto,21864.18,10.76,48,2024-06-26,562.55,694,0.46,Current,0
LN702888,CUST102749,BNPL,459.45,12.5,12,2021-09-19,40.93,641,0.5,Paid Off,0
LN702889,CUST104315,Debt Consolidation,5302.68,16.82,60,2024-10-26,131.27,535,0.6,Default,109
LN702890,CUST108930,BNPL,730.25,11.64,48,2023-06-15,19.1,724,0.18,Current,0
LN702891,CUST100125,Personal,20098.46,14.47,12,2024-06-14,1809.03,593,0.72,Current,0
LN702892,CUST103696,Personal,9307.37,14.6,24,2022-06-28,449.52,627,0.46,Late,21
LN702893,CUST101740,Personal,9499.48,11.57,24,2024-08-17,445.27,640,0.41,Current,0
LN702894,CUST109265,Auto,33148.51,13.69,6,2024-01-21,5747.44,640,0.3,Current,0
LN702895,CUST101384,BNPL,1346.62,18.58,6,2021-11-14,236.75,544,0.56,Default,256
LN702896,CUST110721,Personal,15439.78,11.88,36,2021-04-06,511.94,711,0.09,Current,0
LN702897,CUST108598,BNPL,611.22,9.75,24,2022-08-18,28.13,706,0.28,Paid Off,0
LN702898,CUST108031,Auto,2747.51,10,24,2023-10-11,126.78,677,0.49,Paid Off,0
LN702899,CUST103444,Personal,30521.26,9.66,60,2023-09-01,643.39,690,0.56,Current,0
LN702900,CUST104595,Debt Consolidation,6335.04,16.95,12,2025-07-25,577.64,637,0.54,Default,119
LN702901,CUST108754,Auto,23032.82,16.34,24,2024-07-01,1131.5,581,0.51,Late,51
LN702902,CUST108968,Personal,2332.58,11.57,60,2022-10-07,51.38,649,0.58,Current,0
LN702903,CUST106867,BNPL,1003.04,9.14,12,2026-04-19,87.78,738,0.5,Current,0
LN702904,CUST100464,Personal,22459.5,13.46,24,2025-11-06,1072.62,682,0.46,Current,0
LN702905,CUST105346,Personal,32994.79,13.42,12,2025-04-26,2953.51,637,0.42,Paid Off,0
LN702906,CUST103534,Debt Consolidation,31940.33,12.98,36,2023-05-13,1075.89,623,0.26,Current,0
LN702907,CUST105034,Debt Consolidation,29788.23,15.34,6,2025-07-05,5189.19,464,0.41,Default,112
LN702908,CUST101204,Auto,16402.21,14.66,12,2021-02-17,1477.81,645,0.39,Late,44
LN702909,CUST100763,Auto,31859.85,15,60,2021-11-09,757.94,663,0.43,Current,0
LN702910,CUST104488,Debt Consolidation,30598.42,10.61,36,2023-01-16,996.11,598,0.4,Current,0
LN702911,CUST106924,Debt Consolidation,25609.9,10.54,48,2021-03-25,656.19,687,0.59,Current,0
LN702912,CUST108597,BNPL,576.14,11.07,60,2024-03-04,12.55,710,0.23,Current,0
LN702913,CUST105970,Auto,16428.78,7.99,36,2024-10-15,514.74,693,0.38,Current,0
LN702914,CUST103123,Debt Consolidation,5735.63,19.03,36,2025-02-03,210.33,586,0.62,Late,33
LN702915,CUST103611,Personal,4655.06,6.27,48,2021-04-17,109.9,798,0.33,Paid Off,0
LN702916,CUST110947,Personal,23378.3,11,6,2021-06-27,4022.34,751,0.46,Current,0
LN702917,CUST108647,Personal,4051.16,9.87,6,2022-09-20,694.76,668,0.21,Late,85
LN702918,CUST107145,Auto,24421.32,8.39,6,2024-12-07,4170.4,648,0.47,Late,50
LN702919,CUST110008,Personal,4178.06,12.24,12,2022-03-18,371.68,615,0.48,Paid Off,0
LN702920,CUST106413,BNPL,1278.92,12.14,24,2021-07-23,60.29,655,0.71,Paid Off,0
LN702921,CUST105165,Personal,6314.07,14.23,60,2022-08-27,147.67,656,0.42,Current,0
LN702922,CUST110095,Personal,8361.34,8.97,48,2021-11-07,207.95,614,0.39,Default,241
LN702923,CUST106765,Personal,25336.25,12.58,12,2023-02-27,2257.98,709,0.31,Current,0
LN702924,CUST110887,Personal,15431.97,12.76,48,2021-11-29,412.17,659,0.3,Paid Off,0
LN702925,CUST108736,Personal,25583.75,16.75,12,2023-12-01,2330.33,629,0.51,Paid Off,0
LN702926,CUST107381,Personal,2860.65,14.74,6,2024-05-19,497.48,616,0.46,Default,255
LN702927,CUST102872,Debt Consolidation,29830.33,11.96,36,2024-10-14,990.22,676,0.33,Current,0
LN702928,CUST102949,BNPL,1335.73,3.9,6,2026-02-25,225.16,832,0.17,Current,0
LN702929,CUST108786,Debt Consolidation,15507.07,11.33,36,2022-12-09,510.11,653,0.26,Paid Off,0
LN702930,CUST105968,BNPL,801.43,11.67,36,2023-09-14,26.49,719,0.47,Current,0
LN702931,CUST100239,Auto,11510.34,13.37,36,2023-09-03,389.88,596,0.61,Late,76
LN702932,CUST104413,Debt Consolidation,32218.78,13.26,36,2021-10-16,1089.62,700,0.36,Paid Off,0
LN702933,CUST107484,Personal,22819.53,13.11,24,2022-06-12,1086.06,636,0.45,Paid Off,0
LN702934,CUST107271,Auto,18272.48,9.2,6,2021-05-20,3127.65,684,0.39,Paid Off,0
LN702935,CUST101121,Personal,16650,4.29,24,2026-01-06,725.18,850,0.25,Current,0
LN702936,CUST103050,Personal,24462.73,15.08,12,2026-01-04,2208.89,584,0.56,Current,0
LN702937,CUST110638,Debt Consolidation,16292.32,19.19,24,2024-10-25,822.78,566,0.41,Current,0
LN702938,CUST106375,Personal,34989.38,7.47,36,2022-03-27,1087.91,788,0.31,Late,50
LN702939,CUST102953,Personal,17361.26,11.85,24,2026-01-11,816.04,653,0.28,Current,0
LN702940,CUST107561,Personal,30807.5,10.32,48,2021-08-26,786.1,738,0.18,Current,0
LN702941,CUST100260,BNPL,1471.04,11.89,24,2025-01-25,69.17,680,0.65,Late,76
LN702942,CUST104284,Debt Consolidation,24736.89,14.43,12,2025-05-23,2226.06,516,0.51,Paid Off,0
LN702943,CUST109271,Personal,4186.96,12.48,12,2024-08-14,372.95,638,0.29,Paid Off,0
LN702944,CUST104756,Personal,2374.19,6.83,12,2024-11-04,205.24,730,0.34,Paid Off,0
LN702945,CUST100013,Personal,4296.39,17.44,12,2023-05-12,392.75,642,0.44,Current,0
LN702946,CUST103021,Debt Consolidation,25989.96,12.2,48,2026-04-21,686.97,693,0.24,Late,27
LN702947,CUST106743,Auto,20665.3,13.71,24,2024-06-27,989.37,627,0.53,Current,0
LN702948,CUST103801,BNPL,631.98,11.4,36,2025-01-27,20.81,730,0.37,Current,0
LN702949,CUST107399,Auto,33065.32,15.22,12,2026-02-03,2987.85,611,0.46,Late,53
LN702950,CUST108141,BNPL,211.12,11.43,36,2026-01-05,6.95,654,0.47,Default,192
LN702951,CUST110782,Personal,29747.45,9.28,24,2024-08-21,1362.83,739,0.24,Late,51
LN702952,CUST105031,Debt Consolidation,22834.42,17.69,24,2025-10-16,1136.57,569,0.53,Default,152
LN702953,CUST105981,BNPL,450.31,15.44,24,2021-11-02,21.93,587,0.43,Current,0
LN702954,CUST107090,BNPL,724.53,13.79,12,2024-12-15,64.98,538,0.45,Default,120
LN702955,CUST110230,Personal,15415.38,13.48,60,2021-02-04,354.55,614,0.55,Paid Off,0
LN702956,CUST104028,Auto,6610.02,14.67,12,2024-06-08,595.58,638,0.25,Current,0
LN702957,CUST108677,Personal,34020.48,13.05,12,2025-01-21,3039.41,671,0.25,Paid Off,0
LN702958,CUST108135,BNPL,827.73,14.93,36,2023-05-12,28.67,661,0.32,Current,0
LN702959,CUST106686,BNPL,631.61,10.07,12,2021-06-07,55.55,678,0.42,Default,109
LN702960,CUST107137,Auto,5939.03,16.57,36,2023-03-10,210.47,574,0.44,Late,18
LN702961,CUST107877,Personal,5895.53,16.59,60,2023-05-21,145.22,667,0.32,Current,0
LN702962,CUST107121,Personal,16215.32,14.79,48,2025-06-19,449.56,583,0.41,Current,0
LN702963,CUST109505,Personal,1857.85,16.93,24,2021-06-14,91.79,575,0.51,Paid Off,0
LN702964,CUST107742,Personal,25845.84,6.86,36,2022-06-15,796.39,721,0.32,Current,0
LN702965,CUST104046,Personal,24945.12,12.64,24,2021-07-31,1181.72,744,0.34,Current,0
LN702966,CUST102230,Auto,26834.86,13.45,12,2025-07-30,2402.49,628,0.43,Current,0
LN702967,CUST109532,Auto,21601.43,15.44,12,2025-06-03,1954.2,536,0.68,Default,165
LN702968,CUST104612,Personal,9027.88,18.49,48,2024-02-25,267.51,564,0.52,Current,0
LN702969,CUST102791,Personal,6342.11,20.78,24,2021-08-07,325.21,512,0.53,Paid Off,0
LN702970,CUST104251,BNPL,1320.17,11.81,6,2024-12-18,227.67,654,0.45,Current,0
LN702971,CUST108073,Personal,10918.25,9.47,36,2022-08-13,349.59,709,0.13,Current,0
LN702972,CUST104602,Personal,23522.35,12.38,24,2022-01-23,1111.46,700,0.67,Late,43
LN702973,CUST110932,BNPL,1304.53,17.03,12,2026-05-19,119,603,0.43,Late,20
LN702974,CUST109623,BNPL,931.97,11.16,36,2021-08-09,30.58,651,0.63,Late,31
LN702975,CUST110346,Debt Consolidation,30713.97,11.24,48,2022-03-19,797.4,652,0.55,Default,145
LN702976,CUST107784,Personal,23534.36,13.06,36,2022-03-04,793.65,679,0.29,Paid Off,0
LN702977,CUST109089,Personal,27544.32,18.63,12,2023-01-28,2533.53,577,0.44,Paid Off,0
LN702978,CUST104049,Personal,28364.22,11.69,6,2022-11-30,4889.86,595,0.48,Default,208
LN702979,CUST110528,Personal,22730.85,11.52,48,2025-09-13,593.25,774,0.12,Current,0
LN702980,CUST102424,Auto,7814.54,13.62,36,2026-06-20,265.64,698,0.25,Current,0
LN702981,CUST107174,Personal,34432.62,21.44,36,2021-08-26,1305.04,560,0.53,Paid Off,0
LN702982,CUST107056,Personal,16987.52,14.45,48,2023-06-18,468.05,620,0.42,Current,0
LN702983,CUST108609,Personal,21611.17,14.75,24,2021-12-29,1045.29,637,0.24,Paid Off,0
LN702984,CUST100492,Personal,34500.17,13.67,48,2021-05-03,937.07,515,0.52,Paid Off,0
LN702985,CUST107843,Debt Consolidation,26340.24,11.62,48,2026-06-28,688.74,695,0.41,Current,0
LN702986,CUST101940,Personal,17865.76,18.1,48,2026-04-20,525.74,502,0.65,Default,156
LN702987,CUST107859,BNPL,1310.81,12.65,36,2026-01-31,43.95,687,0.47,Current,0
LN702988,CUST110570,Debt Consolidation,31702.48,12.6,36,2024-02-06,1062.08,625,0.59,Current,0
LN702989,CUST101196,BNPL,690.65,11.01,24,2021-06-05,32.19,691,0.57,Current,0
LN702990,CUST104815,Personal,14050.15,8.95,24,2025-01-18,641.56,630,0.42,Current,0
LN702991,CUST107424,Personal,24673.54,15.29,12,2026-06-20,2230.37,621,0.53,Current,0
LN702992,CUST102594,Debt Consolidation,32020.51,11.7,12,2026-01-25,2840.49,542,0.42,Current,0
LN702993,CUST108214,BNPL,953.1,16.56,6,2025-06-26,166.61,568,0.58,Paid Off,0
LN702994,CUST103949,Auto,14371.69,15.26,36,2024-11-11,500.03,676,0.43,Current,0
LN702995,CUST102345,Personal,27950.33,12.9,24,2021-10-03,1327.5,597,0.49,Paid Off,0
LN702996,CUST102416,Debt Consolidation,18504.26,12,6,2025-08-30,3192.88,604,0.27,Paid Off,0
LN702997,CUST110231,Personal,11294.73,13.2,24,2023-10-06,538.03,714,0.4,Current,0
LN702998,CUST110971,BNPL,653.75,15.12,60,2023-10-30,15.59,540,0.71,Current,0
LN702999,CUST102746,Debt Consolidation,20876.64,10.78,48,2022-02-19,537.34,634,0.52,Paid Off,0
LN703000,CUST102804,Debt Consolidation,2041.99,16.32,12,2021-02-08,185.58,604,0.52,Current,0
LN703001,CUST104175,BNPL,1389.43,13.69,12,2026-01-14,124.55,659,0.68,Current,0
LN703002,CUST108691,Personal,8366.25,13.73,36,2025-08-06,284.84,594,0.37,Current,0
LN703003,CUST103052,Personal,33407.45,15.36,12,2026-01-14,3020.98,541,0.46,Current,0
LN703004,CUST105684,Personal,22547.72,12.05,12,2022-04-06,2003.87,630,0.43,Late,74
LN703005,CUST108086,Debt Consolidation,29938.85,13.34,24,2024-04-13,1428.13,697,0.29,Current,0
LN703006,CUST110655,Auto,18202.42,7.89,36,2024-03-03,569.47,705,0.34,Current,0
LN703007,CUST109061,Debt Consolidation,5103.81,11.72,36,2023-11-15,168.84,572,0.33,Default,146
LN703008,CUST105265,Debt Consolidation,22259.31,14.65,48,2021-10-25,615.55,615,0.36,Paid Off,0
LN703009,CUST107376,Debt Consolidation,8456.61,12.37,24,2024-03-19,399.54,645,0.36,Paid Off,0
LN703010,CUST104172,Auto,30232.33,13.31,24,2021-11-16,1441.71,657,0.44,Paid Off,0
LN703011,CUST104106,BNPL,115.18,12.31,24,2024-03-19,5.44,623,0.42,Current,0
LN703012,CUST105559,Auto,28161.73,16.17,24,2024-12-04,1381.17,588,0.5,Current,0
LN703013,CUST110299,Personal,24337.08,15.78,24,2025-01-22,1189.06,577,0.5,Default,154
LN703014,CUST100604,Auto,24655.1,15.24,36,2023-08-02,857.58,577,0.49,Default,268
LN703015,CUST110115,Personal,11622.65,15.41,12,2026-05-09,1051.29,619,0.46,Current,0
LN703016,CUST105960,Personal,2471.21,14.38,48,2021-12-08,68,642,0.66,Default,248
LN703017,CUST106693,Auto,3743.59,8.78,36,2026-03-23,118.66,679,0.47,Current,0
LN703018,CUST103853,Debt Consolidation,10036.15,15.09,6,2021-02-04,1747.08,687,0.34,Paid Off,0
LN703019,CUST101386,BNPL,274.85,16.31,24,2022-03-04,13.5,659,0.32,Current,0
LN703020,CUST101801,Personal,25583.56,13.73,36,2025-02-14,871.03,612,0.42,Current,0
LN703021,CUST109299,Auto,6776.45,12.14,12,2021-09-03,602.52,614,0.31,Paid Off,0
LN703022,CUST109494,BNPL,1125.28,12.43,48,2025-04-22,29.87,620,0.42,Current,0
LN703023,CUST109419,Personal,5436.22,16.14,60,2022-05-23,132.6,640,0.25,Current,0
LN703024,CUST106844,BNPL,1481.24,9.9,12,2023-03-09,130.16,695,0.44,Paid Off,0
LN703025,CUST109937,Personal,5044.98,6.52,48,2025-08-27,119.69,718,0.28,Current,0
LN703026,CUST110510,Personal,10476.73,10.01,6,2021-01-22,1797.45,735,0.42,Current,0
LN703027,CUST103496,Personal,23083.67,15.48,36,2022-05-17,805.64,499,0.39,Default,249
LN703028,CUST101252,Personal,15748.92,10.98,36,2022-08-11,515.45,656,0.32,Paid Off,0
LN703029,CUST108951,Personal,26242.63,11.76,48,2023-05-24,687.98,657,0.35,Current,0
LN703030,CUST104921,Personal,26057.02,12.73,12,2024-07-19,2324.04,660,0.41,Current,0
LN703031,CUST101428,Personal,8771.52,14.4,48,2025-01-31,241.46,594,0.6,Current,0
LN703032,CUST100210,Auto,23273.13,14.91,36,2022-05-12,805.75,573,0.47,Late,80
LN703033,CUST106482,Personal,32828.03,16.81,24,2021-04-13,1620.1,551,0.48,Default,251
LN703034,CUST104920,Auto,23099.75,16.65,36,2024-09-13,819.55,601,0.67,Default,96
LN703035,CUST100126,Auto,29776.12,15.66,12,2023-09-02,2696.82,594,0.64,Default,165
LN703036,CUST102053,BNPL,1367.09,17.91,12,2021-12-25,125.28,585,0.41,Current,0
LN703037,CUST103821,Auto,17689.93,14.37,36,2026-05-19,607.78,617,0.42,Current,0
LN703038,CUST104682,Auto,30438.38,11.42,36,2022-12-11,1002.58,676,0.26,Current,0
LN703039,CUST100602,BNPL,121.39,9.19,12,2025-04-02,10.63,760,0.43,Current,0
LN703040,CUST102492,BNPL,531.35,13.04,48,2023-10-07,14.27,678,0.51,Current,0
LN703041,CUST110476,BNPL,972,12.62,24,2022-01-09,46.04,667,0.45,Late,39
LN703042,CUST110583,Debt Consolidation,7481.55,17.98,48,2024-03-02,219.69,539,0.46,Current,0
LN703043,CUST109361,Personal,29756.01,14.15,12,2023-11-19,2673.81,574,0.41,Paid Off,0
LN703044,CUST101021,BNPL,326.55,7.85,48,2021-08-18,7.95,607,0.72,Current,0
LN703045,CUST109716,Personal,21098.57,12.71,48,2024-11-30,562.99,641,0.49,Current,0
LN703046,CUST101205,Debt Consolidation,18613.83,13.23,36,2022-10-29,629.24,548,0.58,Late,60
LN703047,CUST110380,Auto,29012.34,7.99,12,2021-01-10,2523.6,821,0.43,Current,0
LN703048,CUST107000,BNPL,726.01,11.25,6,2021-12-04,125,685,0.45,Current,0
LN703049,CUST106849,Auto,34219.52,10.33,6,2025-06-10,5876.31,721,0.34,Paid Off,0
LN703050,CUST109446,Personal,8856.37,6.48,48,2022-01-29,209.95,712,0.32,Paid Off,0
LN703051,CUST101949,Personal,9879.34,13.04,36,2022-02-22,333.06,629,0.53,Current,0
LN703052,CUST103243,BNPL,1357,14.77,48,2026-03-01,37.61,684,0.41,Current,0
LN703053,CUST100764,Personal,7831.48,9.35,36,2026-06-17,250.32,695,0.4,Current,0
LN703054,CUST109088,BNPL,502.03,11.99,24,2021-12-18,23.63,596,0.34,Current,0
LN703055,CUST109691,Personal,7131.44,14.25,12,2025-02-25,641.15,633,0.49,Paid Off,0
LN703056,CUST103834,BNPL,1347.21,14.68,36,2021-09-11,46.49,590,0.24,Paid Off,0
LN703057,CUST108104,Personal,10523.33,15.4,48,2025-08-03,295.01,561,0.46,Default,243
LN703058,CUST108918,Personal,19516.7,12.83,12,2025-08-20,1741.62,637,0.48,Current,0
LN703059,CUST110069,Auto,29761.66,15.61,36,2022-10-17,1040.61,616,0.36,Paid Off,0
LN703060,CUST104232,Personal,16742.35,13.86,24,2026-02-07,802.74,580,0.63,Current,0
LN703061,CUST101453,BNPL,829.29,10.29,6,2021-02-23,142.39,571,0.52,Paid Off,0
LN703062,CUST107552,Auto,21557.74,17.8,48,2021-09-05,631.01,562,0.33,Late,37
LN703063,CUST100479,Personal,3682.26,9.84,12,2022-10-10,323.46,730,0.4,Current,0
LN703064,CUST100614,Personal,30107,14.71,24,2021-03-12,1455.64,551,0.4,Paid Off,0
LN703065,CUST108386,Personal,23587.89,17.35,24,2021-06-16,1170.21,500,0.3,Paid Off,0
LN703066,CUST108338,BNPL,997.37,8.02,24,2024-04-01,45.12,760,0.22,Current,0
LN703067,CUST107225,Debt Consolidation,18436.07,10.23,6,2024-03-20,3165.01,671,0.54,Default,100
LN703068,CUST101135,Personal,12854.14,14.71,12,2021-03-14,1158.43,615,0.64,Current,0
LN703069,CUST101133,Personal,15007.45,16.1,60,2024-04-05,365.75,679,0.4,Late,87
LN703070,CUST100109,BNPL,573.39,9.58,24,2023-10-25,26.35,630,0.63,Paid Off,0
LN703071,CUST108541,Personal,6331.34,13.52,12,2023-11-22,567.04,678,0.22,Current,0
LN703072,CUST107082,Auto,33943.24,13.67,12,2023-09-05,3042.4,645,0.43,Current,0
LN703073,CUST104402,BNPL,850.3,9.57,24,2024-06-01,39.07,730,0.22,Paid Off,0
LN703074,CUST104286,Auto,29645.22,18.45,6,2021-05-20,5210.13,508,0.5,Default,223
LN703075,CUST106804,Personal,30190.92,19.49,36,2024-04-28,1114.17,517,0.55,Default,268
LN703076,CUST110779,Personal,21408.04,18.24,60,2022-07-10,546.42,499,0.66,Current,0
LN703077,CUST110330,Personal,4724,14.28,12,2024-11-03,424.78,576,0.49,Current,0
LN703078,CUST105595,BNPL,909.17,11.85,24,2024-07-06,42.73,525,0.58,Current,0
LN703079,CUST102133,Personal,19410.46,12.61,24,2022-03-05,919.26,688,0.23,Current,0
LN703080,CUST100667,Personal,3835.94,13.43,24,2021-03-07,183.14,617,0.4,Current,0
LN703081,CUST109535,Personal,6132.48,7.29,24,2021-04-08,275.37,807,0.18,Paid Off,0
LN703082,CUST110815,Auto,11374.67,14.84,6,2023-05-10,1978.67,604,0.71,Paid Off,0
LN703083,CUST104987,Personal,28642.7,11.96,48,2025-10-07,753.71,661,0.26,Current,0
LN703084,CUST100600,Personal,28572.17,12.22,48,2023-08-25,755.5,586,0.49,Default,132
LN703085,CUST104250,Personal,32359.08,12.39,12,2024-11-18,2880.97,691,0.52,Current,0
LN703086,CUST102266,Auto,19999.83,9.7,48,2022-11-17,504.37,686,0.31,Current,0
LN703087,CUST100072,Personal,4225.71,11,12,2022-07-18,373.48,651,0.22,Late,59
LN703088,CUST107329,Auto,28219.74,12.91,24,2024-06-02,1340.43,643,0.55,Paid Off,0
LN703089,CUST108210,Personal,22277.43,18.21,36,2021-10-05,807.73,582,0.33,Paid Off,0
LN703090,CUST107636,Personal,34861.06,13.64,36,2024-06-21,1185.38,603,0.38,Current,0
LN703091,CUST107991,Auto,17691.88,8.44,48,2021-02-16,435.57,747,0.24,Paid Off,0
LN703092,CUST105510,Personal,8113.87,8.15,24,2025-09-21,367.52,688,0.29,Current,0
LN703093,CUST102053,BNPL,279.67,15.71,24,2023-02-18,13.65,585,0.54,Paid Off,0
LN703094,CUST106800,BNPL,703.66,14.93,48,2022-05-11,19.56,620,0.54,Paid Off,0
LN703095,CUST106143,Personal,32643.39,9.08,60,2024-01-01,678.89,742,0.22,Late,53
LN703096,CUST108516,Auto,21631.08,13.61,36,2025-12-31,735.21,649,0.32,Current,0
LN703097,CUST105307,Auto,17843.94,13.41,24,2024-09-28,851.77,609,0.73,Current,0
LN703098,CUST102131,Auto,27832.05,16.82,24,2023-01-15,1373.67,531,0.34,Paid Off,0
LN703099,CUST100350,Personal,34769.87,18.01,48,2022-01-31,1021.55,443,0.54,Paid Off,0
LN703100,CUST100154,Debt Consolidation,12926.02,12.56,36,2023-10-11,432.79,662,0.41,Current,0
LN703101,CUST100625,Personal,3841.15,11.39,12,2021-09-22,340.19,705,0.09,Paid Off,0
LN703102,CUST102753,Auto,33886.76,10.98,24,2024-12-31,1579.07,697,0.41,Current,0
LN703103,CUST102537,Personal,24674.8,12.66,12,2024-02-05,2199.95,702,0.42,Paid Off,0
LN703104,CUST104951,Personal,23459.1,7.15,60,2022-12-17,466.18,775,0.33,Current,0
LN703105,CUST110598,Auto,6430.07,13.14,48,2025-07-29,172.95,642,0.48,Current,0
LN703106,CUST104108,Personal,21517.15,15,12,2024-08-10,1942.1,525,0.48,Current,0
LN703107,CUST105409,Debt Consolidation,5657.2,12.63,36,2026-06-14,189.61,669,0.39,Current,0
LN703108,CUST103234,BNPL,113.97,12.75,36,2022-09-10,3.83,675,0.4,Paid Off,0
LN703109,CUST110578,BNPL,971.25,13.38,36,2026-04-10,32.9,634,0.44,Current,0
LN703110,CUST103617,BNPL,1375.19,17.4,12,2023-03-20,125.69,506,0.42,Default,177
LN703111,CUST106631,Personal,29944.08,21.72,24,2023-10-15,1549.31,456,0.57,Default,193
LN703112,CUST103475,Debt Consolidation,34191.32,13.46,36,2025-09-24,1159.63,630,0.57,Default,227
LN703113,CUST101436,Personal,4497.71,11.99,60,2022-12-09,100.03,598,0.35,Current,0
LN703114,CUST103149,Personal,14216.59,6.65,24,2026-04-05,634.26,776,0.21,Current,0
LN703115,CUST108175,Personal,13420.27,11.91,24,2021-09-28,631.17,660,0.36,Paid Off,0
LN703116,CUST101790,Personal,17627.72,12.59,24,2025-01-14,834.66,621,0.34,Current,0
LN703117,CUST101192,Personal,18767.22,14.37,24,2024-08-17,904.35,634,0.42,Current,0
LN703118,CUST104205,Personal,10276.7,9.06,36,2021-03-04,327.08,647,0.63,Late,65
LN703119,CUST107590,Personal,16768.99,5.75,12,2021-03-03,1441.32,731,0.19,Current,0
LN703120,CUST109939,Debt Consolidation,15374.38,10.42,60,2025-07-23,329.85,671,0.24,Current,0
LN703121,CUST104828,Personal,29743.53,15.63,12,2022-08-24,2693.45,623,0.34,Current,0
LN703122,CUST109441,BNPL,391.78,12.73,6,2023-05-01,67.74,706,0.51,Late,46
LN703123,CUST105626,Debt Consolidation,20700.77,16.18,48,2025-02-07,588.58,629,0.37,Current,0
LN703124,CUST104200,Personal,31242.22,4.64,36,2022-03-30,931.32,734,0.27,Current,0
LN703125,CUST101689,Auto,12880.89,18.4,6,2025-08-01,2263.49,578,0.35,Default,90
LN703126,CUST102442,BNPL,1388.68,10.99,24,2023-01-09,64.72,676,0.34,Current,0
LN703127,CUST100343,Personal,15137.14,12.01,36,2022-04-11,502.84,570,0.42,Default,129
LN703128,CUST109647,Debt Consolidation,12665.45,15.38,36,2021-11-17,441.41,586,0.56,Paid Off,0
LN703129,CUST101386,Personal,21079.89,9.95,24,2022-04-23,972.24,659,0.45,Current,0
LN703130,CUST102936,BNPL,1004.65,11.98,24,2025-10-17,47.28,641,0.64,Current,0
LN703131,CUST108932,Auto,33185.13,15.95,24,2021-08-21,1624.05,603,0.39,Current,0
LN703132,CUST109759,Personal,4465.9,13.39,48,2022-11-26,120.68,572,0.41,Current,0
LN703133,CUST109874,Personal,11613.45,12.13,24,2024-09-03,547.39,712,0.31,Current,0
LN703134,CUST102478,Personal,8280.62,9.5,24,2024-05-25,380.2,685,0.28,Paid Off,0
LN703135,CUST100347,BNPL,799.05,10.57,12,2023-10-30,70.46,782,0.37,Current,0
LN703136,CUST102047,Auto,15680.83,19.25,60,2023-03-19,408.93,525,0.43,Default,226
LN703137,CUST100733,Auto,33102.61,13.39,6,2022-08-18,5734.56,599,0.55,Default,206
LN703138,CUST100067,Personal,21876.2,11.19,6,2026-06-07,3765.95,647,0.61,Current,0
LN703139,CUST110583,Personal,25894.03,15.19,24,2024-04-04,1257.85,539,0.39,Paid Off,0
LN703140,CUST110589,Auto,9937.86,16.6,36,2021-04-16,352.34,562,0.53,Default,129
LN703141,CUST104270,Auto,30609.68,11.42,36,2021-06-09,1008.22,629,0.29,Paid Off,0
LN703142,CUST100113,Debt Consolidation,9080.64,6.31,36,2024-03-16,277.53,763,0.34,Current,0
LN703143,CUST106773,Auto,7691.61,10.32,36,2021-05-05,249.34,620,0.52,Paid Off,0
LN703144,CUST105632,BNPL,514.77,10.78,24,2025-06-04,23.94,686,0.39,Late,23
LN703145,CUST106905,BNPL,498.07,9.7,12,2024-04-20,43.72,738,0.2,Current,0
LN703146,CUST105609,Personal,3119.45,13.6,60,2024-02-26,71.94,536,0.61,Current,0
LN703147,CUST105152,Auto,22243.94,8.09,24,2021-11-28,1006.95,752,0.33,Current,0
LN703148,CUST103421,Auto,17227.24,11.82,36,2021-11-05,570.71,617,0.66,Current,0
LN703149,CUST107522,Auto,8571.22,16.63,24,2021-05-14,422.26,634,0.37,Current,0
LN703150,CUST109462,BNPL,1179.44,17.97,12,2023-05-13,108.11,537,0.4,Late,39
LN703151,CUST108140,Personal,4288.43,10.22,36,2023-03-29,138.82,644,0.42,Paid Off,0
LN703152,CUST108558,Personal,11442.98,17.99,6,2024-06-25,2008.47,623,0.41,Current,0
LN703153,CUST102308,Personal,14432.46,10.02,36,2022-09-15,465.83,624,0.29,Paid Off,0
LN703154,CUST106042,Auto,2157.05,9.31,12,2021-02-05,188.95,667,0.38,Paid Off,0
LN703155,CUST110807,Personal,6443.77,17.12,24,2024-07-09,318.97,550,0.57,Current,0
LN703156,CUST104235,Personal,23086.14,15.28,48,2024-11-17,645.79,539,0.41,Default,243
LN703157,CUST105729,Personal,5590.46,12.93,12,2024-01-19,499.14,601,0.31,Current,0
LN703158,CUST106342,Auto,33785.17,13.66,12,2023-11-01,3028.07,678,0.36,Current,0
LN703159,CUST103399,Personal,12328.54,8.94,12,2024-02-29,1077.81,757,0.27,Current,0
LN703160,CUST108653,Debt Consolidation,18631.63,15.76,36,2021-11-10,652.83,588,0.34,Current,0
LN703161,CUST102809,Personal,5964.03,11.92,6,2025-09-01,1028.85,608,0.29,Current,0
LN703162,CUST109617,Debt Consolidation,27060.51,9.65,12,2026-05-15,2374.65,761,0.12,Current,0
LN703163,CUST110902,Auto,21407.07,12.28,36,2021-05-08,713.89,648,0.53,Paid Off,0
LN703164,CUST110793,Debt Consolidation,9018.3,11.16,24,2024-02-06,420.99,609,0.41,Paid Off,0
LN703165,CUST102563,Auto,25597.85,21.2,48,2021-04-03,795.41,499,0.48,Default,112
LN703166,CUST106424,Personal,8671.88,10.38,36,2026-06-07,281.37,677,0.16,Current,0
LN703167,CUST103378,Auto,8835.86,10.87,36,2021-09-22,288.73,727,0.47,Current,0
LN703168,CUST110637,Personal,10837.32,13.5,48,2022-03-22,293.43,608,0.53,Current,0
LN703169,CUST107793,BNPL,205.56,14.29,24,2021-03-15,9.9,627,0.5,Default,214
LN703170,CUST104748,BNPL,480.09,18.62,36,2022-04-28,17.51,568,0.37,Paid Off,0
LN703171,CUST103069,BNPL,1297.01,10.93,12,2023-06-21,114.59,635,0.52,Current,0
LN703172,CUST106261,BNPL,1294.01,13.43,60,2026-05-11,29.73,646,0.42,Current,0
LN703173,CUST102243,Personal,13679.5,13.79,12,2022-10-12,1226.89,595,0.55,Default,172
LN703174,CUST100155,Auto,18304.14,14.11,60,2022-09-13,426.95,609,0.62,Current,0
LN703175,CUST110239,Personal,21934.73,10.61,24,2021-03-15,1018.36,709,0.37,Late,32
LN703176,CUST106420,Auto,22001.87,11.62,36,2024-12-15,726.79,636,0.35,Current,0
LN703177,CUST100637,Personal,26856.26,11.93,12,2025-05-27,2385.27,673,0.52,Late,40
LN703178,CUST110226,Auto,27745.26,11.76,24,2025-04-19,1302.96,548,0.36,Current,0
LN703179,CUST104186,Auto,29503.36,10.47,36,2021-07-16,958.51,655,0.3,Late,52
LN703180,CUST105729,Personal,17043.12,14.81,60,2022-06-18,403.76,601,0.45,Current,0
LN703181,CUST103759,BNPL,1384.42,12,12,2026-06-01,123,667,0.55,Current,0
LN703182,CUST105922,Auto,8636.37,13.65,12,2024-10-04,774.01,572,0.47,Current,0
LN703183,CUST103976,BNPL,308.99,13.92,6,2021-02-27,53.61,597,0.56,Current,0
LN703184,CUST108462,Personal,12888.11,12.05,24,2021-02-18,606.99,737,0.3,Paid Off,0
LN703185,CUST107281,Personal,23794.93,12.53,24,2023-08-29,1126.01,618,0.4,Current,0
LN703186,CUST109946,BNPL,435.38,11.9,24,2025-01-02,20.47,632,0.56,Default,132
LN703187,CUST110425,BNPL,1320.14,10.18,12,2024-06-19,116.17,669,0.52,Late,59
LN703188,CUST100928,Auto,11259.15,11.12,6,2021-10-04,1937.85,647,0.45,Paid Off,0
LN703189,CUST106513,Personal,23692.37,14.81,12,2024-05-04,2136.31,563,0.45,Current,0
LN703190,CUST101568,Personal,9271.72,13.34,6,2025-11-08,1605.97,626,0.45,Current,0
LN703191,CUST103220,Personal,19094.56,13.36,12,2026-02-04,1708.7,599,0.36,Current,0
LN703192,CUST103850,BNPL,236.96,13.2,48,2021-03-08,6.38,696,0.34,Paid Off,0
LN703193,CUST101816,Personal,29821.18,15.43,24,2025-04-22,1452.03,506,0.49,Current,0
LN703194,CUST106224,Auto,32784.28,10.9,60,2023-01-08,711.18,637,0.73,Current,0
LN703195,CUST106792,Personal,25321.33,16.08,36,2024-10-14,891.22,620,0.41,Current,0
LN703196,CUST108093,BNPL,357.47,13.48,48,2021-03-31,9.68,625,0.44,Current,0
LN703197,CUST110656,Auto,21013.58,13.47,12,2021-07-10,1881.51,579,0.31,Current,0
LN703198,CUST107591,Auto,29161.41,13.69,36,2021-03-06,992.28,614,0.55,Paid Off,0
LN703199,CUST100645,BNPL,351.12,13.28,12,2024-05-23,31.41,680,0.37,Current,0
LN703200,CUST108586,Personal,17067.4,9.62,12,2026-02-06,1497.48,675,0.45,Current,0
LN703201,CUST107104,Debt Consolidation,3918.48,10.59,6,2025-02-09,673.4,702,0.46,Current,0
LN703202,CUST105077,Debt Consolidation,28936.06,18.42,24,2024-08-11,1450.49,495,0.48,Default,194
LN703203,CUST103835,Debt Consolidation,32403.78,12.44,24,2021-07-04,1532.03,678,0.44,Paid Off,0
LN703204,CUST102518,Auto,17151.73,12.82,12,2021-07-20,1530.5,681,0.31,Paid Off,0
LN703205,CUST107745,Auto,12729.56,11.59,24,2024-11-26,596.79,687,0.24,Current,0
LN703206,CUST105487,Personal,24906.22,17.42,24,2026-02-19,1236.45,611,0.69,Current,0
LN703207,CUST106630,Personal,12608.55,13.17,36,2021-04-20,425.87,631,0.6,Current,0
LN703208,CUST106509,Auto,25102.46,12.44,36,2021-06-25,839.05,623,0.6,Current,0
LN703209,CUST109011,BNPL,315.01,10.49,48,2022-07-23,8.06,633,0.47,Current,0
LN703210,CUST100967,Personal,22938.36,8.93,36,2023-12-26,728.69,673,0.46,Default,258
LN703211,CUST102427,BNPL,257,13.38,60,2023-03-24,5.9,698,0.15,Late,63
LN703212,CUST101033,Personal,16359.63,17.08,12,2025-12-22,1492.7,564,0.73,Current,0
LN703213,CUST107100,Personal,1844.72,15.62,24,2022-09-27,89.99,639,0.31,Late,67
LN703214,CUST110650,BNPL,307.61,9.26,12,2022-10-19,26.94,705,0.14,Current,0
LN703215,CUST103525,Personal,9396.86,10.25,36,2022-02-08,304.31,731,0.27,Paid Off,0
LN703216,CUST109589,Auto,26044.19,9.02,48,2023-01-17,648.36,667,0.5,Current,0
LN703217,CUST104902,Personal,31374.47,12.5,60,2021-08-31,705.86,659,0.36,Current,0
LN703218,CUST108761,Personal,20969.22,13.32,24,2023-03-05,1000.07,630,0.49,Paid Off,0
LN703219,CUST107405,Debt Consolidation,2175.37,10.95,12,2024-09-25,192.21,660,0.57,Default,127
LN703220,CUST109010,Auto,26874.59,14.24,24,2023-07-31,1293.38,607,0.31,Paid Off,0
LN703221,CUST102857,Personal,12073.63,10.95,12,2021-11-16,1066.81,624,0.5,Current,0
LN703222,CUST108975,Personal,6480.45,11.82,12,2023-11-11,575.23,591,0.56,Default,171
LN703223,CUST101068,Personal,5817.83,15.69,12,2022-04-01,527,618,0.44,Late,66
LN703224,CUST104862,Auto,7462.1,14.08,36,2026-05-07,255.33,698,0.18,Current,0
LN703225,CUST101227,Personal,2073.33,10.66,24,2024-02-09,96.31,762,0.08,Paid Off,0
LN703226,CUST104907,Personal,31316.82,13.73,36,2024-04-10,1066.23,677,0.13,Current,0
LN703227,CUST106184,Personal,3868.21,17.74,12,2025-08-23,354.16,572,0.59,Current,0
LN703228,CUST107733,BNPL,1456.44,15.15,60,2022-05-14,34.76,607,0.53,Current,0
LN703229,CUST110949,Debt Consolidation,9321.56,12.03,48,2025-07-15,245.61,698,0.32,Current,0
LN703230,CUST100265,Personal,26134.41,17.49,36,2021-06-03,938.15,649,0.57,Paid Off,0
LN703231,CUST103030,Personal,16268.98,16.41,6,2021-04-25,2842.74,591,0.72,Paid Off,0
LN703232,CUST101956,Personal,25423.85,14.74,36,2022-08-20,878.09,579,0.51,Paid Off,0
LN703233,CUST108339,Personal,24803.13,14.39,24,2021-03-10,1195.44,655,0.42,Late,24
LN703234,CUST107110,BNPL,1495.65,14.32,36,2024-10-29,51.35,570,0.34,Current,0
LN703235,CUST108973,Personal,14971.18,14.21,36,2022-07-20,513.21,630,0.4,Current,0
LN703236,CUST100347,Personal,32525.67,6.81,12,2026-06-07,2811.49,782,0.3,Current,0
LN703237,CUST103639,BNPL,1082.85,12.95,6,2026-05-06,187.35,613,0.4,Current,0
LN703238,CUST107077,Personal,1561.82,12.85,24,2023-11-27,74.14,685,0.38,Paid Off,0
LN703239,CUST107288,Debt Consolidation,23604.26,14,24,2025-01-23,1133.31,591,0.56,Current,0
LN703240,CUST107781,BNPL,594.23,7.97,60,2025-10-24,12.04,641,0.55,Current,0
LN703241,CUST105742,Debt Consolidation,34240.67,11.32,36,2023-07-29,1126.19,547,0.26,Current,0
LN703242,CUST100592,Personal,4540.43,10.42,60,2024-10-20,97.41,684,0.38,Current,0
LN703243,CUST107226,Personal,18608.61,21.31,48,2023-04-05,579.34,476,0.49,Default,243
LN703244,CUST108622,Personal,3107.17,13.43,60,2023-02-06,71.38,610,0.53,Current,0
LN703245,CUST108317,Personal,11412.72,11.91,48,2024-06-19,300.04,712,0.63,Late,27
LN703246,CUST109456,Personal,2103.99,14.28,24,2025-06-28,101.3,580,0.35,Current,0
LN703247,CUST101269,Auto,11981.59,12.91,48,2025-08-22,320.9,645,0.58,Current,0
LN703248,CUST108266,Auto,1833.23,14.55,12,2022-01-09,165.08,628,0.47,Paid Off,0
LN703249,CUST100219,BNPL,1004.5,13.65,12,2026-03-03,90.03,680,0.27,Current,0
LN703250,CUST105981,BNPL,855.64,12.88,24,2021-02-06,40.63,587,0.42,Paid Off,0
LN703251,CUST105990,Auto,18972.15,15.55,12,2023-12-07,1717.32,637,0.61,Current,0
LN703252,CUST107040,Debt Consolidation,33144.64,10.98,12,2023-07-29,2929.07,715,0.46,Late,26
LN703253,CUST102801,BNPL,193.08,11.15,12,2026-05-01,17.08,696,0.42,Current,0
LN703254,CUST101185,Debt Consolidation,14168.4,9.99,48,2021-03-08,359.28,702,0.46,Late,32
LN703255,CUST103321,BNPL,885.4,10.99,36,2021-11-13,28.98,704,0.3,Paid Off,0
LN703256,CUST101266,BNPL,569.25,15.08,36,2023-08-31,19.76,507,0.45,Current,0
LN703257,CUST100239,Auto,30910.21,14.85,36,2026-01-27,1069.24,596,0.45,Current,0
LN703258,CUST100857,Debt Consolidation,15767.44,12.85,60,2023-01-18,357.55,617,0.23,Current,0
LN703259,CUST101636,BNPL,1303.97,13.01,48,2021-12-12,34.99,642,0.45,Current,0
LN703260,CUST107848,Debt Consolidation,21225.09,16,24,2021-10-22,1039.25,582,0.59,Paid Off,0
LN703261,CUST104106,BNPL,1091.88,11.97,36,2024-01-03,36.25,623,0.68,Current,0
LN703262,CUST109075,Debt Consolidation,14553.92,22.09,36,2021-06-16,556.5,459,0.63,Default,98
LN703263,CUST105194,BNPL,636.96,12.6,48,2025-12-26,16.96,660,0.44,Late,40
LN703264,CUST102558,Auto,9780.94,10.08,24,2025-11-16,451.7,648,0.34,Current,0
LN703265,CUST109877,BNPL,625,14.97,36,2023-09-18,21.66,501,0.6,Default,225
LN703266,CUST106765,Personal,21081.33,10.8,12,2023-01-27,1861.24,709,0.12,Current,0
LN703267,CUST101970,Personal,11318.22,13.05,60,2023-03-07,257.81,641,0.44,Current,0
LN703268,CUST102708,Personal,15310.96,6.09,36,2022-04-19,466.41,664,0.29,Paid Off,0
LN703269,CUST108877,Debt Consolidation,8534.72,13.95,60,2022-03-10,198.37,628,0.27,Current,0
LN703270,CUST107923,BNPL,896.52,12.31,24,2026-02-14,42.33,651,0.52,Current,0
LN703271,CUST102633,BNPL,1214.23,9.95,24,2026-04-25,56,709,0.29,Current,0
LN703272,CUST106277,Personal,26402.04,12.81,24,2025-08-19,1252.85,672,0.51,Current,0
LN703273,CUST108334,Debt Consolidation,13813.09,15.96,24,2026-02-26,676.07,479,0.44,Default,193
LN703274,CUST103328,Personal,30590.8,21.98,6,2023-10-18,5430.26,524,0.29,Current,0
LN703275,CUST109098,Auto,26934.46,9.78,12,2023-05-16,2365.21,727,0.22,Current,0
LN703276,CUST101958,BNPL,557.2,13.31,60,2024-11-09,12.77,666,0.42,Current,0
LN703277,CUST110548,Personal,10199.98,9.82,24,2021-08-30,469.83,691,0.53,Late,18
LN703278,CUST105554,Personal,14205.4,12.75,60,2021-07-08,321.4,668,0.25,Paid Off,0
LN703279,CUST104560,Auto,11578.75,15.43,24,2024-07-29,563.78,497,0.47,Current,0
LN703280,CUST105722,BNPL,1167.87,5.12,24,2021-08-24,51.3,737,0.44,Paid Off,0
LN703281,CUST103906,Auto,8427.49,12.26,24,2023-10-07,397.74,583,0.27,Current,0
LN703282,CUST103176,Auto,33480.4,12.92,36,2022-06-05,1126.8,629,0.4,Paid Off,0
LN703283,CUST102048,Debt Consolidation,33703.18,10.92,24,2023-04-22,1569.58,648,0.26,Current,0
LN703284,CUST107500,BNPL,191.83,15.32,24,2026-03-07,9.33,582,0.37,Current,0
LN703285,CUST108937,Personal,24566.53,9.71,12,2021-04-22,2156.48,673,0.53,Paid Off,0
LN703286,CUST102176,BNPL,239.6,11.11,48,2021-03-10,6.21,654,0.37,Late,38
LN703287,CUST108497,Personal,31048.05,16.29,36,2025-07-31,1096.01,548,0.48,Current,0
LN703288,CUST104376,Personal,15613.81,15.15,12,2022-02-10,1410.38,630,0.38,Paid Off,0
LN703289,CUST107037,Personal,16183.54,14.37,36,2024-06-30,556.03,572,0.49,Current,0
LN703290,CUST103728,Auto,23010.63,13.71,6,2024-06-22,3989.91,649,0.34,Default,264
LN703291,CUST104801,Auto,13471.28,12.82,48,2025-07-19,360.2,537,0.52,Late,34
LN703292,CUST102514,BNPL,1436.49,12.4,12,2022-06-13,127.9,615,0.49,Late,78
LN703293,CUST101742,Auto,20902.94,14.8,36,2021-05-30,722.56,553,0.47,Paid Off,0
LN703294,CUST106117,Auto,21109.38,11.68,36,2025-09-22,697.91,629,0.44,Late,47
LN703295,CUST100406,Personal,7165.11,11.17,24,2021-03-31,334.52,650,0.28,Paid Off,0
LN703296,CUST104518,Auto,5841.48,9.49,36,2021-08-13,187.09,650,0.61,Paid Off,0
LN703297,CUST110784,BNPL,332.74,14.39,60,2023-05-25,7.81,608,0.47,Current,0
LN703298,CUST110675,Personal,23148.63,13.1,36,2025-11-14,781.08,615,0.24,Default,214
LN703299,CUST107486,BNPL,242.75,11.55,12,2025-10-17,21.52,647,0.22,Current,0
LN703300,CUST103977,BNPL,524.79,12.9,12,2022-10-01,46.85,639,0.54,Late,36
LN703301,CUST104980,Personal,11053.57,13.76,48,2025-07-11,300.73,721,0.32,Current,0
LN703302,CUST107689,Auto,19791.07,13.67,48,2021-05-06,537.55,703,0.39,Paid Off,0
LN703303,CUST109141,Personal,1947.66,10.06,6,2025-01-04,334.2,682,0.47,Paid Off,0
LN703304,CUST108022,Personal,9653.59,7.8,60,2021-12-26,194.82,692,0.34,Current,0
LN703305,CUST102031,Debt Consolidation,32915.86,12.86,6,2021-01-13,5693.57,658,0.31,Current,0
LN703306,CUST100693,Personal,27637.29,15.6,12,2023-10-04,2502.33,562,0.53,Paid Off,0
LN703307,CUST100805,Debt Consolidation,13409.25,14.74,48,2026-06-19,371.42,624,0.31,Current,0
LN703308,CUST109638,BNPL,864.24,12.14,36,2021-02-05,28.76,641,0.43,Paid Off,0
LN703309,CUST108819,BNPL,1028.14,13.16,48,2021-09-08,27.66,641,0.27,Late,65
LN703310,CUST108171,Auto,1897.18,11.84,36,2021-01-02,62.87,646,0.31,Paid Off,0
LN703311,CUST105420,Auto,2724.75,5.16,48,2026-04-17,62.95,750,0.19,Current,0
LN703312,CUST101473,Auto,32406.08,11.31,60,2025-04-22,709.61,600,0.42,Default,174
LN703313,CUST110596,Personal,25664.74,14.01,48,2025-04-26,701.46,605,0.42,Current,0
LN703314,CUST110489,Personal,18587.34,10.89,24,2024-02-13,865.37,757,0.31,Paid Off,0
LN703315,CUST101639,Personal,6123.99,7.63,12,2022-12-27,531.67,819,0.38,Paid Off,0
LN703316,CUST101610,Personal,2813.46,13.99,6,2022-10-06,488.23,614,0.31,Paid Off,0
LN703317,CUST103638,Personal,21763.03,13.01,24,2022-06-10,1034.76,615,0.39,Paid Off,0
LN703318,CUST109330,Personal,16016.14,13.6,24,2026-05-11,765.96,621,0.37,Current,0
LN703319,CUST105565,BNPL,1382.91,13.6,24,2025-10-11,66.14,644,0.29,Current,0
LN703320,CUST109790,Personal,28010.47,14.98,12,2022-03-04,2527.91,606,0.65,Paid Off,0
LN703321,CUST100450,Auto,23593.07,15.62,24,2021-05-04,1150.91,596,0.55,Paid Off,0
LN703322,CUST109923,Personal,19605.3,10.23,60,2022-08-07,418.78,740,0.34,Current,0
LN703323,CUST103333,Debt Consolidation,31488.48,16.24,36,2022-01-15,1110.78,629,0.52,Late,87
LN703324,CUST110877,BNPL,1364.98,12.03,24,2022-03-15,64.27,641,0.31,Paid Off,0
LN703325,CUST105805,Personal,29304.21,11.52,24,2024-10-11,1372.89,628,0.55,Current,0
LN703326,CUST104190,Debt Consolidation,17041.53,11.97,48,2025-05-04,448.52,668,0.4,Current,0
LN703327,CUST105679,Auto,26309.45,6.7,12,2024-02-05,2272.83,767,0.16,Current,0
LN703328,CUST110438,BNPL,399.51,11.14,60,2022-04-09,8.71,644,0.38,Current,0
LN703329,CUST109664,Personal,30230.85,12.04,48,2021-10-09,796.69,641,0.59,Paid Off,0
LN703330,CUST105059,BNPL,454.4,11.12,36,2024-09-28,14.9,665,0.44,Late,59
LN703331,CUST108501,Personal,23342.32,11.57,48,2023-04-24,609.78,693,0.45,Current,0
LN703332,CUST110028,Debt Consolidation,14137.58,16.56,12,2024-12-10,1286.46,585,0.57,Paid Off,0
LN703333,CUST106878,BNPL,943.97,15.07,48,2026-02-20,26.3,562,0.4,Current,0
LN703334,CUST109855,Auto,4987.77,11.26,24,2025-10-30,233.07,645,0.21,Current,0
LN703335,CUST109698,Auto,21725.42,15.07,36,2026-06-05,753.86,611,0.26,Late,52
LN703336,CUST105446,Debt Consolidation,29346.8,10.99,24,2023-01-16,1367.65,671,0.33,Paid Off,0
LN703337,CUST109068,Personal,22165.73,15.14,24,2025-06-24,1076.22,508,0.31,Current,0
LN703338,CUST100064,Personal,26355.24,15.07,24,2024-07-04,1278.75,677,0.36,Paid Off,0
LN703339,CUST104322,Personal,5341.51,9.73,24,2023-01-30,245.82,669,0.22,Paid Off,0
LN703340,CUST109775,Personal,25310.04,13.67,24,2025-07-02,1211.27,656,0.38,Current,0
LN703341,CUST107851,Personal,33711.44,13.69,48,2025-02-26,915.98,657,0.35,Current,0
LN703342,CUST107877,BNPL,700.28,10.24,24,2022-01-31,32.39,667,0.35,Paid Off,0
LN703343,CUST101972,Debt Consolidation,19534.65,14.72,24,2022-11-09,944.57,595,0.57,Paid Off,0
LN703344,CUST100710,Personal,25192.78,15.14,12,2021-05-06,2275.52,640,0.22,Current,0
LN703345,CUST107240,Debt Consolidation,2573.36,11.14,36,2022-04-26,84.42,669,0.21,Paid Off,0
LN703346,CUST108947,Personal,21551.76,14.69,36,2024-06-12,743.83,639,0.45,Current,0
LN703347,CUST103329,Personal,29040.41,13,24,2025-05-17,1380.63,571,0.45,Default,155
LN703348,CUST102295,Debt Consolidation,27828.98,16.63,36,2026-05-04,987.06,630,0.38,Current,0
LN703349,CUST100599,BNPL,1067.67,10.22,12,2023-11-08,93.97,584,0.54,Default,221
LN703350,CUST102990,Personal,30077.52,13.98,36,2021-05-05,1027.69,626,0.43,Paid Off,0
LN703351,CUST101916,Auto,8316.1,10.46,24,2024-12-24,385.51,733,0.21,Late,61
LN703352,CUST104287,Auto,3595.1,11.93,36,2025-04-07,119.29,717,0.23,Current,0
LN703353,CUST100540,Personal,27029.84,10,48,2021-07-17,685.55,764,0.21,Paid Off,0
LN703354,CUST105725,Auto,21166.09,11.35,24,2021-04-21,989.95,670,0.62,Current,0
LN703355,CUST104099,Personal,33814.07,11.85,12,2023-02-03,3001.97,648,0.19,Paid Off,0
LN703356,CUST103604,Personal,12600.99,12.88,36,2024-03-18,423.85,598,0.32,Current,0
LN703357,CUST105198,BNPL,486.06,11.61,24,2021-08-18,22.79,602,0.34,Paid Off,0
LN703358,CUST108047,Debt Consolidation,5187.72,10.59,36,2021-05-09,168.83,615,0.38,Paid Off,0
LN703359,CUST109510,BNPL,562.98,5.15,60,2025-01-06,10.66,747,0.4,Current,0
LN703360,CUST104045,Auto,33159.22,12.72,60,2025-09-26,749.73,691,0.15,Current,0
LN703361,CUST108062,Personal,33354.37,20.45,36,2024-11-26,1247.23,594,0.48,Late,30
LN703362,CUST103673,Auto,16787.89,13.87,6,2024-08-16,2912.26,609,0.42,Current,0
LN703363,CUST109825,BNPL,206.26,10.55,48,2021-06-24,5.29,648,0.49,Late,34
LN703364,CUST105840,Auto,10409.07,9.79,12,2021-10-15,914.11,708,0.34,Paid Off,0
LN703365,CUST110671,Auto,6983.16,20,24,2021-04-14,355.41,499,0.51,Paid Off,0
LN703366,CUST105294,Personal,9790.93,15.41,48,2023-03-02,274.53,640,0.45,Current,0
LN703367,CUST105588,Personal,13837.65,10.45,24,2022-03-19,641.42,777,0.3,Paid Off,0
LN703368,CUST107187,Personal,23658.64,11.39,6,2022-08-28,4075.13,677,0.32,Paid Off,0
LN703369,CUST102468,Debt Consolidation,1708.31,14.74,24,2023-09-13,82.62,666,0.34,Late,30
LN703370,CUST105838,BNPL,737.96,7.73,6,2021-12-25,125.78,687,0.27,Current,0
LN703371,CUST106840,BNPL,1218.56,14.62,48,2021-02-23,33.68,604,0.57,Paid Off,0
LN703372,CUST105969,Personal,11736.13,12.14,24,2022-04-22,553.23,539,0.57,Paid Off,0
LN703373,CUST107050,Auto,25957.3,14.94,48,2023-02-02,721.62,668,0.44,Current,0
LN703374,CUST102514,Personal,14514.34,9.96,24,2022-02-28,669.5,615,0.41,Paid Off,0
LN703375,CUST102238,BNPL,1026.05,18.18,24,2023-09-27,51.31,450,0.53,Default,93
LN703376,CUST103684,BNPL,236.66,11.5,36,2023-07-31,7.8,566,0.62,Current,0
LN703377,CUST103493,BNPL,1360.18,5.88,36,2022-11-13,41.31,740,0.33,Current,0
LN703378,CUST102454,Debt Consolidation,17573.42,10.46,60,2025-01-23,377.37,741,0.25,Current,0
LN703379,CUST109287,Auto,26811.53,12.16,60,2022-10-04,598.58,656,0.58,Current,0
LN703380,CUST106458,Personal,3579.22,9.79,24,2026-06-06,164.82,702,0.17,Current,0
LN703381,CUST105040,BNPL,1255.56,14.66,48,2023-11-17,34.73,669,0.17,Current,0
LN703382,CUST104025,BNPL,294.65,14.08,6,2025-03-19,51.14,579,0.47,Current,0
LN703383,CUST104014,Personal,11609.52,11.23,12,2023-01-20,1027.31,710,0.35,Paid Off,0
LN703384,CUST110669,Personal,28816.19,10.06,48,2021-04-02,731.68,676,0.58,Late,60
LN703385,CUST104914,Auto,11586.33,17.19,36,2022-06-19,414.18,549,0.57,Paid Off,0
LN703386,CUST102489,Personal,12738.16,14.19,12,2025-10-13,1144.86,564,0.35,Late,49
LN703387,CUST102314,Personal,31292.24,10.61,24,2025-11-25,1452.8,732,0.3,Late,47
LN703388,CUST102967,BNPL,415.43,13.38,12,2022-01-31,37.18,664,0.38,Paid Off,0
LN703389,CUST105856,Auto,13995.32,12.29,24,2023-08-09,660.71,768,0.13,Paid Off,0
LN703390,CUST102215,BNPL,752.75,12.66,36,2024-06-27,25.24,662,0.4,Current,0
LN703391,CUST104650,Personal,25634.75,11.83,24,2025-06-01,1204.68,671,0.67,Late,85
LN703392,CUST100361,Personal,16528.8,6.13,6,2023-04-22,2804.26,803,0.26,Paid Off,0
LN703393,CUST107616,Auto,18440.66,13.22,12,2023-07-14,1648.97,652,0.46,Paid Off,0
LN703394,CUST104768,BNPL,545.26,11.6,60,2025-09-23,12.02,648,0.3,Current,0
LN703395,CUST102872,BNPL,551.49,7.12,12,2025-05-21,47.75,676,0.51,Late,26
LN703396,CUST104260,Debt Consolidation,31446.52,15.06,24,2022-07-15,1525.63,604,0.23,Paid Off,0
LN703397,CUST109238,Auto,4711.64,14.09,36,2022-05-07,161.24,666,0.4,Paid Off,0
LN703398,CUST102214,Personal,4050.64,13.97,36,2023-05-20,138.38,589,0.39,Late,32
LN703399,CUST110399,BNPL,510.6,10.69,24,2022-02-24,23.72,584,0.3,Current,0
LN703400,CUST102124,BNPL,775.83,14.28,24,2022-02-15,37.35,547,0.61,Current,0
LN703401,CUST102167,Personal,30235.7,11.49,6,2023-08-23,5209.5,598,0.49,Paid Off,0
LN703402,CUST106542,Personal,18823.31,15.61,24,2022-11-27,918.14,567,0.56,Default,92
LN703403,CUST104734,Personal,23935.27,8.63,24,2024-05-18,1089.42,661,0.69,Paid Off,0
LN703404,CUST108401,Personal,24651.94,15.72,12,2025-04-24,2233.43,636,0.54,Paid Off,0
LN703405,CUST106529,Debt Consolidation,27734.33,11.8,48,2021-10-25,727.63,720,0.35,Late,52
LN703406,CUST104398,Auto,7994.66,13.51,24,2024-11-09,382,681,0.36,Late,64
LN703407,CUST105388,Debt Consolidation,33617.97,15.78,36,2024-06-04,1178.26,551,0.54,Default,120
LN703408,CUST110307,Auto,23447.76,14.83,60,2022-07-02,555.73,648,0.52,Current,0
LN703409,CUST100805,Debt Consolidation,20555.6,12.47,48,2022-07-18,546.06,624,0.34,Current,0
LN703410,CUST110611,Debt Consolidation,2384.2,11.04,12,2022-11-13,210.76,607,0.47,Paid Off,0
LN703411,CUST110767,Auto,12479.09,15.94,24,2022-03-26,610.66,601,0.45,Current,0
LN703412,CUST109935,Auto,34468.82,13.61,24,2021-06-07,1648.6,648,0.2,Paid Off,0
LN703413,CUST109170,BNPL,613.12,16.23,12,2022-03-30,55.7,672,0.09,Current,0
LN703414,CUST110215,Personal,31397.54,10.81,48,2024-02-11,808.59,647,0.33,Current,0
LN703415,CUST100761,BNPL,159.15,9.75,48,2021-09-02,4.02,720,0.3,Current,0
LN703416,CUST101670,Personal,16098.33,5.59,6,2024-04-02,2726.97,789,0.34,Paid Off,0
LN703417,CUST107260,Personal,16306.54,13.08,60,2026-06-04,371.69,679,0.44,Current,0
LN703418,CUST108807,Debt Consolidation,11998.98,9.32,48,2025-11-29,300.42,701,0.45,Current,0
LN703419,CUST105026,Personal,11515.56,17.2,60,2022-04-19,287.43,622,0.52,Current,0
LN703420,CUST100273,Auto,8786.36,14.57,12,2023-04-30,791.26,562,0.63,Paid Off,0
LN703421,CUST110088,Debt Consolidation,26265.18,10.86,36,2023-07-26,858.15,624,0.56,Current,0
LN703422,CUST102016,Auto,15440.25,12.85,36,2025-07-04,519.13,695,0.29,Current,0
LN703423,CUST108287,Auto,1726.12,11.11,12,2021-03-16,152.65,639,0.4,Paid Off,0
LN703424,CUST110148,BNPL,719.71,13.75,48,2021-05-17,19.58,580,0.57,Paid Off,0
LN703425,CUST105853,Debt Consolidation,12767.55,12.16,24,2026-01-30,601.97,649,0.32,Current,0
LN703426,CUST101181,Auto,1839.52,16.04,36,2021-04-02,64.71,582,0.49,Paid Off,0
LN703427,CUST110349,Personal,30391.36,11.76,12,2024-10-31,2696.82,719,0.23,Current,0
LN703428,CUST100090,Personal,10285.86,13.75,12,2023-11-27,922.33,607,0.48,Paid Off,0
LN703429,CUST102312,Debt Consolidation,2767.77,12.66,24,2023-12-18,131.14,647,0.53,Current,0
LN703430,CUST103444,Auto,14301.21,14.68,48,2026-01-22,395.7,690,0.58,Current,0
LN703431,CUST110987,Personal,9492.76,9.76,36,2021-09-20,305.24,728,0.48,Late,20
LN703432,CUST106664,Auto,28552.77,17.84,12,2025-06-27,2615.54,591,0.42,Current,0
LN703433,CUST109510,Auto,14052.76,8.06,12,2024-06-23,1222.82,747,0.44,Current,0
LN703434,CUST107125,Auto,13817.29,10.86,36,2022-10-16,451.44,716,0.5,Paid Off,0
LN703435,CUST101848,Personal,11378.59,8.79,12,2025-04-09,993.97,656,0.26,Current,0
LN703436,CUST110557,Auto,8299.5,13.03,48,2024-01-02,222.78,610,0.52,Current,0
LN703437,CUST110729,BNPL,1405.46,15.53,36,2025-04-22,49.09,582,0.42,Default,100
LN703438,CUST106470,BNPL,651.77,14.65,12,2023-02-03,58.72,610,0.32,Paid Off,0
LN703439,CUST110827,Personal,29304.18,8.15,60,2022-08-13,596.29,741,0.05,Current,0
LN703440,CUST106332,Auto,28377.21,12.28,48,2025-08-15,751.19,638,0.4,Current,0
LN703441,CUST104617,BNPL,1206.53,13.54,48,2023-06-23,32.69,631,0.52,Current,0
LN703442,CUST105211,Debt Consolidation,23957.67,16.03,36,2021-02-22,842.64,603,0.47,Paid Off,0
LN703443,CUST109643,BNPL,1335.64,14.44,36,2021-06-28,45.93,560,0.58,Current,0
LN703444,CUST103857,BNPL,617.3,15.45,12,2021-03-28,55.85,603,0.48,Paid Off,0
LN703445,CUST105758,BNPL,1165.54,16.71,24,2021-07-29,57.46,536,0.58,Default,199
LN703446,CUST104187,Personal,23731.63,11.13,24,2022-12-04,1107.51,589,0.48,Current,0
LN703447,CUST102749,Personal,14035.36,14.91,48,2021-02-23,389.97,641,0.59,Current,0
LN703448,CUST101403,BNPL,1229.82,14.36,36,2021-06-25,42.25,559,0.49,Late,38
LN703449,CUST102916,BNPL,787.32,14.32,24,2021-06-13,37.92,597,0.43,Paid Off,0
LN703450,CUST102884,BNPL,128.29,14.2,36,2026-06-04,4.4,640,0.54,Current,0
LN703451,CUST108557,Personal,6340.87,10.2,36,2026-01-26,205.2,734,0.48,Current,0
LN703452,CUST105998,Personal,27487.61,10.08,24,2022-07-18,1269.43,604,0.67,Current,0
LN703453,CUST101388,Auto,14909.68,13,60,2024-05-31,339.24,603,0.44,Current,0
LN703454,CUST101158,Personal,31126.58,16.85,6,2021-08-12,5445.68,574,0.52,Paid Off,0
LN703455,CUST101594,Personal,25240.67,14.91,48,2023-10-03,701.32,618,0.48,Current,0
LN703456,CUST101115,Debt Consolidation,34865.89,10.51,36,2021-10-05,1133.39,743,0.5,Current,0
LN703457,CUST100782,Auto,8824.91,11.47,12,2025-04-07,781.9,570,0.5,Current,0
LN703458,CUST108030,Personal,10726.16,13.48,12,2021-09-25,960.45,586,0.42,Paid Off,0
LN703459,CUST107483,Personal,21426.92,10.01,36,2024-09-24,691.49,638,0.52,Current,0
LN703460,CUST100144,Auto,17408.91,8.86,36,2022-09-21,552.47,729,0.49,Paid Off,0
LN703461,CUST103106,BNPL,1469.84,13.68,6,2026-04-24,254.84,587,0.36,Current,0
LN703462,CUST110469,Personal,7392.5,12.33,24,2021-02-27,349.13,645,0.46,Current,0
LN703463,CUST110816,BNPL,755.31,13.7,36,2021-12-30,25.7,597,0.31,Paid Off,0
LN703464,CUST102136,Personal,23062.04,11.93,12,2021-10-19,2048.28,669,0.31,Paid Off,0
LN703465,CUST104866,Auto,9046.82,16.67,36,2025-06-27,321.06,568,0.53,Current,0
LN703466,CUST106741,Personal,16427.14,15.23,24,2023-08-14,798.29,676,0.54,Paid Off,0
LN703467,CUST103951,BNPL,1495.34,15.21,36,2022-01-24,51.99,515,0.46,Current,0
LN703468,CUST104725,Personal,4906.07,12.23,24,2024-12-23,231.47,674,0.21,Current,0
LN703469,CUST105369,Auto,25122.59,13.25,12,2021-06-09,2246.83,625,0.32,Current,0
LN703470,CUST101854,BNPL,825.47,16.58,36,2025-04-22,29.26,677,0.48,Current,0
LN703471,CUST105099,Auto,25438.36,13.49,48,2025-08-20,688.65,633,0.44,Late,25
LN703472,CUST109543,Personal,24859.49,13.73,36,2022-07-28,846.38,598,0.52,Current,0
LN703473,CUST105712,Personal,6922.46,13.8,24,2022-08-30,331.71,715,0.26,Late,24
LN703474,CUST102939,Personal,22027.11,15.36,36,2023-12-12,767.47,531,0.43,Current,0
LN703475,CUST109813,Auto,23773.17,11.98,48,2026-03-07,625.81,652,0.31,Current,0
LN703476,CUST101317,Personal,5539.69,10.57,48,2026-03-06,142.02,723,0.19,Current,0
LN703477,CUST103555,Personal,18885.43,13.37,24,2021-09-13,901.13,588,0.49,Late,62
LN703478,CUST103804,Debt Consolidation,6003.37,12.59,36,2022-01-17,201.09,720,0.18,Paid Off,0
LN703479,CUST107767,Debt Consolidation,9714.98,7.29,36,2023-09-20,301.26,650,0.28,Current,0
LN703480,CUST104465,Personal,7364.04,11.78,24,2023-04-05,345.89,731,0.47,Paid Off,0
LN703481,CUST107972,Auto,19509.22,14.93,48,2023-08-06,542.26,676,0.3,Current,0
LN703482,CUST109723,Personal,18010.76,15.07,36,2021-11-11,624.97,582,0.44,Current,0
LN703483,CUST102431,Auto,6373.95,13.87,60,2021-04-05,147.88,594,0.65,Paid Off,0
LN703484,CUST109906,Auto,18721.05,6.72,24,2024-07-15,835.82,803,0.45,Late,46
LN703485,CUST108659,Personal,18644.16,13.06,48,2025-09-19,500.73,679,0.5,Current,0
LN703486,CUST107583,Personal,13996.77,14.65,36,2025-08-05,482.81,557,0.5,Default,255
LN703487,CUST104005,Debt Consolidation,1968.24,10.47,12,2022-09-27,173.47,607,0.53,Default,164
LN703488,CUST102222,Personal,34909.93,9.99,24,2024-01-12,1610.76,648,0.52,Paid Off,0
LN703489,CUST110129,Auto,11277.6,10.68,6,2023-04-17,1938.58,684,0.42,Paid Off,0
LN703490,CUST106697,BNPL,835.35,10.46,24,2023-11-25,38.72,669,0.28,Current,0
LN703491,CUST105134,BNPL,1392.6,13.35,12,2023-11-07,124.61,684,0.48,Paid Off,0
LN703492,CUST105594,Personal,8928.93,14.41,36,2026-05-04,306.95,559,0.35,Current,0
LN703493,CUST104846,Personal,4252.17,11.62,48,2026-02-15,111.18,741,0.3,Current,0
LN703494,CUST110219,Personal,17507.51,9.16,12,2025-12-09,1532.36,733,0.36,Current,0
LN703495,CUST108895,BNPL,1168.97,16.03,24,2022-12-24,57.25,536,0.55,Paid Off,0
LN703496,CUST101546,BNPL,1387.41,14.26,36,2022-05-04,47.59,621,0.6,Default,105
LN703497,CUST109275,Personal,26480.24,5.36,36,2021-01-04,797.92,693,0.12,Paid Off,0
LN703498,CUST108611,BNPL,1407.02,9.07,36,2024-03-26,44.79,799,0.25,Current,0
LN703499,CUST100709,Personal,1744.47,8.8,48,2023-12-26,43.25,767,0.14,Late,30
LN703500,CUST102559,Personal,1596.61,14.73,12,2021-01-07,143.9,606,0.39,Current,0
LN703501,CUST107829,BNPL,236.79,13.53,24,2021-02-26,11.32,599,0.49,Paid Off,0
LN703502,CUST108738,Personal,21539.37,17.3,48,2022-01-30,624.87,568,0.39,Paid Off,0
LN703503,CUST100391,Personal,26963.64,15.05,24,2024-02-11,1308.02,666,0.41,Current,0
LN703504,CUST107128,BNPL,1321.39,13.8,24,2026-06-05,63.32,561,0.45,Current,0
LN703505,CUST109753,Personal,3359.68,10.32,24,2021-01-18,155.53,704,0.36,Current,0
LN703506,CUST107970,Personal,9857.25,19.49,36,2021-01-16,363.77,554,0.64,Default,142
LN703507,CUST104262,Debt Consolidation,28571.73,17.95,36,2021-12-03,1032.22,480,0.43,Paid Off,0
LN703508,CUST101311,Personal,31990.43,19.46,36,2026-01-24,1180.1,566,0.47,Current,0
LN703509,CUST104183,Personal,20983.19,17.74,36,2022-12-27,755.86,641,0.51,Paid Off,0
LN703510,CUST109743,Personal,32266.02,7.21,24,2023-10-16,1447.71,724,0.24,Late,20
LN703511,CUST101521,Personal,4944.61,11.01,12,2025-07-30,437.04,744,0.33,Current,0
LN703512,CUST107452,Debt Consolidation,15635.06,8.6,12,2025-06-08,1364.41,633,0.44,Paid Off,0
LN703513,CUST102596,Personal,13735.15,8.09,24,2025-01-07,621.77,755,0.13,Current,0
LN703514,CUST108134,Personal,1961.93,17.15,60,2024-08-10,48.92,605,0.32,Current,0
LN703515,CUST100645,Personal,34285.22,10.84,24,2025-07-02,1595.41,680,0.55,Current,0
LN703516,CUST101053,Auto,31345.07,17.16,24,2025-04-19,1552.18,578,0.63,Default,145
LN703517,CUST110167,Debt Consolidation,13659.85,11.08,48,2022-03-18,353.58,652,0.52,Paid Off,0
LN703518,CUST110454,BNPL,432.26,16.43,36,2026-02-08,15.29,621,0.29,Late,54
LN703519,CUST105135,Personal,17900.13,9.68,24,2022-10-02,823.36,743,0.33,Paid Off,0
LN703520,CUST107604,Auto,3149.8,17.46,36,2023-05-15,113.02,572,0.44,Paid Off,0
LN703521,CUST101067,Personal,14827.51,7.99,24,2024-10-17,670.54,724,0.62,Current,0
LN703522,CUST106483,Personal,10056.84,11.56,12,2026-01-02,891.47,718,0.47,Current,0
LN703523,CUST101965,Personal,22944.73,8.94,12,2025-04-17,2005.91,633,0.33,Paid Off,0
LN703524,CUST110723,Personal,31949.22,9.18,48,2022-08-06,797.79,608,0.53,Current,0
LN703525,CUST109479,Personal,22001.67,11.89,24,2026-05-20,1034.57,677,0.11,Current,0
LN703526,CUST102330,Auto,22672.22,11.4,12,2022-07-07,2008.04,703,0.5,Current,0
LN703527,CUST109931,BNPL,571.95,12.49,12,2022-04-19,50.95,678,0.22,Current,0
LN703528,CUST105869,Personal,5106.11,8.87,12,2022-06-17,446.23,734,0.25,Paid Off,0
LN703529,CUST107394,BNPL,991.19,14.64,24,2024-06-06,47.89,575,0.23,Late,63
LN703530,CUST100901,Auto,29446.47,9.11,6,2023-11-14,5038.97,700,0.33,Paid Off,0
LN703531,CUST106377,Auto,13157.54,11.35,60,2025-04-07,288.38,691,0.47,Current,0
LN703532,CUST102415,Personal,25594,10.07,36,2024-07-16,826.69,653,0.46,Current,0
LN703533,CUST101984,Auto,10247.76,15.23,36,2024-10-26,356.4,631,0.38,Current,0
LN703534,CUST107070,Personal,31562.14,6.57,6,2021-03-30,5361.62,674,0.54,Current,0
LN703535,CUST110954,Auto,20743.1,19.12,12,2022-01-03,1912.8,512,0.57,Default,122
LN703536,CUST100100,Debt Consolidation,21533.46,13.7,12,2023-05-07,1930.39,601,0.56,Current,0
LN703537,CUST104157,Personal,21070.44,11.98,36,2025-02-21,699.64,650,0.37,Current,0
LN703538,CUST109167,Personal,21867.28,16.77,48,2024-10-09,628.38,544,0.49,Default,163
LN703539,CUST105419,Auto,28303.95,13.39,36,2026-01-02,959,670,0.49,Current,0
LN703540,CUST101793,Personal,6441.3,17.57,24,2024-03-08,320.24,511,0.55,Default,242
LN703541,CUST106920,Auto,2423.94,14.16,24,2025-07-29,116.56,590,0.51,Current,0
LN703542,CUST109745,Personal,28283.08,10.62,36,2025-04-02,920.87,741,0.55,Late,59
LN703543,CUST100331,Personal,28280.51,11.73,12,2025-02-15,2509.12,630,0.41,Paid Off,0
LN703544,CUST109882,BNPL,1171.61,9.85,12,2025-09-15,102.92,761,0.49,Current,0
LN703545,CUST103697,Personal,7090.94,12.93,24,2026-06-18,336.88,648,0.43,Current,0
LN703546,CUST105677,Auto,27735.78,15.54,24,2025-07-10,1351.94,689,0.68,Current,0
LN703547,CUST106556,Personal,26504.36,10.9,60,2023-08-03,574.95,701,0.45,Current,0
LN703548,CUST110687,BNPL,1095.37,10.89,24,2022-07-17,51,662,0.38,Current,0
LN703549,CUST108649,BNPL,425.84,16.52,36,2026-02-15,15.08,617,0.5,Current,0
LN703550,CUST101795,Personal,10602.64,17.34,12,2021-03-21,968.72,518,0.56,Current,0
LN703551,CUST105310,BNPL,101.29,9.23,12,2022-09-27,8.87,726,0.28,Paid Off,0
LN703552,CUST108882,Personal,19046.21,15.03,36,2021-09-10,660.52,576,0.51,Default,226
LN703553,CUST100834,Personal,1633.03,11.87,36,2024-07-25,54.14,676,0.69,Late,17
LN703554,CUST105649,Auto,11331.31,12.03,60,2022-06-30,252.23,647,0.45,Late,87
LN703555,CUST109758,Personal,12398.59,9.51,36,2022-10-21,397.22,778,0.37,Current,0
LN703556,CUST103717,Personal,18885.57,11.53,6,2024-01-31,3254.29,676,0.2,Current,0
LN703557,CUST110113,Debt Consolidation,16357.77,13.44,48,2022-11-04,442.42,670,0.57,Default,90
LN703558,CUST104259,Auto,3445.06,14.85,48,2022-11-30,95.62,487,0.49,Default,211
LN703559,CUST109523,BNPL,226.95,15.82,12,2023-03-18,20.57,643,0.53,Paid Off,0
LN703560,CUST107255,Debt Consolidation,34048.71,11.6,24,2025-08-26,1596.44,619,0.44,Default,180
LN703561,CUST103110,Auto,14110.79,8.46,12,2025-02-27,1230.48,718,0.2,Paid Off,0
LN703562,CUST100508,Personal,19193.96,11.22,24,2021-09-23,896.55,510,0.5,Late,39
LN703563,CUST104539,Personal,33557.23,12.08,36,2026-06-20,1115.86,632,0.34,Current,0
LN703564,CUST110089,Personal,22442.92,13.39,24,2026-03-28,1071.09,587,0.4,Default,183
LN703565,CUST106881,Personal,14660.98,10.09,12,2021-06-30,1289.55,672,0.43,Current,0
LN703566,CUST108001,BNPL,1383.5,9.9,6,2025-12-27,237.29,622,0.5,Paid Off,0
LN703567,CUST110647,Personal,25072.39,13.39,12,2024-07-28,2243.99,658,0.55,Paid Off,0
LN703568,CUST107371,Auto,34924.53,14.94,24,2022-12-02,1692.38,554,0.56,Current,0
LN703569,CUST107875,Personal,14825.79,11.82,36,2025-05-24,491.15,696,0.64,Current,0
LN703570,CUST108864,Personal,31259.85,10.39,36,2021-01-17,1014.4,788,0.28,Late,81
LN703571,CUST105363,Personal,21155.18,10.87,36,2023-06-17,691.29,720,0.3,Paid Off,0
LN703572,CUST102242,Personal,6995.56,16.64,12,2025-07-27,636.83,525,0.64,Current,0
LN703573,CUST100491,Auto,26251.72,8.82,6,2022-12-29,4488.53,744,0.31,Current,0
LN703574,CUST107151,Auto,17725.86,15.7,12,2026-06-21,1605.77,657,0.36,Current,0
LN703575,CUST101986,Auto,27068.09,15.56,24,2021-10-13,1319.65,576,0.75,Paid Off,0
LN703576,CUST107446,Auto,25978.62,10.58,48,2021-02-13,666.14,635,0.3,Late,54
LN703577,CUST107109,BNPL,119.95,13.26,60,2022-02-19,2.75,771,0.32,Current,0
LN703578,CUST103504,Personal,18366.25,12.43,12,2021-09-16,1635.52,651,0.25,Paid Off,0
LN703579,CUST108733,BNPL,650.29,12,12,2024-10-13,57.78,715,0.14,Paid Off,0
LN703580,CUST102038,Personal,31780.88,12.84,12,2025-10-07,2836.2,647,0.35,Current,0
LN703581,CUST101817,Personal,32824.88,12.69,12,2025-11-02,2927.06,635,0.34,Current,0
LN703582,CUST100484,Auto,2410.64,17.86,12,2026-02-23,220.85,561,0.39,Current,0
LN703583,CUST110841,BNPL,603.29,13.14,36,2022-03-22,20.37,587,0.59,Default,255
LN703584,CUST108885,BNPL,384.23,8.59,48,2021-01-10,9.49,726,0.37,Current,0
LN703585,CUST110651,BNPL,1073.49,19.98,48,2024-03-08,32.66,512,0.47,Default,210
LN703586,CUST107480,Personal,8428.36,11.3,6,2025-07-03,1451.39,698,0.4,Default,141
LN703587,CUST104959,Personal,14019.07,8.2,12,2026-04-07,1220.79,749,0.5,Current,0
LN703588,CUST108998,Personal,11033.59,14.83,36,2022-05-11,381.57,629,0.55,Paid Off,0
LN703589,CUST108837,BNPL,166.32,12.76,12,2025-12-30,14.84,654,0.37,Current,0
LN703590,CUST104141,BNPL,1450.7,13.13,6,2024-11-02,251.13,628,0.43,Current,0
LN703591,CUST104348,Personal,6815.36,12.48,36,2025-05-11,227.93,653,0.23,Late,27
LN703592,CUST106994,Personal,10123.19,13.72,36,2021-12-22,344.61,628,0.39,Current,0
LN703593,CUST107602,Debt Consolidation,27549.68,16.29,60,2021-12-23,674.21,548,0.48,Default,143
LN703594,CUST105576,Auto,2286.49,12.58,24,2024-01-16,108.25,623,0.23,Paid Off,0
LN703595,CUST102522,BNPL,610,19.11,12,2023-02-08,56.25,590,0.34,Late,63
LN703596,CUST102753,BNPL,909.19,6.74,36,2021-01-21,27.97,697,0.44,Paid Off,0
LN703597,CUST104695,Personal,24690.42,14.25,24,2026-06-11,1188.38,598,0.54,Current,0
LN703598,CUST109158,Auto,19129.03,15.35,36,2024-08-18,666.4,685,0.15,Current,0
LN703599,CUST103656,Auto,22639.76,10.9,6,2024-04-02,3894.16,679,0.55,Current,0
LN703600,CUST105067,Auto,9318.58,9.71,12,2021-10-25,817.99,655,0.57,Paid Off,0
LN703601,CUST103439,Debt Consolidation,30521.62,11.73,6,2024-01-17,5262.38,679,0.21,Paid Off,0
LN703602,CUST103322,Personal,29083.05,12.7,24,2024-09-21,1378.57,670,0.46,Late,26
LN703603,CUST110134,Personal,31710.2,11.24,12,2022-04-11,2806.15,744,0.16,Paid Off,0
LN703604,CUST109906,Auto,3231.06,8.18,48,2022-11-01,79.15,803,0.47,Late,40
LN703605,CUST105286,Debt Consolidation,28308.76,9.5,36,2022-09-10,906.81,680,0.24,Paid Off,0
LN703606,CUST106270,Personal,13677.06,13.13,36,2022-11-21,461.69,631,0.57,Current,0
LN703607,CUST103684,Personal,9877.75,14.97,24,2022-02-14,478.8,566,0.49,Paid Off,0
LN703608,CUST101068,Debt Consolidation,33173.4,14.41,12,2024-09-27,2984.95,618,0.35,Current,0
LN703609,CUST102647,Personal,8454.33,12.86,48,2023-01-01,226.22,611,0.51,Late,83
LN703610,CUST101402,Debt Consolidation,16444.9,6.7,12,2024-10-11,1420.65,733,0.22,Current,0
LN703611,CUST110212,Personal,16844.18,15.03,24,2026-05-29,816.96,591,0.44,Current,0
LN703612,CUST104387,Auto,11846.66,14.62,24,2021-09-16,572.27,612,0.45,Paid Off,0
LN703613,CUST108701,Personal,22627.61,15.75,24,2021-11-11,1105.22,649,0.2,Paid Off,0
LN703614,CUST108118,Debt Consolidation,28848.23,17.08,60,2021-01-21,718.19,548,0.33,Current,0
LN703615,CUST105067,Debt Consolidation,8531.41,12.52,24,2023-06-09,403.68,655,0.31,Late,29
LN703616,CUST108864,Debt Consolidation,21859.32,8.81,24,2025-04-24,996.73,788,0.31,Current,0
LN703617,CUST105556,Personal,15192.65,12.83,36,2021-03-07,510.66,632,0.18,Current,0
LN703618,CUST108325,Personal,30587.52,13.93,24,2023-04-19,1467.58,628,0.7,Current,0
LN703619,CUST106251,BNPL,1301.27,10.96,6,2024-07-20,223.86,703,0.37,Current,0
LN703620,CUST109340,Auto,30419.18,14.22,24,2024-03-16,1463.68,537,0.52,Current,0
LN703621,CUST105975,Debt Consolidation,11115.15,10.22,24,2025-09-10,514.04,743,0.51,Late,44
LN703622,CUST105209,Auto,18032.49,11.05,12,2023-07-23,1594.16,586,0.44,Current,0
LN703623,CUST108244,Personal,28539.77,17.86,6,2023-05-14,5007.46,521,0.61,Late,67
LN703624,CUST103363,Debt Consolidation,15763.74,10.74,6,2022-11-15,2710.2,645,0.31,Paid Off,0
LN703625,CUST100971,Debt Consolidation,20778,17.61,12,2025-03-04,1901.07,526,0.46,Paid Off,0
LN703626,CUST100004,Personal,16904.71,9.55,6,2025-02-13,2896.45,676,0.12,Paid Off,0
LN703627,CUST101770,Auto,3140.93,8.49,12,2025-10-24,273.94,681,0.45,Late,44
LN703628,CUST105292,Personal,9871.91,12.47,36,2024-05-28,330.11,600,0.66,Current,0
LN703629,CUST108795,Personal,33014.67,17.04,48,2021-10-02,953.32,638,0.33,Current,0
LN703630,CUST108361,BNPL,1400.49,12.03,36,2021-01-19,46.54,668,0.46,Current,0
LN703631,CUST101635,Personal,6235.06,14.95,12,2021-11-04,562.62,596,0.54,Current,0
LN703632,CUST104560,Personal,29726.56,17.25,12,2023-01-18,2714.73,497,0.52,Default,128
LN703633,CUST101044,BNPL,1046.54,10.16,24,2021-12-31,48.37,697,0.28,Current,0
LN703634,CUST106707,BNPL,223.79,13.69,6,2021-08-21,38.8,532,0.35,Current,0
LN703635,CUST105707,Personal,11732.12,14.43,6,2024-12-16,2038.47,596,0.51,Current,0
LN703636,CUST108718,Debt Consolidation,28639.71,13.43,36,2022-10-18,970.93,631,0.34,Late,50
LN703637,CUST108064,Debt Consolidation,3197.98,9.8,48,2024-09-01,80.8,682,0.35,Current,0
LN703638,CUST107713,BNPL,920.79,9.31,36,2026-06-13,29.41,754,0.25,Late,34
LN703639,CUST110181,Personal,19494.43,17.8,48,2022-05-13,570.61,547,0.49,Paid Off,0
LN703640,CUST103775,Personal,19831.67,14.04,36,2025-06-29,678.18,579,0.67,Current,0
LN703641,CUST109283,Debt Consolidation,16926.99,13.26,36,2023-10-13,572.46,605,0.5,Current,0
LN703642,CUST106232,Personal,23883.78,8.73,6,2021-08-03,4082.6,725,0.41,Paid Off,0
LN703643,CUST104904,Personal,9446.93,8.96,24,2021-11-13,431.41,698,0.39,Paid Off,0
LN703644,CUST109477,Personal,28980.08,16.08,24,2025-08-30,1420.06,631,0.53,Current,0
LN703645,CUST102364,BNPL,868.55,17.37,36,2024-07-05,31.13,575,0.69,Default,255
LN703646,CUST101008,Auto,11449.15,14.19,36,2024-11-05,392.36,586,0.46,Current,0
LN703647,CUST107824,BNPL,403,14.94,12,2024-04-09,36.36,549,0.56,Current,0
LN703648,CUST108765,Personal,12540.16,13.91,24,2021-09-23,601.56,589,0.39,Current,0
LN703649,CUST110739,Personal,14099.94,15.22,6,2025-10-22,2455.41,627,0.27,Paid Off,0
LN703650,CUST100966,BNPL,1273.44,11.48,12,2023-04-30,112.83,685,0.06,Paid Off,0
LN703651,CUST105343,Personal,6604,11.23,36,2023-07-13,216.93,568,0.43,Paid Off,0
LN703652,CUST105250,Personal,10549.4,13.39,24,2025-09-04,503.47,674,0.16,Current,0
LN703653,CUST110268,Debt Consolidation,9509.11,9.42,12,2023-01-29,833.44,646,0.05,Current,0
LN703654,CUST108466,BNPL,915.88,17.21,36,2022-01-24,32.75,589,0.41,Current,0
LN703655,CUST103074,BNPL,142.31,11.4,36,2023-02-02,4.69,660,0.36,Current,0
LN703656,CUST101963,Personal,10652.92,13.99,6,2025-10-01,1848.63,612,0.28,Current,0
LN703657,CUST103971,BNPL,164.83,7.59,36,2024-06-25,5.13,696,0.17,Current,0
LN703658,CUST104624,Personal,25229.5,13.33,48,2022-05-12,680.98,554,0.5,Current,0
LN703659,CUST110365,BNPL,139.41,14.35,24,2024-12-12,6.72,649,0.55,Current,0
LN703660,CUST103098,BNPL,686.47,4.41,24,2026-02-28,29.94,678,0.44,Current,0
LN703661,CUST100193,BNPL,887.07,19.98,6,2025-07-10,156.58,479,0.5,Default,196
LN703662,CUST103049,Auto,18010.23,13.49,36,2022-01-15,611.1,605,0.43,Default,138
LN703663,CUST102110,Personal,21525.15,17.57,12,2026-01-14,1969.02,641,0.23,Current,0
LN703664,CUST108928,Auto,13452.45,13.42,12,2025-07-10,1204.19,572,0.51,Current,0
LN703665,CUST108655,Auto,29259,7.52,36,2026-04-18,910.41,643,0.71,Current,0
LN703666,CUST109018,Personal,7593.41,10.16,24,2025-11-25,350.96,673,0.45,Current,0
LN703667,CUST106975,Personal,33263.88,15.77,6,2024-05-08,5801.75,499,0.6,Current,0
LN703668,CUST100859,Debt Consolidation,5650.86,13.59,48,2025-11-12,153.26,618,0.47,Current,0
LN703669,CUST109243,Debt Consolidation,4413.43,12.02,12,2021-05-19,392.17,627,0.35,Late,41
LN703670,CUST110731,Auto,32681.73,9.31,24,2024-06-21,1497.71,726,0.18,Paid Off,0
LN703671,CUST110831,Personal,24236.92,9.93,12,2024-09-22,2130.02,744,0.19,Paid Off,0
LN703672,CUST100373,Personal,29333.71,16.64,12,2021-09-22,2670.36,552,0.49,Late,48
LN703673,CUST108048,Personal,31508.57,14.14,36,2021-05-22,1079.03,575,0.69,Default,238
LN703674,CUST104819,Personal,9460.35,15.8,12,2024-07-04,857.45,530,0.48,Current,0
LN703675,CUST105480,Personal,8319.76,11.32,6,2023-01-29,1432.77,719,0.45,Current,0
LN703676,CUST103511,Personal,24450.4,15.14,36,2023-10-02,849.26,583,0.45,Current,0
LN703677,CUST109062,Debt Consolidation,15329.45,12.98,6,2025-01-07,2652.5,747,0.23,Late,54
LN703678,CUST102246,Personal,22506.41,12.5,24,2023-04-17,1064.72,650,0.48,Paid Off,0
LN703679,CUST108329,Personal,5615.34,14.51,12,2023-01-11,505.53,638,0.49,Current,0
LN703680,CUST107186,Personal,29012.88,12.68,60,2025-08-10,655.39,621,0.49,Current,0
LN703681,CUST103642,Debt Consolidation,21292.61,10.8,36,2025-05-16,695.08,621,0.45,Current,0
LN703682,CUST108144,Auto,11889.55,14.15,12,2023-01-26,1068.37,637,0.6,Current,0
LN703683,CUST103037,Debt Consolidation,22904.22,14.62,12,2023-07-24,2063.19,639,0.21,Current,0
LN703684,CUST107057,BNPL,1242.11,11.21,48,2024-02-27,32.23,588,0.4,Late,83
LN703685,CUST102208,Personal,32187.77,14.02,24,2025-12-13,1545.73,605,0.28,Current,0
LN703686,CUST104889,Debt Consolidation,24979.23,10.79,36,2025-04-08,815.31,707,0.28,Current,0
LN703687,CUST107123,Personal,9493.52,17.16,12,2023-09-16,866.58,564,0.51,Late,60
LN703688,CUST102801,BNPL,131.08,11.68,24,2021-12-07,6.15,696,0.38,Paid Off,0
LN703689,CUST109699,Personal,17958.86,9.25,48,2023-06-18,449.04,613,0.44,Late,36
LN703690,CUST108409,Personal,29747.32,12.09,24,2025-04-09,1401.56,575,0.51,Current,0
LN703691,CUST100378,BNPL,562.76,14.72,12,2024-10-04,50.72,589,0.34,Paid Off,0
LN703692,CUST108084,Auto,32486.89,9.81,36,2021-10-06,1045.36,680,0.3,Current,0
LN703693,CUST104181,Auto,32388.56,14.31,24,2026-04-20,1559.82,646,0.47,Current,0
LN703694,CUST108771,BNPL,750.86,13.75,24,2023-12-27,35.96,618,0.45,Current,0
LN703695,CUST100231,Debt Consolidation,20895.22,16.08,6,2025-06-02,3647.68,597,0.53,Current,0
LN703696,CUST109403,BNPL,541.57,11.27,60,2024-08-16,11.85,552,0.48,Late,75
LN703697,CUST110074,BNPL,141.91,12.47,36,2021-11-14,4.75,637,0.21,Paid Off,0
LN703698,CUST106682,Personal,24408.39,7.88,12,2022-12-21,2121.89,739,0.45,Paid Off,0
LN703699,CUST110339,Personal,14286.85,12.61,36,2024-03-23,478.7,695,0.15,Current,0
LN703700,CUST102196,Auto,9316.88,17.09,6,2024-09-05,1631.13,558,0.41,Default,262
LN703701,CUST109068,BNPL,1241.45,15.84,36,2025-08-13,43.55,508,0.47,Current,0
LN703702,CUST104159,Personal,10740.31,13.02,24,2025-11-21,510.71,579,0.47,Current,0
LN703703,CUST109291,Debt Consolidation,10493.13,15.68,24,2025-03-02,512.17,592,0.27,Current,0
LN703704,CUST105590,Debt Consolidation,19094.08,17.65,36,2021-10-01,686.95,559,0.55,Current,0
LN703705,CUST104693,Debt Consolidation,27451.16,14.22,12,2021-04-28,2467.6,558,0.48,Current,0
LN703706,CUST109791,BNPL,226.21,15.09,12,2022-12-30,20.43,554,0.58,Paid Off,0
LN703707,CUST100624,Auto,31445.07,14.92,12,2026-04-25,2836.99,550,0.69,Current,0
LN703708,CUST100325,Personal,8115.19,13.15,6,2025-10-21,1404.88,628,0.37,Current,0
LN703709,CUST108113,Auto,26562.22,13.51,36,2021-05-08,901.53,556,0.48,Default,139
LN703710,CUST100081,BNPL,770.76,11.38,12,2026-03-13,68.26,759,0.25,Current,0
LN703711,CUST110276,BNPL,1298.87,12.58,24,2021-04-21,61.49,751,0.38,Paid Off,0
LN703712,CUST103306,BNPL,411.87,9.13,36,2025-09-14,13.12,618,0.64,Current,0
LN703713,CUST102616,Personal,16960.98,10.24,6,2024-04-29,2911.86,691,0.27,Paid Off,0
LN703714,CUST102769,BNPL,788.63,9.15,24,2023-06-03,36.08,636,0.46,Current,0
LN703715,CUST104930,Debt Consolidation,30422.73,8.43,12,2025-06-28,2652.48,711,0.43,Paid Off,0
LN703716,CUST109006,Personal,20392.01,13.44,12,2023-02-10,1825.57,636,0.38,Current,0
LN703717,CUST105199,Personal,13773.81,15.13,36,2022-04-21,478.35,659,0.55,Current,0
LN703718,CUST101651,Debt Consolidation,31410.02,12.32,12,2021-10-19,2795.45,685,0.61,Paid Off,0
LN703719,CUST105693,Personal,32847.15,13.36,12,2023-02-19,2939.37,620,0.28,Paid Off,0
LN703720,CUST109697,BNPL,908.75,13.86,12,2022-04-01,81.53,647,0.43,Paid Off,0
LN703721,CUST103138,Auto,24490.04,12.83,12,2022-09-29,2185.43,653,0.41,Current,0
LN703722,CUST107498,Personal,9775.6,19.74,36,2024-02-11,362,521,0.54,Default,159
LN703723,CUST109280,BNPL,1372.32,9.65,48,2025-06-27,34.58,688,0.48,Current,0
LN703724,CUST101443,Personal,12814.53,8.76,36,2024-03-29,406.07,741,0.11,Current,0
LN703725,CUST103782,Personal,11470.71,17.99,12,2021-12-25,1051.58,512,0.57,Default,99
LN703726,CUST101614,Personal,27250.94,12.46,60,2022-02-15,612.54,708,0.19,Current,0
LN703727,CUST105689,Personal,3267.33,13.35,12,2023-10-26,292.37,519,0.52,Current,0
LN703728,CUST110670,Personal,15511.45,10.7,6,2024-05-16,2666.52,618,0.45,Current,0
LN703729,CUST106329,Personal,14729.07,13.35,36,2021-04-19,498.77,626,0.36,Paid Off,0
LN703730,CUST105293,Auto,10245.72,13.29,24,2025-08-05,488.5,648,0.42,Current,0
LN703731,CUST100367,BNPL,1094.68,13.09,36,2021-12-21,36.93,626,0.47,Paid Off,0
LN703732,CUST104902,Personal,16885.26,10.54,24,2024-08-04,783.38,659,0.33,Current,0
LN703733,CUST108644,Personal,20741.59,11.04,24,2022-08-18,967.11,670,0.35,Current,0
LN703734,CUST104668,Auto,21061.91,16.34,60,2022-05-01,516,587,0.47,Default,105
LN703735,CUST101282,Auto,14628.84,13.29,12,2026-04-28,1308.6,665,0.36,Current,0
LN703736,CUST103733,Personal,18388.32,18.29,12,2026-01-15,1688.38,592,0.5,Default,211
LN703737,CUST106984,BNPL,764.85,13.95,48,2023-07-13,20.88,680,0.16,Current,0
LN703738,CUST103803,BNPL,126.28,12.46,36,2022-07-25,4.22,710,0.44,Current,0
LN703739,CUST100765,BNPL,225,10.69,24,2026-01-19,10.45,644,0.53,Default,235
LN703740,CUST108868,Auto,19727.73,13.84,6,2023-01-04,3421.95,598,0.71,Default,134
LN703741,CUST106547,Personal,16935.56,10.71,12,2024-08-15,1494.5,635,0.44,Late,83
LN703742,CUST106825,BNPL,1124.62,13.65,12,2023-06-27,100.79,681,0.49,Current,0
LN703743,CUST108859,Personal,14230.35,17.4,24,2023-12-21,706.32,607,0.46,Late,45
LN703744,CUST100015,Personal,13078.2,14.18,6,2024-08-03,2270.73,652,0.43,Paid Off,0
LN703745,CUST102060,Personal,13524.37,7.64,36,2022-03-25,421.56,697,0.49,Paid Off,0
LN703746,CUST104686,Debt Consolidation,29527.3,14.01,6,2024-04-05,5124.25,633,0.45,Paid Off,0
LN703747,CUST106307,Debt Consolidation,4925.58,8.48,24,2021-06-09,223.85,758,0.3,Paid Off,0
LN703748,CUST110832,Personal,17719.12,17.85,60,2025-09-15,448.5,614,0.26,Current,0
LN703749,CUST105006,Personal,32972.57,7.99,36,2024-08-03,1033.09,701,0.48,Current,0
LN703750,CUST107935,Personal,9114.45,14.92,6,2023-02-19,1585.86,553,0.5,Default,113
LN703751,CUST109140,Auto,19428.63,10.26,36,2023-03-21,629.28,692,0.38,Paid Off,0
LN703752,CUST106047,Auto,11223.58,12.24,12,2024-03-10,998.46,596,0.48,Current,0
LN703753,CUST104692,Personal,28902.01,5.14,48,2024-03-06,667.43,765,0.19,Current,0
LN703754,CUST100641,Debt Consolidation,8693.94,13.03,24,2021-05-09,413.45,658,0.27,Paid Off,0
LN703755,CUST102017,Debt Consolidation,21593.19,13.25,48,2021-03-31,581.97,632,0.19,Paid Off,0
LN703756,CUST107961,BNPL,488.27,13.51,6,2022-01-09,84.61,622,0.41,Current,0
LN703757,CUST106642,Personal,24376.76,13.21,24,2025-12-16,1161.32,742,0.19,Current,0
LN703758,CUST110555,BNPL,964.98,14.4,60,2021-01-21,22.65,582,0.67,Late,67
LN703759,CUST105366,Personal,29965.85,20.05,48,2025-09-06,912.67,600,0.34,Default,123
LN703760,CUST109852,Personal,13167.53,9.73,36,2021-09-09,423.21,707,0.44,Paid Off,0
LN703761,CUST103079,BNPL,414.73,15.11,24,2022-12-03,20.13,584,0.41,Paid Off,0
LN703762,CUST106435,Auto,34284.68,11.6,12,2023-10-29,3039.74,681,0.22,Paid Off,0
LN703763,CUST108858,Auto,15014.4,6.94,24,2023-01-21,671.83,677,0.28,Current,0
LN703764,CUST108763,BNPL,925.8,5.66,24,2022-12-15,40.89,792,0.22,Paid Off,0
LN703765,CUST100312,Personal,15855.01,10.28,12,2024-11-04,1395.97,702,0.34,Paid Off,0
LN703766,CUST107431,BNPL,308.82,13.19,48,2026-05-16,8.31,694,0.35,Current,0
LN703767,CUST101276,Personal,13057.3,11.11,48,2021-12-24,338.17,683,0.15,Paid Off,0
LN703768,CUST108075,Personal,12774.58,10.95,12,2021-07-28,1128.74,729,0.42,Current,0
LN703769,CUST106920,Auto,28801.95,11.19,48,2021-12-20,747.06,590,0.7,Default,145
LN703770,CUST105622,Debt Consolidation,14778.74,14.21,24,2025-03-01,711.04,660,0.27,Current,0
LN703771,CUST107610,Personal,34618.14,13.91,24,2022-01-02,1660.65,638,0.29,Current,0
LN703772,CUST108770,Personal,5828.44,14.39,12,2022-07-29,524.39,695,0.17,Current,0
LN703773,CUST105498,BNPL,405.9,14.28,24,2022-02-10,19.54,694,0.53,Current,0
LN703774,CUST104828,BNPL,1156.93,13.73,24,2026-01-15,55.4,623,0.42,Current,0
LN703775,CUST110245,Personal,32390.72,14.37,36,2023-10-05,1112.87,520,0.47,Late,42
LN703776,CUST109685,BNPL,651.86,16.76,6,2021-10-07,114.02,610,0.26,Paid Off,0
LN703777,CUST106948,Personal,21874.34,9.53,24,2022-05-24,1004.65,755,0.52,Paid Off,0
LN703778,CUST101635,Auto,33621.3,13.65,48,2022-10-18,912.86,596,0.33,Current,0
LN703779,CUST106667,Personal,19095.1,7.97,24,2024-07-20,863.36,717,0.36,Current,0
LN703780,CUST102086,Auto,9616.13,18.54,48,2025-01-28,285.19,599,0.44,Default,263
LN703781,CUST110531,Personal,17228.77,10.58,24,2023-09-02,799.64,655,0.42,Paid Off,0
LN703782,CUST101669,Personal,15564.33,14.43,36,2021-03-16,535.21,635,0.39,Default,221
LN703783,CUST109319,Debt Consolidation,22438.92,14.16,36,2025-02-21,768.65,688,0.39,Current,0
LN703784,CUST108203,Personal,21626.83,14.57,24,2024-07-05,1044.2,563,0.46,Default,256
LN703785,CUST103769,Auto,23900.39,15.04,36,2023-06-02,828.98,545,0.49,Current,0
LN703786,CUST110342,Personal,13294.81,17.26,36,2025-03-20,475.72,522,0.38,Current,0
LN703787,CUST108249,Personal,6717.89,11.92,24,2022-12-27,315.98,667,0.62,Current,0
LN703788,CUST104182,BNPL,573.21,7.85,24,2023-04-24,25.89,752,0.36,Late,34
LN703789,CUST108142,Personal,17740.29,12.71,24,2021-06-10,840.99,593,0.51,Paid Off,0
LN703790,CUST102136,Debt Consolidation,26860.02,14.14,36,2025-01-18,919.84,669,0.37,Current,0
LN703791,CUST105078,Personal,17295.04,12.13,24,2025-05-01,815.19,706,0.45,Current,0
LN703792,CUST104910,Personal,29077.29,15.16,12,2024-04-06,2626.66,629,0.51,Paid Off,0
LN703793,CUST108162,Personal,24349.22,14.04,36,2023-04-05,832.67,597,0.21,Paid Off,0
LN703794,CUST106279,Personal,19227.32,6.8,6,2024-08-18,3268.41,640,0.23,Paid Off,0
LN703795,CUST106901,Personal,13267.95,12.53,6,2024-04-22,2292.84,624,0.29,Paid Off,0
LN703796,CUST108387,Personal,17334.07,16.43,6,2023-08-08,3029.02,555,0.58,Current,0
LN703797,CUST106168,BNPL,118.96,14.57,12,2023-07-19,10.71,589,0.53,Current,0
LN703798,CUST101763,Debt Consolidation,17546.59,6.42,48,2021-02-11,415.47,765,0.32,Paid Off,0
LN703799,CUST106347,Personal,21367.27,8.36,36,2023-07-07,673.13,767,0.35,Current,0
LN703800,CUST100761,Personal,25296.96,10.26,60,2021-07-30,540.73,720,0.43,Current,0
LN703801,CUST105388,Personal,22918.24,16.08,24,2022-05-02,1123.02,551,0.5,Paid Off,0
LN703802,CUST104569,Personal,8505.28,16.32,24,2022-10-12,417.75,539,0.56,Late,33
LN703803,CUST108096,Auto,4724.63,8.93,6,2021-05-18,808.07,714,0.22,Paid Off,0
LN703804,CUST105689,Personal,15624.53,12.93,36,2022-10-23,525.93,519,0.36,Paid Off,0
LN703805,CUST103215,BNPL,1392.89,7.18,36,2024-09-16,43.12,796,0.4,Current,0
LN703806,CUST108803,Debt Consolidation,5809.37,9.54,36,2026-01-13,186.2,703,0.46,Current,0
LN703807,CUST102232,Debt Consolidation,11645.12,12.02,12,2024-07-15,1034.76,630,0.51,Paid Off,0
LN703808,CUST104906,Debt Consolidation,5819.24,11.66,60,2026-06-13,128.45,643,0.49,Current,0
LN703809,CUST102342,BNPL,102.95,11.38,24,2023-10-05,4.82,705,0.27,Paid Off,0
LN703810,CUST106438,Personal,28987.18,14.22,36,2026-02-26,993.81,575,0.61,Current,0
LN703811,CUST107885,Debt Consolidation,16322.74,13.67,12,2022-09-27,1463.04,601,0.55,Default,242
LN703812,CUST110645,Personal,8146.44,16.26,60,2024-03-29,199.23,550,0.54,Current,0
LN703813,CUST110625,Personal,18620.62,9.12,24,2026-02-26,851.7,749,0.25,Current,0
LN703814,CUST109323,BNPL,932.39,15.15,12,2023-02-22,84.22,649,0.62,Paid Off,0
LN703815,CUST106672,Personal,5459.53,10.9,12,2022-05-20,482.27,652,0.4,Paid Off,0
LN703816,CUST108559,Debt Consolidation,28987.38,14.41,36,2025-01-28,996.5,622,0.54,Current,0
LN703817,CUST110883,Auto,10177.76,11.4,12,2025-07-08,901.43,710,0.35,Current,0
LN703818,CUST109008,Personal,29853.3,11.76,36,2023-04-23,988.14,622,0.33,Paid Off,0
LN703819,CUST103309,Personal,29667.49,14.49,48,2021-01-20,818.02,604,0.62,Paid Off,0
LN703820,CUST105004,Debt Consolidation,10381.39,9.96,36,2023-08-19,334.78,721,0.18,Current,0
LN703821,CUST108221,Debt Consolidation,13150.7,11.6,24,2025-04-10,616.6,700,0.5,Current,0
LN703822,CUST110217,Personal,21335.12,17.31,36,2024-08-19,763.95,540,0.53,Default,151
LN703823,CUST109704,Auto,33118.93,9.38,60,2023-11-06,693.62,688,0.48,Current,0
LN703824,CUST110273,Auto,31187.06,11.99,60,2023-08-03,693.58,732,0.52,Current,0
LN703825,CUST103098,Personal,17540.51,10.8,36,2024-10-15,572.59,678,0.24,Current,0
LN703826,CUST108721,Auto,13846.75,15.28,24,2023-09-08,673.23,666,0.24,Paid Off,0
LN703827,CUST110272,Auto,14126.09,15.24,24,2026-06-01,686.54,634,0.33,Late,16
LN703828,CUST109116,Debt Consolidation,29777.38,13.93,48,2021-07-09,812.67,582,0.49,Current,0
LN703829,CUST104204,Personal,22649.56,17.44,24,2026-01-01,1124.64,532,0.36,Current,0
LN703830,CUST104285,Debt Consolidation,23857.88,12.51,36,2025-04-08,798.25,585,0.58,Current,0
LN703831,CUST106291,Personal,13797.08,15.19,6,2025-08-03,2402.46,483,0.65,Default,197
LN703832,CUST103299,Auto,25068.82,12.58,36,2024-07-17,839.61,629,0.5,Current,0
LN703833,CUST107731,BNPL,299.72,11.68,12,2026-02-13,26.58,625,0.45,Current,0
LN703834,CUST105155,Personal,17931.04,16.4,36,2023-06-05,633.95,584,0.54,Current,0
LN703835,CUST101339,Auto,21073.21,12.71,36,2021-09-15,707.1,635,0.4,Paid Off,0
LN703836,CUST104732,Debt Consolidation,27224.3,14.69,6,2023-03-24,4733.76,611,0.35,Paid Off,0
LN703837,CUST104311,Personal,11782.12,9.37,24,2026-03-22,540.27,765,0.3,Current,0
LN703838,CUST109417,Personal,2331.64,10.15,12,2026-05-04,205.15,762,0.43,Late,49
LN703839,CUST101253,Personal,24842.41,12.5,60,2021-06-08,558.9,708,0.27,Paid Off,0
LN703840,CUST106412,BNPL,1129.52,11.31,6,2026-03-10,194.51,603,0.2,Current,0
LN703841,CUST100811,Personal,6416.43,14.57,60,2024-05-12,151.2,632,0.48,Current,0
LN703842,CUST102152,Debt Consolidation,14053.38,12.34,36,2022-04-23,469.06,660,0.48,Paid Off,0
LN703843,CUST107690,Personal,19500.57,13.87,36,2025-10-06,665.25,519,0.36,Default,214
LN703844,CUST103327,BNPL,646.31,10.2,36,2024-01-12,20.92,669,0.43,Current,0
LN703845,CUST102363,Debt Consolidation,4339.2,14.77,24,2023-11-29,209.92,588,0.51,Current,0
LN703846,CUST109858,Personal,31988.44,11.78,24,2023-05-03,1502.52,606,0.5,Paid Off,0
LN703847,CUST106734,Personal,2459.82,10.05,12,2021-06-17,216.31,694,0.34,Paid Off,0
LN703848,CUST104392,Personal,27745.98,13.66,48,2025-11-09,753.48,582,0.64,Current,0
LN703849,CUST102178,Auto,23980.73,16.38,60,2025-03-09,588.02,540,0.67,Default,100
LN703850,CUST107290,Auto,13068.1,13.8,24,2026-03-02,626.2,583,0.4,Current,0
LN703851,CUST110033,Auto,11024.93,14.61,24,2022-08-12,532.52,628,0.41,Default,192
LN703852,CUST105195,Debt Consolidation,24882.77,10.41,24,2026-04-26,1152.93,746,0.47,Current,0
LN703853,CUST101322,Personal,23579.77,12.72,12,2021-01-27,2102.98,647,0.24,Paid Off,0
LN703854,CUST103585,Personal,17522.92,12.16,36,2022-06-28,583.35,705,0.5,Late,19
LN703855,CUST105925,Personal,9715.06,10.05,60,2025-11-11,206.66,612,0.51,Current,0
LN703856,CUST110353,Personal,12814.85,10.89,24,2026-01-11,596.62,720,0.17,Current,0
LN703857,CUST103865,Auto,16392.18,14.25,12,2023-10-02,1473.74,679,0.68,Current,0
LN703858,CUST110410,Auto,7057.61,18.48,36,2025-12-10,256.85,573,0.53,Current,0
LN703859,CUST106866,Auto,29146.14,7.25,12,2023-09-30,2525.28,770,0.21,Paid Off,0
LN703860,CUST110288,Auto,29447.28,10.07,36,2023-06-27,951.15,707,0.38,Current,0
LN703861,CUST104286,BNPL,314.7,19.68,24,2024-09-09,15.97,508,0.59,Current,0
LN703862,CUST102752,Personal,26912,12.85,60,2023-03-31,610.27,582,0.42,Default,252
LN703863,CUST109284,Debt Consolidation,26554.17,14.73,12,2024-05-06,2393.35,627,0.4,Current,0
LN703864,CUST105772,Debt Consolidation,26824.19,10.73,36,2023-08-11,874.76,639,0.23,Current,0
LN703865,CUST101456,Personal,5874.56,17.19,24,2026-01-23,290.99,551,0.5,Default,196
LN703866,CUST109737,Auto,18760.44,13.27,12,2021-12-22,1678.01,686,0.43,Paid Off,0
LN703867,CUST103151,Personal,29969.62,11.83,6,2024-07-21,5168.69,694,0.59,Current,0
LN703868,CUST101999,Auto,29156.75,13,12,2023-07-31,2604.2,646,0.35,Paid Off,0
LN703869,CUST109923,BNPL,1335.66,7.69,36,2026-04-01,41.66,740,0.28,Current,0
LN703870,CUST106109,BNPL,405.16,11.03,12,2021-12-02,35.81,626,0.54,Paid Off,0
LN703871,CUST100766,Personal,21547.47,16.02,6,2025-04-07,3760.9,510,0.43,Current,0
LN703872,CUST102505,Debt Consolidation,27214.7,8.64,24,2024-05-04,1238.81,626,0.41,Current,0
LN703873,CUST101849,Debt Consolidation,27466.77,11.36,6,2026-04-20,4730.66,572,0.49,Current,0
LN703874,CUST103512,Personal,12129.73,9.8,24,2023-02-19,558.61,676,0.28,Current,0
LN703875,CUST108681,Debt Consolidation,8222.79,11.48,24,2024-08-16,385.08,653,0.34,Current,0
LN703876,CUST104159,Auto,3204.15,14.1,36,2023-02-15,109.67,579,0.66,Current,0
LN703877,CUST109892,Personal,12900.17,13.05,36,2022-10-09,434.97,613,0.56,Current,0
LN703878,CUST108309,Debt Consolidation,3249.21,11.58,36,2022-01-17,107.27,673,0.33,Current,0
LN703879,CUST106126,BNPL,158.44,11.09,12,2021-08-04,14.01,723,0.38,Paid Off,0
LN703880,CUST103282,Debt Consolidation,24155.68,9.86,12,2023-09-21,2122.1,638,0.55,Paid Off,0
LN703881,CUST107835,Personal,16653.66,12.43,36,2025-12-27,556.57,546,0.54,Current,0
LN703882,CUST104952,BNPL,523.12,15.84,12,2025-04-05,47.42,638,0.43,Paid Off,0
LN703883,CUST109165,BNPL,395.4,9.55,12,2023-12-31,34.68,821,0.29,Late,26
LN703884,CUST102345,BNPL,595.49,13.96,36,2021-08-04,20.34,597,0.32,Late,85
LN703885,CUST106201,Auto,27244.04,11.44,24,2021-07-04,1275.36,610,0.46,Paid Off,0
LN703886,CUST101035,BNPL,1240.9,12.12,24,2025-11-14,58.48,623,0.43,Late,46
LN703887,CUST104903,Personal,16170.09,16.01,36,2022-12-04,568.57,608,0.43,Paid Off,0
LN703888,CUST107093,Debt Consolidation,11268.29,17.6,36,2025-05-15,405.12,501,0.68,Default,197
LN703889,CUST100530,Auto,4406.73,9.7,24,2024-03-01,202.74,643,0.49,Paid Off,0
LN703890,CUST103876,BNPL,788.23,9.69,24,2024-09-19,36.26,742,0.28,Current,0
LN703891,CUST110712,Personal,17308.61,13.63,12,2025-10-31,1551.08,670,0.43,Current,0
LN703892,CUST101713,Personal,10010.08,13.7,24,2021-11-21,479.2,672,0.43,Current,0
LN703893,CUST102757,BNPL,415.88,13.82,36,2023-04-23,14.18,653,0.32,Late,45
LN703894,CUST102614,Auto,22663.01,12.9,60,2022-10-31,514.49,681,0.26,Current,0
LN703895,CUST107536,Personal,20048.5,12.99,48,2022-08-19,537.75,605,0.38,Current,0
LN703896,CUST101599,Auto,23099.35,11.21,60,2022-10-19,504.66,644,0.56,Current,0
LN703897,CUST108884,BNPL,471.63,7.51,24,2022-12-20,21.23,781,0.14,Paid Off,0
LN703898,CUST103229,Personal,28866.51,15,24,2023-07-12,1399.64,616,0.32,Current,0
LN703899,CUST106967,Personal,23069.26,8.06,6,2022-08-10,3935.77,692,0.21,Paid Off,0
LN703900,CUST107132,Personal,15647.7,8.98,6,2021-08-14,2676.68,762,0.38,Current,0
LN703901,CUST107769,Personal,33922.4,11.78,12,2023-08-02,3010.47,754,0.26,Paid Off,0
LN703902,CUST108236,Debt Consolidation,20669.24,14.13,24,2025-01-11,993.66,608,0.28,Late,40
LN703903,CUST110379,BNPL,1087.48,16.27,24,2022-09-08,53.39,662,0.41,Paid Off,0
LN703904,CUST105293,Personal,17967.85,13.72,12,2025-03-02,1610.92,648,0.51,Paid Off,0
LN703905,CUST105042,Personal,21520.36,17.88,60,2024-02-01,545.07,499,0.26,Default,176
LN703906,CUST108961,Auto,18937.78,12.1,36,2023-01-19,629.91,621,0.56,Late,66
LN703907,CUST105661,Personal,25519.3,13.26,24,2021-08-18,1216.35,582,0.17,Paid Off,0
LN703908,CUST103854,BNPL,1208.76,15.66,36,2023-02-06,42.29,646,0.28,Late,88
LN703909,CUST105807,Personal,14237.1,11.67,24,2025-11-13,668,614,0.41,Default,128
LN703910,CUST106033,BNPL,1066.79,16.07,24,2023-03-18,52.27,600,0.53,Default,199
LN703911,CUST106503,BNPL,231.82,13.78,24,2024-11-11,11.11,596,0.2,Current,0
LN703912,CUST104919,Debt Consolidation,6752.57,10.96,36,2025-09-28,220.94,653,0.33,Current,0
LN703913,CUST109820,Personal,19584.7,15.24,36,2023-04-05,681.21,661,0.36,Current,0
LN703914,CUST106997,Auto,20389.81,12.16,12,2023-12-11,1813.14,641,0.26,Paid Off,0
LN703915,CUST109792,BNPL,641.86,12.3,60,2024-10-20,14.38,680,0.63,Current,0
LN703916,CUST102568,Debt Consolidation,28657.26,9.31,36,2025-11-29,915.43,724,0.31,Current,0
LN703917,CUST109941,BNPL,344.99,15.96,24,2021-09-23,16.89,678,0.46,Current,0
LN703918,CUST109801,Debt Consolidation,3554.84,8.37,36,2023-07-02,112,669,0.16,Current,0
LN703919,CUST107131,Personal,17138.74,8.97,6,2023-06-28,2931.65,732,0.4,Late,68
LN703920,CUST109726,Personal,6215.4,15.88,36,2024-04-12,218.15,589,0.64,Default,103
LN703921,CUST109084,Auto,21833.57,14.37,36,2021-04-18,750.15,686,0.51,Late,36
LN703922,CUST103336,Debt Consolidation,23301.05,18.18,12,2021-06-12,2138.24,582,0.35,Default,181
LN703923,CUST100931,Personal,11748.62,9.6,36,2026-04-16,376.89,728,0.44,Current,0
LN703924,CUST108330,Personal,2547.15,10.7,24,2022-04-05,118.36,699,0.28,Paid Off,0
LN703925,CUST105177,BNPL,950.86,15.41,24,2021-08-23,46.29,638,0.57,Paid Off,0
LN703926,CUST109484,Auto,34341.99,8.83,24,2023-01-09,1566.23,782,0.22,Current,0
LN703927,CUST101514,Personal,26620.56,16.74,12,2024-10-21,2424.64,639,0.6,Paid Off,0
LN703928,CUST102169,Personal,8524.22,10.15,36,2024-03-23,275.65,661,0.45,Current,0
LN703929,CUST110327,BNPL,157.23,12.04,12,2023-09-19,13.97,600,0.47,Paid Off,0
LN703930,CUST108546,Personal,5131.65,16.19,48,2022-02-06,145.93,600,0.38,Paid Off,0
LN703931,CUST106562,Debt Consolidation,7967.51,12.08,36,2023-07-24,264.94,635,0.44,Current,0
LN703932,CUST106239,Debt Consolidation,32166.36,13.01,24,2023-03-26,1529.4,610,0.41,Paid Off,0
LN703933,CUST104050,Personal,17385.99,11.4,36,2022-10-09,572.49,724,0.3,Paid Off,0
LN703934,CUST108144,Personal,21043.51,12.41,24,2025-02-02,994.63,637,0.39,Current,0
LN703935,CUST108027,Debt Consolidation,9101.85,11.66,12,2022-01-11,807.24,643,0.3,Current,0
LN703936,CUST110528,Personal,24757.15,9,24,2024-06-10,1131.02,774,0.12,Paid Off,0
LN703937,CUST109654,BNPL,1154.05,12.2,36,2026-04-28,38.44,658,0.39,Default,169
LN703938,CUST102598,Personal,11895.73,14.52,12,2024-01-04,1071,628,0.35,Paid Off,0
LN703939,CUST101990,BNPL,944.24,12.46,24,2023-10-09,44.65,676,0.32,Current,0
LN703940,CUST105244,BNPL,846.07,10.28,36,2025-06-14,27.41,694,0.23,Late,31
LN703941,CUST108635,Personal,20653.88,13.46,48,2024-07-14,558.82,669,0.31,Current,0
LN703942,CUST100263,Personal,32574.07,13.19,48,2024-05-26,876.96,649,0.37,Current,0
LN703943,CUST108323,BNPL,761.77,14.22,12,2022-03-10,68.48,679,0.59,Paid Off,0
LN703944,CUST104547,Debt Consolidation,3617.09,10.98,24,2022-08-05,168.55,573,0.43,Late,44
LN703945,CUST108389,Personal,25757.35,12.78,24,2023-01-14,1221.89,714,0.37,Current,0
LN703946,CUST104437,BNPL,685.63,17,12,2025-08-01,62.53,591,0.55,Default,231
LN703947,CUST107253,Debt Consolidation,10324.62,18.34,48,2025-09-08,305.12,615,0.21,Current,0
LN703948,CUST107250,Auto,9285.99,14.29,36,2022-08-01,318.68,597,0.33,Current,0
LN703949,CUST102349,BNPL,366.04,10.06,24,2021-09-06,16.9,640,0.38,Paid Off,0
LN703950,CUST104357,Auto,6391.09,14.02,48,2021-12-17,174.71,647,0.19,Paid Off,0
LN703951,CUST102980,Auto,3710.98,12.2,24,2023-08-29,175.04,692,0.29,Current,0
LN703952,CUST108213,BNPL,499.83,16.81,24,2021-09-29,24.67,621,0.49,Default,233
LN703953,CUST109230,Personal,23181.85,11.83,24,2024-09-10,1089.41,727,0.39,Current,0
LN703954,CUST100291,Personal,14007.78,15.83,12,2022-03-17,1269.81,594,0.21,Current,0
LN703955,CUST102428,Personal,33877.6,13.21,6,2022-08-08,5865.8,654,0.36,Late,62
LN703956,CUST104775,Personal,15547,12.39,36,2025-10-27,519.28,572,0.43,Current,0
LN703957,CUST101607,Personal,15834.56,11.58,36,2021-06-24,522.76,658,0.49,Paid Off,0
LN703958,CUST108603,Personal,8465.32,13.13,12,2025-11-24,756.62,672,0.26,Current,0
LN703959,CUST108833,Personal,27821.77,12.46,36,2026-02-05,930.21,651,0.42,Current,0
LN703960,CUST105064,Personal,31485.89,11.45,6,2025-02-14,5424.28,669,0.39,Current,0
LN703961,CUST100073,Auto,14241.88,13.12,36,2024-04-25,480.69,720,0.22,Current,0
LN703962,CUST110146,Personal,34213.53,8.33,60,2024-11-24,699.14,696,0.37,Late,38
LN703963,CUST101276,Auto,25052.12,10.98,60,2025-08-27,544.44,683,0.22,Current,0
LN703964,CUST109466,Personal,10079.47,17.75,36,2021-08-04,363.13,573,0.27,Default,235
LN703965,CUST101792,Personal,24923.8,12.52,6,2025-01-13,4306.97,695,0.32,Paid Off,0
LN703966,CUST110211,Debt Consolidation,26858.14,14.87,12,2023-10-05,2422.52,647,0.14,Paid Off,0
LN703967,CUST107157,Personal,7775.78,17.27,60,2026-04-05,194.38,585,0.51,Default,94
LN703968,CUST104676,Auto,17376.23,10.64,36,2024-07-19,565.92,651,0.26,Current,0
LN703969,CUST106458,BNPL,593.14,15.34,24,2025-08-22,28.86,702,0.27,Current,0
LN703970,CUST102184,Personal,16960.71,9.32,48,2025-10-13,424.65,772,0.5,Current,0
LN703971,CUST103970,Auto,3015.45,11.61,12,2025-06-09,267.37,649,0.51,Paid Off,0
LN703972,CUST104993,Personal,29409.93,14.45,36,2023-12-08,1011.6,672,0.46,Current,0
LN703973,CUST105178,Auto,18696.81,16.14,24,2023-12-29,916.71,515,0.34,Paid Off,0
LN703974,CUST102114,Auto,23897.1,16.71,36,2022-04-29,848.55,551,0.3,Paid Off,0
LN703975,CUST102123,Auto,17539.27,13,48,2022-01-27,470.53,662,0.54,Paid Off,0
LN703976,CUST110701,Auto,28501.89,11.63,36,2025-10-27,941.64,709,0.25,Current,0
LN703977,CUST100732,Debt Consolidation,7010.57,16,48,2025-12-01,198.68,505,0.45,Default,141
LN703978,CUST103539,BNPL,868.92,17.69,12,2026-04-23,79.53,513,0.35,Current,0
LN703979,CUST108315,Personal,24028.49,9.56,36,2023-11-29,770.38,708,0.57,Current,0
LN703980,CUST107034,Auto,2268.31,12.84,12,2024-12-12,202.43,601,0.44,Current,0
LN703981,CUST105362,Auto,32295,12.64,6,2022-06-27,5582.67,633,0.39,Paid Off,0
LN703982,CUST108497,Personal,13825.53,16.09,12,2023-09-27,1254.99,548,0.48,Default,191
LN703983,CUST108430,Debt Consolidation,34816.83,13.02,48,2023-09-14,934.39,605,0.39,Default,134
LN703984,CUST104837,Personal,13672.39,12.71,12,2024-06-30,1219.32,668,0.46,Paid Off,0
LN703985,CUST102791,Personal,21442.37,17.87,12,2021-04-30,1964.51,512,0.47,Current,0
LN703986,CUST100775,Debt Consolidation,25305.59,14.58,24,2026-01-23,1221.94,617,0.65,Default,180
LN703987,CUST101302,Personal,13387.95,14.59,48,2026-04-20,369.82,598,0.35,Current,0
LN703988,CUST101021,Personal,3159.53,16.87,48,2024-05-27,90.96,607,0.36,Late,58
LN703989,CUST100936,Personal,34883.46,14.1,12,2026-03-10,3133.73,616,0.44,Current,0
LN703990,CUST104256,Personal,29004.28,13.86,36,2023-07-22,989.33,537,0.66,Default,130
LN703991,CUST104652,Auto,13140.84,12.33,36,2026-01-07,438.54,688,0.28,Current,0
LN703992,CUST110926,Auto,28912.64,14.1,36,2022-03-12,989.57,648,0.47,Current,0
LN703993,CUST108775,Debt Consolidation,22342.4,15.11,24,2026-01-02,1084.48,573,0.46,Late,83
LN703994,CUST100518,BNPL,795.46,8.15,12,2021-02-22,69.25,700,0.32,Paid Off,0
LN703995,CUST101491,Personal,2545.41,12.95,48,2021-08-21,68.22,623,0.22,Current,0
LN703996,CUST106521,Personal,14869.97,12.86,36,2024-05-05,500.03,637,0.33,Current,0
LN703997,CUST102911,Debt Consolidation,8235.64,11.68,60,2024-06-08,181.87,722,0.22,Current,0
LN703998,CUST110947,Debt Consolidation,10283.93,9.62,12,2022-07-02,902.3,751,0.14,Current,0
LN703999,CUST104093,Debt Consolidation,18046.52,13.79,12,2021-07-04,1618.56,608,0.54,Paid Off,0
LN704000,CUST108235,Personal,7142.64,15.11,36,2023-12-24,247.99,567,0.45,Current,0
LN704001,CUST109034,Auto,28301.1,16.36,36,2026-03-14,1000.02,631,0.47,Current,0
LN704002,CUST105956,Personal,24831.73,7.45,24,2024-06-13,1116.85,806,0.35,Paid Off,0
LN704003,CUST102732,Personal,17108.01,18.79,24,2023-02-05,860.65,567,0.33,Paid Off,0
LN704004,CUST100861,Personal,20233.21,12.61,6,2021-01-29,3497.31,580,0.39,Paid Off,0
LN704005,CUST108323,Auto,17899.97,13.01,24,2021-03-18,851.08,679,0.47,Paid Off,0
LN704006,CUST104583,Personal,22461.26,17,24,2022-10-08,1110.54,544,0.48,Late,88
LN704007,CUST106751,BNPL,264.86,14.25,6,2022-05-05,46,585,0.55,Current,0
LN704008,CUST101309,Personal,6610.67,11.38,6,2025-08-09,1138.64,669,0.27,Current,0
LN704009,CUST102954,Debt Consolidation,34867.18,13.3,12,2025-09-16,3119.15,578,0.27,Current,0
LN704010,CUST108464,Debt Consolidation,13345.63,8.16,48,2026-03-17,326.81,800,0.19,Current,0
LN704011,CUST105830,Personal,1623.1,10.39,24,2021-08-04,75.19,701,0.47,Current,0
LN704012,CUST103524,Auto,23252.99,11.56,36,2025-12-14,767.45,608,0.42,Current,0
LN704013,CUST106726,Personal,7873.18,15.94,36,2023-10-18,276.56,629,0.59,Late,57
LN704014,CUST101389,Personal,14716.92,9.08,60,2021-08-31,306.07,665,0.36,Current,0
LN704015,CUST110096,BNPL,249.05,9.2,12,2024-10-26,21.8,652,0.64,Paid Off,0
LN704016,CUST100001,BNPL,212.72,11.26,12,2022-11-07,18.83,715,0.33,Current,0
LN704017,CUST102380,Personal,17893.86,10.86,24,2021-06-01,832.83,712,0.25,Paid Off,0
LN704018,CUST106210,BNPL,843.96,12.17,24,2024-06-25,39.8,664,0.39,Paid Off,0
LN704019,CUST108655,Auto,32682.23,11.77,60,2023-04-05,723.21,643,0.49,Current,0
LN704020,CUST108994,Personal,24433.17,4.63,12,2022-10-13,2087.52,751,0.26,Paid Off,0
LN704021,CUST103342,Personal,2948.24,11.59,12,2023-07-25,261.38,692,0.18,Current,0
LN704022,CUST106451,Personal,8578.43,7.79,24,2025-05-11,387.16,774,0.44,Current,0
LN704023,CUST102291,BNPL,160.64,14.05,12,2021-11-25,14.43,647,0.53,Current,0
LN704024,CUST105733,Personal,4288.41,14.83,36,2026-01-19,148.3,557,0.45,Current,0
LN704025,CUST100435,Auto,31029.42,13.47,6,2024-01-08,5376.64,678,0.37,Current,0
LN704026,CUST102484,Auto,11141.07,14.58,6,2022-01-25,1936.6,633,0.46,Current,0
LN704027,CUST107476,Personal,25402.7,16.39,6,2025-04-03,4438.46,629,0.42,Late,53
LN704028,CUST106978,Auto,25709.07,15.19,48,2024-04-27,717.98,661,0.22,Current,0
LN704029,CUST103067,Personal,20333.06,13.7,48,2023-11-16,552.58,640,0.35,Current,0
LN704030,CUST100227,Personal,11878.96,17.81,36,2025-05-01,428.32,508,0.67,Default,188
LN704031,CUST110299,Personal,26170.02,14.91,36,2021-08-26,906.04,577,0.57,Default,188
LN704032,CUST100264,Personal,23795.34,14.52,36,2023-05-22,819.29,628,0.34,Late,76
LN704033,CUST110305,BNPL,868.37,17.01,12,2025-09-19,79.2,584,0.37,Late,59
LN704034,CUST104915,Personal,12630.98,13.53,12,2021-02-01,1131.31,681,0.34,Paid Off,0
LN704035,CUST109064,Personal,33710.12,16.21,48,2024-01-21,958.98,557,0.58,Current,0
LN704036,CUST107262,Debt Consolidation,24680.62,12.1,12,2022-07-24,2194,636,0.34,Paid Off,0
LN704037,CUST109683,Debt Consolidation,10993.81,13.47,12,2021-11-10,984.36,594,0.41,Paid Off,0
LN704038,CUST101876,BNPL,997.72,13.99,24,2023-12-08,47.9,537,0.51,Current,0
LN704039,CUST105090,Auto,32913.17,8.65,6,2022-04-11,5624.75,625,0.46,Paid Off,0
LN704040,CUST108016,BNPL,313.9,8.96,24,2021-01-16,14.33,693,0.61,Paid Off,0
LN704041,CUST109671,Personal,32875.71,13.67,36,2025-05-21,1118.35,605,0.73,Default,146
LN704042,CUST102082,BNPL,374.95,15.28,24,2024-01-29,18.23,600,0.32,Current,0
LN704043,CUST101139,Debt Consolidation,13880.36,16.04,12,2021-01-18,1259.64,572,0.27,Paid Off,0
LN704044,CUST105214,BNPL,248.22,5.91,12,2022-05-24,21.35,758,0.3,Current,0
LN704045,CUST105060,Personal,21555.85,10.02,48,2022-12-23,546.92,688,0.17,Current,0
LN704046,CUST110952,BNPL,1288,9.83,12,2024-08-03,113.13,795,0.35,Paid Off,0
LN704047,CUST104258,BNPL,1136.58,16.04,6,2021-12-05,198.39,538,0.65,Paid Off,0
LN704048,CUST110130,Personal,16293.66,13.53,24,2021-02-20,778.69,623,0.38,Paid Off,0
LN704049,CUST103976,Personal,14456.41,16.8,24,2025-08-21,713.37,597,0.53,Default,121
LN704050,CUST101093,Debt Consolidation,5055.58,12.89,6,2025-01-10,874.56,627,0.28,Paid Off,0
LN704051,CUST102880,Personal,30929.12,13.23,36,2023-03-18,1045.55,688,0.53,Late,42
LN704052,CUST109860,BNPL,407.3,18.01,36,2024-05-28,14.73,582,0.48,Current,0
LN704053,CUST102422,Personal,12329.63,16.99,36,2026-01-10,439.52,496,0.62,Default,124
LN704054,CUST109057,Personal,17521.54,11.92,36,2021-04-23,581.3,758,0.46,Paid Off,0
LN704055,CUST101833,Debt Consolidation,34388.81,13.42,6,2021-10-17,5957.89,724,0.36,Late,38
LN704056,CUST107974,Personal,24531.25,15.77,12,2026-05-04,2223.07,555,0.37,Current,0
LN704057,CUST110857,Personal,15622.61,12.45,36,2025-06-15,522.26,575,0.3,Current,0
LN704058,CUST102486,Personal,25374.11,16.19,6,2021-03-09,4430.95,634,0.46,Late,37
LN704059,CUST105715,Personal,22891.17,17.79,24,2025-06-16,1140.5,540,0.71,Current,0
LN704060,CUST103532,Personal,23608.98,15.53,24,2022-08-23,1150.67,600,0.38,Current,0
LN704061,CUST108962,Personal,2450.04,10.85,36,2021-08-26,80.04,665,0.35,Late,28
LN704062,CUST109723,Auto,18187.51,17.68,36,2021-06-25,654.61,582,0.2,Paid Off,0
LN704063,CUST110522,Personal,12176.04,9.22,12,2023-03-26,1066.06,700,0.36,Paid Off,0
LN704064,CUST103131,Debt Consolidation,15778.12,16.16,12,2024-02-16,1432.76,541,0.38,Paid Off,0
LN704065,CUST105649,Auto,27711.53,11.49,36,2026-01-07,913.68,647,0.4,Current,0
LN704066,CUST107513,Personal,9689.1,10.67,60,2023-03-24,209.07,736,0.48,Current,0
LN704067,CUST101007,Auto,1714.75,12.08,60,2026-01-21,38.21,689,0.43,Current,0
LN704068,CUST105940,Personal,6052.91,8.44,24,2021-01-04,274.97,726,0.33,Paid Off,0
LN704069,CUST104681,Auto,22714.46,17.74,36,2024-01-21,818.22,582,0.43,Current,0
LN704070,CUST108339,BNPL,1402.44,9.35,24,2024-04-01,64.3,655,0.24,Paid Off,0
LN704071,CUST110374,Personal,17895.06,18.98,36,2025-04-04,655.78,517,0.59,Current,0
LN704072,CUST102024,BNPL,415.92,9.41,12,2026-02-15,36.45,673,0.29,Current,0
LN704073,CUST106929,Personal,19583.68,12.27,60,2025-12-14,438.3,658,0.54,Current,0
LN704074,CUST104122,Personal,14491.12,11.24,24,2024-09-08,677.02,598,0.51,Current,0
LN704075,CUST108245,BNPL,328.33,8.57,24,2021-04-04,14.93,741,0.4,Current,0
LN704076,CUST108456,Debt Consolidation,28940.98,16.35,36,2025-05-27,1022.49,631,0.56,Current,0
LN704077,CUST106055,Debt Consolidation,16628.11,14.5,24,2023-11-08,802.3,610,0.29,Paid Off,0
LN704078,CUST103016,Personal,21987.33,16.12,24,2021-11-06,1077.83,496,0.46,Current,0
LN704079,CUST101813,Personal,11493.14,7.91,12,2023-12-01,999.29,723,0.39,Paid Off,0
LN704080,CUST106372,Personal,34526.79,4.2,6,2021-03-15,5825.16,808,0.34,Current,0
LN704081,CUST100406,BNPL,1090.21,11.83,60,2021-02-11,24.16,650,0.37,Paid Off,0
LN704082,CUST100732,Personal,28843.46,16.29,12,2022-04-01,2620.95,505,0.56,Paid Off,0
LN704083,CUST100023,Debt Consolidation,19436.15,11.7,12,2025-04-26,1724.15,617,0.4,Paid Off,0
LN704084,CUST105062,Personal,25300.03,9.96,36,2021-01-09,815.89,690,0.22,Paid Off,0
LN704085,CUST105117,Debt Consolidation,18562.46,12.55,48,2025-02-23,493.85,634,0.43,Current,0
LN704086,CUST103786,Personal,20631.73,11.78,24,2025-08-23,969.09,633,0.34,Current,0
LN704087,CUST110315,Auto,32487.87,11.02,6,2025-05-21,5590.01,820,0.28,Late,61
LN704088,CUST108756,BNPL,842.72,16.07,24,2023-02-10,41.29,558,0.55,Paid Off,0
LN704089,CUST105552,Personal,27700.33,13.04,36,2021-08-28,933.87,701,0.39,Paid Off,0
LN704090,CUST102099,BNPL,1442.28,9.41,12,2025-12-16,126.4,700,0.33,Current,0
LN704091,CUST110275,Debt Consolidation,28588.11,9.3,6,2022-03-19,4894.76,751,0.26,Current,0
LN704092,CUST100434,BNPL,324.3,10.63,12,2026-03-20,28.61,652,0.47,Current,0
LN704093,CUST106926,Auto,17599.5,14.19,24,2026-04-12,846.58,591,0.49,Late,77
LN704094,CUST108004,Auto,28650.8,9.47,60,2024-03-18,601.3,694,0.4,Current,0
LN704095,CUST100487,Personal,32250.76,7.65,36,2024-05-02,1005.42,664,0.25,Current,0
LN704096,CUST104394,Personal,29600.6,12.12,36,2024-11-09,984.86,605,0.28,Current,0
LN704097,CUST109354,Personal,13462.34,11.66,36,2021-01-27,444.96,704,0.49,Late,66
LN704098,CUST108112,Debt Consolidation,28078.97,7.71,36,2025-12-21,876.14,764,0.15,Current,0
LN704099,CUST103825,Personal,21270.94,12.23,6,2023-02-16,3672.68,631,0.44,Paid Off,0
LN704100,CUST102718,Personal,8586.22,14.65,12,2022-09-28,773.56,597,0.46,Default,104
LN704101,CUST105275,Auto,4547.51,19.27,12,2022-02-17,419.67,456,0.55,Default,231
LN704102,CUST104095,Personal,4455.29,6.81,48,2024-06-20,106.3,709,0.41,Current,0
LN704103,CUST108079,BNPL,593.65,19.64,36,2024-07-29,21.95,537,0.41,Current,0
LN704104,CUST107475,Auto,24078.32,7.3,24,2021-02-24,1081.33,732,0.4,Paid Off,0
LN704105,CUST103623,Debt Consolidation,32299.58,19.6,12,2023-12-15,2985.88,520,0.42,Paid Off,0
LN704106,CUST102401,Debt Consolidation,25592.72,11.48,36,2021-06-06,843.7,625,0.46,Paid Off,0
LN704107,CUST109388,Debt Consolidation,10944.25,9.57,12,2026-04-21,959.99,647,0.23,Late,64
LN704108,CUST103235,Personal,33467.62,10.77,12,2021-07-26,2954.33,634,0.41,Current,0
LN704109,CUST100947,Personal,26535.86,12.25,12,2024-12-12,2360.78,703,0.48,Current,0
LN704110,CUST103406,Debt Consolidation,32652.03,14.41,6,2021-05-08,5673,618,0.39,Paid Off,0
LN704111,CUST100243,Personal,17143.82,12.64,48,2025-12-08,456.87,665,0.36,Current,0
LN704112,CUST103588,Debt Consolidation,3325.36,11.04,36,2025-01-21,108.93,621,0.45,Current,0
LN704113,CUST101675,Personal,28519.67,13.88,6,2024-06-20,4947.55,660,0.38,Default,168
LN704114,CUST102030,Debt Consolidation,26745.99,10.99,12,2025-06-08,2363.73,551,0.71,Late,72
LN704115,CUST103552,Personal,7663.96,13.91,24,2023-05-21,367.64,645,0.42,Current,0
LN704116,CUST109857,Auto,14295.99,14.59,36,2021-03-21,492.71,570,0.48,Current,0
LN704117,CUST101233,Auto,33827.64,14.14,6,2024-08-03,5872.73,584,0.35,Current,0
LN704118,CUST103128,Personal,5974.01,15.97,48,2025-08-17,169.21,545,0.62,Current,0
LN704119,CUST105656,Personal,4740.01,10.23,24,2024-11-19,219.23,700,0.43,Current,0
LN704120,CUST109639,Personal,19813.51,8.86,24,2021-08-25,903.9,672,0.37,Current,0
LN704121,CUST103096,Personal,23723.29,11.63,12,2024-11-15,2103.68,738,0.58,Paid Off,0
LN704122,CUST105283,Auto,32859.65,12.1,12,2025-09-28,2921.08,780,0.42,Current,0
LN704123,CUST103542,Personal,5911.66,3.9,48,2021-03-24,133.22,807,0.32,Paid Off,0
LN704124,CUST109499,Auto,16888.31,11.41,24,2021-02-14,790.35,776,0.3,Late,23
LN704125,CUST101620,Auto,22939.81,14.93,24,2026-05-11,1111.51,620,0.61,Current,0
LN704126,CUST103869,BNPL,1353.67,15.43,48,2021-03-09,37.97,604,0.38,Paid Off,0
LN704127,CUST100225,Auto,6614.83,14.46,24,2021-05-06,319.04,668,0.48,Paid Off,0
LN704128,CUST109572,Personal,11818.33,9.99,48,2026-02-15,299.69,644,0.21,Late,32
LN704129,CUST100788,BNPL,252.52,13.29,24,2025-09-16,12.04,735,0.38,Current,0
LN704130,CUST103367,BNPL,1089.51,15.57,6,2023-04-23,189.92,607,0.44,Paid Off,0
LN704131,CUST102137,BNPL,722.82,15.63,6,2023-04-07,126.02,563,0.37,Paid Off,0
LN704132,CUST107546,Personal,30544.61,13.24,24,2024-03-01,1455.59,608,0.32,Current,0
LN704133,CUST101162,Personal,1725.91,13.83,12,2023-07-25,154.83,550,0.59,Current,0
LN704134,CUST109422,Personal,31708.23,11.16,12,2025-08-02,2804.79,680,0.44,Current,0
LN704135,CUST105488,Personal,23358.56,15,60,2024-05-19,555.7,680,0.46,Current,0
LN704136,CUST107757,Personal,34742.13,15.31,12,2023-02-22,3140.85,557,0.33,Default,241
LN704137,CUST100110,Personal,7050.52,13.25,24,2025-07-30,336.02,705,0.15,Current,0
LN704138,CUST104944,Personal,6816.11,21.1,12,2025-10-30,635,464,0.38,Default,246
LN704139,CUST103054,Personal,28922.01,14.92,24,2021-08-30,1401.23,607,0.27,Paid Off,0
LN704140,CUST105704,BNPL,619.5,17.04,48,2026-04-12,17.89,604,0.57,Current,0
LN704141,CUST110377,BNPL,189.94,13.43,12,2025-05-15,17,647,0.33,Current,0
LN704142,CUST101515,Personal,2873.69,10.97,6,2024-09-15,494.39,647,0.56,Paid Off,0
LN704143,CUST105272,BNPL,1256.21,17.68,48,2025-05-02,36.69,544,0.39,Late,65
LN704144,CUST105793,Auto,10644.74,8.41,6,2023-04-19,1817.89,703,0.37,Paid Off,0
LN704145,CUST110641,Personal,20927.46,10.4,36,2022-10-29,679.21,710,0.29,Current,0
LN704146,CUST108123,Debt Consolidation,19671.01,11.32,24,2024-08-07,919.75,652,0.46,Late,40
LN704147,CUST109085,Auto,28451.38,14.63,24,2024-07-22,1374.52,577,0.53,Default,196
LN704148,CUST105636,Personal,16500.74,16.66,12,2023-06-02,1502.28,523,0.43,Late,28
LN704149,CUST110818,Personal,10761.88,12.72,60,2025-02-19,243.33,585,0.58,Current,0
LN704150,CUST109178,Debt Consolidation,25567.19,17.69,6,2022-08-12,4483.74,511,0.42,Current,0
LN704151,CUST108790,BNPL,522.04,14.78,24,2026-02-02,25.26,565,0.45,Current,0
LN704152,CUST108273,Auto,26883.22,14.87,36,2023-08-10,930.21,557,0.28,Current,0
LN704153,CUST105007,Personal,34230.73,17.79,24,2025-10-20,1705.47,437,0.52,Default,200
LN704154,CUST100960,BNPL,416.29,16.93,12,2024-09-10,37.95,542,0.31,Late,31
LN704155,CUST103533,Personal,3382.95,10.62,60,2024-02-03,72.91,579,0.43,Late,35
LN704156,CUST107743,Personal,20486.55,21.33,24,2024-11-01,1056.04,526,0.55,Late,68
LN704157,CUST103333,Auto,7332.55,13.04,12,2026-05-03,655.06,629,0.43,Current,0
LN704158,CUST109979,Personal,17772.83,11.85,6,2022-03-26,3065.36,693,0.52,Paid Off,0
LN704159,CUST107717,Personal,22193.94,14.84,24,2022-05-31,1074.42,603,0.43,Paid Off,0
LN704160,CUST110487,BNPL,998.35,14.89,12,2021-07-29,90.06,571,0.49,Paid Off,0
LN704161,CUST110954,Personal,32263.09,18.07,24,2024-02-03,1611.8,512,0.43,Default,168
LN704162,CUST101694,Personal,17476.51,9.07,6,2021-06-21,2990.29,672,0.64,Current,0
LN704163,CUST103204,Personal,2561.47,15.09,60,2023-08-12,61.06,569,0.66,Current,0
LN704164,CUST100129,Personal,21193.26,10.02,60,2022-11-10,450.5,706,0.3,Current,0
LN704165,CUST100691,Auto,11000.27,14.09,48,2024-06-11,301.1,715,0.22,Late,53
LN704166,CUST109924,Auto,30134.11,13.79,12,2025-12-27,2702.68,594,0.5,Default,258
LN704167,CUST103809,BNPL,1366.9,10.66,36,2024-10-22,44.53,682,0.43,Current,0
LN704168,CUST100590,BNPL,928.7,5.45,48,2023-11-02,21.58,724,0.36,Current,0
LN704169,CUST108343,Personal,8370.27,12.79,36,2025-09-07,281.18,646,0.67,Current,0
LN704170,CUST106982,Auto,13129.67,11.61,6,2021-07-06,2262.97,659,0.2,Paid Off,0
LN704171,CUST105383,Personal,2611.42,18.72,36,2025-02-16,95.35,545,0.72,Current,0
LN704172,CUST109744,BNPL,991.96,10.58,12,2022-03-20,87.48,719,0.31,Paid Off,0
LN704173,CUST101971,Personal,1626.98,14.66,24,2023-04-08,78.62,555,0.48,Paid Off,0
LN704174,CUST106959,Personal,17430.73,11.17,36,2025-06-08,572.06,647,0.41,Current,0
LN704175,CUST106803,Personal,15893.45,15.92,36,2023-05-13,558.14,594,0.32,Paid Off,0
LN704176,CUST107337,Debt Consolidation,18978.37,11.84,24,2026-04-03,891.96,678,0.27,Current,0
LN704177,CUST101108,Auto,19882.11,17.23,6,2025-08-24,3482.19,494,0.38,Paid Off,0
LN704178,CUST101827,Personal,22793.87,11.25,24,2023-07-22,1065.02,695,0.47,Paid Off,0
LN704179,CUST104072,Auto,12243.66,16.89,24,2022-07-02,604.71,561,0.42,Current,0
LN704180,CUST110360,Debt Consolidation,17520.61,14.92,36,2025-11-09,606.67,677,0.61,Current,0
LN704181,CUST110187,Personal,16812.1,17.48,24,2022-03-26,835.11,492,0.29,Late,38
LN704182,CUST110878,Auto,31127.68,12.93,6,2022-12-29,5385.34,618,0.37,Paid Off,0
LN704183,CUST100771,Personal,22676.63,11.89,36,2023-12-28,752,644,0.42,Current,0
LN704184,CUST104388,Auto,17660,17.53,24,2025-09-23,877.65,557,0.27,Current,0
LN704185,CUST103529,Personal,15284.38,14.6,12,2022-07-23,1376.66,682,0.52,Current,0
LN704186,CUST109563,Personal,34622.9,17.22,12,2025-09-13,3161.39,633,0.3,Default,136
LN704187,CUST100003,Auto,7974.3,8.39,48,2022-06-03,196.14,725,0.4,Paid Off,0
LN704188,CUST106272,BNPL,445.34,8.17,36,2025-03-25,13.99,791,0.33,Late,37
LN704189,CUST110214,Personal,6585.73,8.19,24,2021-04-15,298.43,765,0.17,Current,0
LN704190,CUST101083,Debt Consolidation,11468.42,14.04,12,2024-03-12,1029.93,704,0.23,Current,0
LN704191,CUST104655,BNPL,1294.09,12.14,36,2025-12-07,43.07,707,0.26,Current,0
LN704192,CUST101518,Personal,5346.99,9.39,6,2025-12-29,915.73,750,0.3,Paid Off,0
LN704193,CUST110796,Personal,14212.2,13.86,24,2024-05-27,681.43,592,0.42,Paid Off,0
LN704194,CUST105924,Personal,23093.13,9.43,12,2025-07-05,2024.14,747,0.44,Current,0
LN704195,CUST103979,Debt Consolidation,32999.26,13.75,24,2021-03-09,1580.5,648,0.47,Current,0
LN704196,CUST109056,Personal,10146.7,17.33,24,2025-03-01,503.29,543,0.29,Current,0
LN704197,CUST106274,Personal,6901.22,14.74,36,2021-04-09,238.36,599,0.53,Paid Off,0
LN704198,CUST108589,Debt Consolidation,7977.89,13.21,24,2021-09-02,380.07,584,0.54,Current,0
LN704199,CUST101107,Personal,7244.32,10.01,12,2026-02-19,636.92,721,0.47,Late,61
LN704200,CUST108273,Debt Consolidation,5347.68,8.84,36,2022-05-12,169.66,557,0.51,Paid Off,0
LN704201,CUST101249,Debt Consolidation,16614.61,11.47,36,2023-09-16,547.65,666,0.13,Current,0
LN704202,CUST104941,Personal,9400.77,12.68,12,2026-05-10,838.24,634,0.44,Current,0
LN704203,CUST104491,Auto,8901.6,12.24,24,2024-10-19,420.03,608,0.21,Current,0
LN704204,CUST102126,Debt Consolidation,8720.46,10.19,60,2022-01-01,186.1,727,0.33,Current,0
LN704205,CUST107721,Personal,8861,10.42,12,2023-08-29,780.75,714,0.24,Current,0
LN704206,CUST105679,Personal,27534.56,8.53,6,2023-07-29,4703.94,767,0.2,Late,38
LN704207,CUST100206,Auto,28784.55,12.74,36,2025-03-21,966.26,606,0.45,Current,0
LN704208,CUST107122,Auto,18703.98,11.15,12,2023-05-11,1654.4,653,0.37,Paid Off,0
LN704209,CUST109788,BNPL,1485.36,11.9,48,2024-05-05,39.04,615,0.17,Current,0
LN704210,CUST107762,BNPL,889.66,11.34,36,2026-01-24,29.27,613,0.57,Late,40
LN704211,CUST108689,Personal,10751.4,17.46,48,2024-04-16,312.8,599,0.52,Current,0
LN704212,CUST101222,Debt Consolidation,29191.95,14.15,12,2024-10-10,2623.12,577,0.5,Default,207
LN704213,CUST107839,Debt Consolidation,28941.31,8.75,36,2025-06-21,916.96,727,0.32,Current,0
LN704214,CUST100342,Debt Consolidation,4670.99,10.89,48,2024-07-22,120.47,625,0.37,Current,0
LN704215,CUST103386,Auto,34838.93,16.56,24,2021-08-12,1715.16,566,0.5,Current,0
LN704216,CUST101214,Personal,30168.75,11.71,36,2024-08-20,997.86,675,0.36,Current,0
LN704217,CUST109892,Personal,14936.58,10.72,24,2021-12-19,694.22,613,0.41,Current,0
LN704218,CUST105920,Debt Consolidation,3025.75,14.11,6,2024-03-01,525.25,629,0.49,Default,177
LN704219,CUST110619,Personal,19663.6,19.11,48,2023-07-04,589.09,443,0.6,Default,199
LN704220,CUST109069,Debt Consolidation,12297.95,15.44,24,2023-08-01,598.86,550,0.4,Default,159
LN704221,CUST110790,BNPL,162.7,16.1,12,2024-09-24,14.77,604,0.54,Current,0
LN704222,CUST100926,Personal,23403.93,17.47,24,2021-04-29,1162.44,567,0.5,Paid Off,0
LN704223,CUST105777,Personal,12614.28,10.69,24,2026-01-02,586.11,667,0.67,Current,0
LN704224,CUST107711,BNPL,322.75,11.83,12,2024-05-29,28.65,613,0.49,Current,0
LN704225,CUST104127,Debt Consolidation,2895.53,7.92,6,2025-04-14,493.8,800,0.31,Current,0
LN704226,CUST103954,Auto,23870.93,6.25,36,2022-02-11,728.91,850,0.34,Late,48
LN704227,CUST108747,Personal,8400.04,11.14,24,2025-06-16,392.05,606,0.6,Default,259
LN704228,CUST107896,Personal,30577.06,13.48,48,2022-01-29,827.61,666,0.18,Current,0
LN704229,CUST109079,Personal,30219.75,18.43,12,2024-08-30,2776.73,562,0.31,Paid Off,0
LN704230,CUST101069,Personal,34237.33,13.73,24,2023-05-09,1639.47,691,0.37,Current,0
LN704231,CUST104798,BNPL,852.98,16.39,60,2025-08-30,20.92,532,0.29,Default,152
LN704232,CUST107647,BNPL,569.38,17.45,12,2025-12-08,52.05,562,0.6,Current,0
LN704233,CUST108489,Debt Consolidation,16146.87,13.02,6,2025-11-07,2794.26,649,0.59,Paid Off,0
LN704234,CUST107707,Auto,27982.96,14.95,24,2024-05-01,1356.14,630,0.51,Current,0
LN704235,CUST104345,Debt Consolidation,29264.05,10.77,48,2023-05-06,753.08,718,0.63,Current,0
LN704236,CUST108643,Personal,26765.69,8.65,48,2022-12-19,661.63,763,0.48,Current,0
LN704237,CUST108732,BNPL,732.61,11.78,12,2025-05-22,65.02,673,0.22,Paid Off,0
LN704238,CUST100514,Debt Consolidation,15099.28,4.41,24,2021-06-08,658.44,666,0.34,Paid Off,0
LN704239,CUST105795,Auto,14858.59,13.63,6,2025-02-07,2575.81,620,0.43,Paid Off,0
LN704240,CUST108863,Auto,3944.96,13.07,36,2022-05-07,133.05,599,0.52,Current,0
LN704241,CUST103192,Debt Consolidation,14839.68,10.99,6,2022-08-24,2553.16,637,0.24,Paid Off,0
LN704242,CUST104308,Auto,24372.47,12.09,12,2025-09-10,2166.49,640,0.28,Current,0
LN704243,CUST106979,Auto,15746.65,12.15,48,2021-12-08,415.83,713,0.36,Paid Off,0
LN704244,CUST101605,Debt Consolidation,11316.58,10.16,36,2023-11-18,366,733,0.37,Late,81
LN704245,CUST102550,Personal,25991.76,15.15,24,2024-10-20,1262.11,617,0.4,Current,0
LN704246,CUST102222,Personal,34509.54,12.75,24,2025-01-10,1636.6,648,0.53,Current,0
LN704247,CUST108510,Personal,3152.34,12.32,12,2021-01-23,280.55,638,0.34,Paid Off,0
LN704248,CUST106831,Personal,4226.15,11.04,24,2023-10-31,197.05,614,0.43,Paid Off,0
LN704249,CUST103761,Personal,25544.51,14.95,12,2024-06-02,2305,613,0.34,Current,0
LN704250,CUST108771,BNPL,1151.71,10.85,36,2024-07-15,37.62,618,0.43,Current,0
LN704251,CUST107418,Personal,8323.88,13.54,6,2021-12-21,1442.61,608,0.42,Default,156
LN704252,CUST102098,Debt Consolidation,4875.46,11.1,36,2026-06-19,159.85,698,0.32,Current,0
LN704253,CUST105544,Personal,16705.07,9.09,36,2025-01-21,531.92,733,0.24,Current,0
LN704254,CUST102310,Personal,14781.39,16.01,36,2024-12-09,519.74,519,0.45,Default,156
LN704255,CUST109533,Personal,32249.46,11.46,24,2024-09-05,1509.97,692,0.39,Current,0
LN704256,CUST105315,Auto,33209.25,10.04,36,2026-03-29,1072.19,735,0.26,Current,0
LN704257,CUST109742,Auto,16992.91,16.69,36,2021-07-10,603.23,489,0.59,Default,252
LN704258,CUST108056,Auto,6078.1,14.63,24,2024-02-27,293.64,626,0.3,Paid Off,0
LN704259,CUST105785,Auto,4798.76,8.98,48,2023-12-27,119.37,686,0.67,Current,0
LN704260,CUST107346,BNPL,1247.18,8.81,48,2026-06-27,30.92,658,0.29,Late,30
LN704261,CUST108146,Debt Consolidation,5695.17,10.64,24,2026-03-29,264.49,675,0.28,Late,67
LN704262,CUST100718,BNPL,156.44,5.83,24,2024-10-11,6.92,812,0.44,Current,0
LN704263,CUST109389,Personal,1707.14,8.57,24,2024-12-14,77.65,785,0.29,Current,0
LN704264,CUST107962,Debt Consolidation,9519.58,16.95,6,2021-07-08,1665.95,569,0.5,Default,255
LN704265,CUST101093,Debt Consolidation,2715.61,12.02,12,2025-02-08,241.3,627,0.43,Current,0
LN704266,CUST102660,Personal,31363.43,8.4,36,2022-08-14,988.61,721,0.33,Current,0
LN704267,CUST106972,BNPL,491.16,13.23,6,2022-11-14,85.05,671,0.05,Late,71
LN704268,CUST109413,BNPL,1473.79,14.25,36,2021-01-29,50.55,717,0.36,Late,51
LN704269,CUST105201,Auto,5559.87,11.85,36,2023-04-30,184.27,690,0.62,Paid Off,0
LN704270,CUST103039,Personal,16951.04,15.99,36,2025-07-28,595.86,654,0.28,Current,0
LN704271,CUST105298,Auto,10323.19,12.65,24,2021-04-25,489.09,657,0.4,Current,0
LN704272,CUST107786,Personal,6285.17,13.17,60,2021-01-05,143.55,611,0.27,Paid Off,0
LN704273,CUST100399,BNPL,1034.28,8.54,36,2021-02-06,32.67,850,0.32,Current,0
LN704274,CUST101773,Auto,10518.6,12.07,24,2023-02-22,495.49,719,0.32,Paid Off,0
LN704275,CUST101905,BNPL,919.31,13.37,48,2021-01-03,24.83,574,0.55,Paid Off,0
LN704276,CUST107301,BNPL,914.74,15.26,12,2021-05-24,82.68,640,0.17,Paid Off,0
LN704277,CUST109352,Debt Consolidation,9032.72,9.69,12,2025-09-09,792.82,677,0.43,Late,64
LN704278,CUST103914,Auto,15403.3,9.23,12,2024-06-17,1348.68,718,0.38,Paid Off,0
LN704279,CUST103449,Personal,6080.44,10.27,36,2023-01-20,196.97,758,0.3,Current,0
LN704280,CUST104557,Auto,2313.32,11.99,12,2022-06-18,205.52,681,0.33,Paid Off,0
LN704281,CUST110030,Personal,4229.61,10.48,12,2026-01-17,372.79,658,0.49,Current,0
LN704282,CUST107057,Auto,33103.46,15.56,24,2024-10-22,1613.9,588,0.33,Current,0
LN704283,CUST100038,Personal,26973.97,12.07,36,2025-10-22,896.82,641,0.45,Current,0
LN704284,CUST100228,BNPL,1441.54,11.33,6,2025-08-05,248.26,686,0.53,Paid Off,0
LN704285,CUST105470,Personal,23533.65,8.04,12,2022-02-09,2047.59,773,0.29,Current,0
LN704286,CUST105098,BNPL,1407.11,13.7,6,2026-01-07,243.98,672,0.46,Current,0
LN704287,CUST107098,Personal,7028.39,12.09,48,2023-12-14,185.4,635,0.25,Current,0
LN704288,CUST101191,Auto,5108.54,14.17,12,2022-08-27,459.09,579,0.71,Paid Off,0
LN704289,CUST107022,Auto,22571.3,15.91,12,2023-12-02,2046.95,595,0.23,Late,63
LN704290,CUST106115,Auto,17523.46,16.84,48,2021-08-02,504.19,564,0.5,Late,79
LN704291,CUST108251,BNPL,1112.05,18.2,24,2026-01-10,55.63,541,0.57,Current,0
LN704292,CUST105785,BNPL,888.05,11.64,60,2021-05-18,19.59,686,0.48,Paid Off,0
LN704293,CUST104107,Debt Consolidation,28823.22,9.32,12,2026-05-28,2524.91,643,0.51,Current,0
LN704294,CUST102339,Personal,29221.73,10.74,36,2023-10-23,953.09,744,0.33,Current,0
LN704295,CUST107698,Personal,3319.25,11.86,36,2021-09-20,110.02,639,0.34,Current,0
LN704296,CUST103395,Debt Consolidation,27740.03,8.52,60,2021-02-11,569.4,759,0.48,Current,0
LN704297,CUST108723,Personal,26085.97,12.82,24,2026-01-14,1237.97,713,0.53,Current,0
LN704298,CUST109917,Personal,33288.08,9,36,2025-03-31,1058.55,709,0.51,Current,0
LN704299,CUST102926,Personal,29468.07,10.42,48,2021-02-10,753.34,679,0.31,Paid Off,0
LN704300,CUST103801,Personal,31079.59,8.26,24,2021-11-16,1409.33,730,0.32,Current,0
LN704301,CUST110375,Personal,28075.48,10.35,6,2022-01-26,4821.51,662,0.47,Late,62
LN704302,CUST109954,BNPL,1287.2,16.31,36,2023-06-21,45.45,527,0.69,Paid Off,0
LN704303,CUST101563,Personal,31760.33,15.98,60,2021-07-23,772.01,580,0.54,Default,142
LN704304,CUST102675,Personal,12628.98,15.58,48,2026-05-23,355.2,657,0.47,Late,28
LN704305,CUST100963,BNPL,737.19,10.83,6,2022-08-17,126.78,680,0.36,Paid Off,0
LN704306,CUST104729,Personal,31065.77,7.2,12,2023-10-11,2690.89,760,0.3,Current,0
LN704307,CUST105318,Personal,8988.46,13.84,36,2024-11-13,306.51,589,0.53,Current,0
LN704308,CUST104800,Personal,23612.35,13.3,12,2026-02-11,2112.32,682,0.57,Default,220
LN704309,CUST108541,Auto,9263.55,13.17,36,2021-06-29,312.88,678,0.48,Paid Off,0
LN704310,CUST102344,Personal,11096.01,17.92,12,2023-07-20,1016.86,586,0.23,Paid Off,0
LN704311,CUST110179,Debt Consolidation,25105.69,15.49,36,2023-02-17,876.33,596,0.34,Current,0
LN704312,CUST104162,Personal,10960.41,18.7,24,2023-03-12,550.9,504,0.58,Default,148
LN704313,CUST101330,Personal,18811.83,10.47,36,2025-06-15,611.16,664,0.51,Current,0
LN704314,CUST109145,Personal,34210,19.61,36,2025-06-24,1264.58,519,0.47,Current,0
LN704315,CUST102146,Auto,27269.7,14.73,60,2021-12-15,644.89,673,0.35,Current,0
LN704316,CUST110852,Personal,2236.4,11.85,36,2026-02-06,74.12,707,0.4,Current,0
LN704317,CUST109129,Debt Consolidation,19444.99,12.62,24,2025-12-07,920.98,630,0.5,Current,0
LN704318,CUST103883,BNPL,1000.77,16.4,24,2023-04-02,49.19,628,0.47,Paid Off,0
LN704319,CUST102233,BNPL,365.99,7.73,60,2023-10-30,7.37,716,0.5,Current,0
LN704320,CUST106290,Auto,9270.48,11.18,36,2022-06-11,304.29,556,0.47,Paid Off,0
LN704321,CUST107008,BNPL,557.33,12.75,6,2023-10-08,96.37,649,0.56,Paid Off,0
LN704322,CUST104282,Personal,5026.48,18.57,36,2024-08-04,183.16,436,0.5,Default,147
LN704323,CUST103156,BNPL,887.34,15.18,36,2022-08-19,30.84,671,0.48,Current,0
LN704324,CUST106597,BNPL,1123.15,11.02,36,2024-01-29,36.78,650,0.6,Current,0
LN704325,CUST110029,Personal,5792.61,14.75,12,2022-08-05,522.15,569,0.43,Default,181
LN704326,CUST107429,Personal,22626.41,13.21,12,2023-11-06,2023.16,637,0.67,Paid Off,0
LN704327,CUST107346,Personal,19218.66,12.3,12,2024-05-28,1710.25,658,0.47,Paid Off,0
LN704328,CUST104248,Personal,6233.31,18.33,36,2023-01-26,226.38,548,0.46,Default,209
LN704329,CUST106569,Auto,27364.65,9.01,24,2022-05-17,1250.27,715,0.23,Paid Off,0
LN704330,CUST110964,BNPL,1008.37,13.23,24,2026-03-17,48.05,553,0.52,Current,0
LN704331,CUST104136,Personal,20224.84,14.36,12,2021-06-04,1819.36,619,0.5,Current,0
LN704332,CUST100393,Personal,13896.63,10.23,24,2023-12-31,642.74,708,0.36,Current,0
LN704333,CUST108398,Personal,25754.5,9.2,12,2022-06-07,2254.66,575,0.18,Paid Off,0
LN704334,CUST108257,BNPL,612.05,11.83,48,2024-11-19,16.07,665,0.43,Current,0
LN704335,CUST103545,Personal,32154.12,14.51,6,2021-06-11,5588.09,642,0.38,Paid Off,0
LN704336,CUST109706,Auto,25763.11,10.65,24,2024-02-12,1196.58,686,0.37,Paid Off,0
LN704337,CUST105142,Debt Consolidation,27165.82,17.05,48,2023-06-06,784.57,480,0.53,Default,151
LN704338,CUST103526,Personal,27838.57,12.82,24,2021-03-14,1321.14,688,0.24,Current,0
LN704339,CUST110643,Personal,33701.96,13.28,12,2026-03-27,3014.6,611,0.59,Current,0
LN704340,CUST103791,Personal,17105.6,9.19,36,2021-04-08,545.47,749,0.4,Current,0
LN704341,CUST103982,Debt Consolidation,10769.73,15.01,60,2024-05-25,256.27,650,0.48,Current,0
LN704342,CUST101425,Auto,32281.22,14.66,12,2025-09-23,2908.47,527,0.39,Current,0
LN704343,CUST110711,Personal,11037.89,14.12,36,2024-05-04,377.89,628,0.38,Current,0
LN704344,CUST103618,Personal,10184.61,9.87,12,2022-02-08,894.77,654,0.35,Current,0
LN704345,CUST109586,BNPL,1072.52,17.02,36,2024-04-10,38.25,575,0.43,Late,47
LN704346,CUST101285,BNPL,802.09,9.12,12,2024-12-30,70.19,703,0.13,Paid Off,0
LN704347,CUST109464,Auto,20249.65,15.59,60,2025-07-15,488.03,564,0.67,Late,61
LN704348,CUST102616,Auto,26382.87,11.46,12,2021-10-15,2337.43,691,0.27,Paid Off,0
LN704349,CUST102833,Personal,17861.28,18.59,36,2026-04-08,651.03,565,0.34,Current,0
LN704350,CUST108357,Personal,20101.48,10.29,6,2023-01-28,3451.51,742,0.41,Current,0
LN704351,CUST103461,BNPL,1185.47,11.95,60,2021-04-03,26.34,728,0.62,Paid Off,0
LN704352,CUST101622,Personal,16592.23,8.82,24,2021-07-23,756.64,703,0.46,Paid Off,0
LN704353,CUST109615,Personal,8478.38,12.87,6,2026-02-27,1466.58,619,0.45,Late,58
LN704354,CUST104805,BNPL,621.75,13.05,6,2023-12-13,107.6,639,0.45,Current,0
LN704355,CUST103330,Auto,32475.6,16.65,24,2022-07-25,1600.21,563,0.32,Paid Off,0
LN704356,CUST100959,Personal,20069.13,11.76,48,2022-01-15,526.14,589,0.53,Paid Off,0
LN704357,CUST104262,Personal,32265.34,16.32,6,2021-10-30,5636.41,480,0.56,Current,0
LN704358,CUST106407,Personal,4469.36,14.04,48,2025-10-26,122.22,600,0.48,Current,0
LN704359,CUST100339,Auto,18776.25,8.47,48,2025-03-12,462.54,796,0.34,Current,0
LN704360,CUST101696,Personal,21223.11,6.43,24,2024-01-24,944.74,775,0.35,Paid Off,0
LN704361,CUST104193,Personal,31058.82,16.66,24,2024-04-17,1530.55,563,0.43,Paid Off,0
LN704362,CUST106224,Auto,20032.26,7.45,6,2022-12-02,3411.63,637,0.44,Paid Off,0
LN704363,CUST101503,Auto,10955.69,14,12,2021-06-20,983.68,646,0.42,Current,0
LN704364,CUST106412,Personal,9870.35,16.32,48,2023-02-09,281.35,603,0.35,Current,0
LN704365,CUST108117,BNPL,249.12,11.48,6,2024-08-05,42.92,682,0.48,Current,0
LN704366,CUST108641,Personal,13131.87,9.86,36,2023-04-28,422.87,681,0.41,Current,0
LN704367,CUST108038,Debt Consolidation,34334.42,12.99,6,2022-11-28,5941.16,704,0.4,Late,77
LN704368,CUST110868,Personal,14370.99,16.2,36,2023-11-22,506.66,611,0.75,Current,0
LN704369,CUST100068,BNPL,1442.63,14.08,36,2021-03-12,49.36,644,0.43,Paid Off,0
LN704370,CUST107658,Debt Consolidation,17605.14,11.66,36,2021-03-12,581.89,658,0.41,Paid Off,0
LN704371,CUST108064,Personal,16452.01,13.74,36,2021-12-09,560.22,682,0.47,Late,59
LN704372,CUST105889,Auto,17672.89,10.22,12,2021-04-08,1555.54,704,0.24,Paid Off,0
LN704373,CUST107983,Personal,28934.67,10.14,24,2021-04-27,1337.06,722,0.26,Current,0
LN704374,CUST103485,Debt Consolidation,13035.02,10.87,24,2021-02-26,606.75,712,0.53,Paid Off,0
LN704375,CUST106675,Debt Consolidation,9733.86,17.55,12,2024-04-30,890.32,644,0.39,Current,0
LN704376,CUST102249,Personal,33221.04,15.54,24,2022-01-15,1619.31,463,0.54,Current,0
LN704377,CUST100562,BNPL,779.45,11.05,36,2021-02-11,25.54,628,0.64,Paid Off,0
LN704378,CUST106430,Personal,13928.28,12.05,48,2022-01-27,367.13,618,0.51,Current,0
LN704379,CUST105812,BNPL,1003.49,13.92,48,2021-06-15,27.38,623,0.3,Paid Off,0
LN704380,CUST105825,Auto,21319.81,15.53,36,2023-11-11,744.6,633,0.38,Current,0
LN704381,CUST102398,Personal,4175.78,8.75,12,2024-01-11,364.69,766,0.37,Late,33
LN704382,CUST105430,Personal,25225.39,8.81,6,2023-03-30,4312.92,698,0.29,Paid Off,0
LN704383,CUST105243,BNPL,916.69,13.95,48,2025-09-08,25.03,607,0.67,Current,0
LN704384,CUST107654,Personal,23377.14,12.11,36,2024-04-22,777.68,676,0.14,Current,0
LN704385,CUST101278,Personal,5064.67,14.63,36,2026-03-06,174.65,668,0.39,Late,51
LN704386,CUST101154,Personal,13900.42,10.48,36,2023-05-26,451.67,666,0.35,Paid Off,0
LN704387,CUST107602,Debt Consolidation,12030.45,17.62,12,2026-03-14,1100.78,548,0.4,Late,23
LN704388,CUST106956,Personal,12797.42,12.96,24,2023-11-23,608.17,628,0.46,Current,0
LN704389,CUST109375,Personal,19989.98,14.93,24,2021-10-04,968.58,558,0.42,Late,60
LN704390,CUST109143,Debt Consolidation,10836.61,12.84,60,2021-01-30,245.68,678,0.35,Current,0
LN704391,CUST103257,Auto,25117.4,14.42,24,2024-07-01,1210.95,553,0.28,Current,0
LN704392,CUST109092,Personal,17190.85,7.25,24,2025-12-03,771.63,716,0.13,Current,0
LN704393,CUST105659,BNPL,270.46,13.58,36,2022-04-15,9.19,618,0.62,Late,82
LN704394,CUST107514,Debt Consolidation,20736.81,12.75,36,2024-04-28,696.21,714,0.36,Current,0
LN704395,CUST107668,Personal,2650.92,11.94,24,2025-04-17,124.71,558,0.53,Current,0
LN704396,CUST105286,Personal,8471.91,11.42,48,2021-08-03,220.69,680,0.28,Paid Off,0
LN704397,CUST106740,Personal,14865.31,13.07,24,2021-10-18,707.21,679,0.42,Paid Off,0
LN704398,CUST101014,Auto,7262.3,11.9,60,2021-11-18,161.18,701,0.48,Current,0
LN704399,CUST106391,Personal,3534.34,15.9,36,2023-07-26,124.08,536,0.42,Current,0
LN704400,CUST108134,Personal,3134.94,13.55,24,2025-12-11,149.85,605,0.34,Current,0
LN704401,CUST109645,Auto,19347.62,10.6,6,2024-06-20,3325.03,686,0.54,Paid Off,0
LN704402,CUST107831,Personal,23422.09,18.13,12,2024-01-07,2148.79,513,0.4,Default,90
LN704403,CUST110392,Debt Consolidation,29639.22,17.96,48,2025-03-12,870.03,542,0.5,Default,154
LN704404,CUST107528,Debt Consolidation,13377.72,13.58,48,2024-09-08,362.75,666,0.27,Current,0
LN704405,CUST103178,BNPL,267.78,16.62,36,2022-01-14,9.5,564,0.35,Paid Off,0
LN704406,CUST103850,Auto,9473.05,11.92,6,2023-01-25,1634.18,696,0.42,Current,0
LN704407,CUST103246,BNPL,441.92,12.34,36,2022-02-26,14.75,713,0.11,Paid Off,0
LN704408,CUST103661,Auto,2584.67,13.24,36,2021-04-05,87.39,659,0.53,Paid Off,0
LN704409,CUST103124,Personal,1809.94,11.43,24,2023-07-15,84.72,587,0.43,Paid Off,0
LN704410,CUST109155,Personal,29544.46,18.98,24,2021-07-18,1489.01,574,0.35,Current,0
LN704411,CUST105736,Personal,33449.68,15.02,60,2026-05-06,796.12,594,0.46,Current,0
LN704412,CUST103170,BNPL,353.64,13.57,24,2024-02-28,16.91,599,0.54,Paid Off,0
LN704413,CUST106851,Personal,7530.63,9.21,6,2026-03-28,1289.04,711,0.31,Current,0
LN704414,CUST104513,Personal,24172.71,14.8,12,2021-07-07,2179.51,611,0.39,Default,152
LN704415,CUST109186,Debt Consolidation,32276.39,17.67,48,2024-10-06,942.56,594,0.55,Current,0
LN704416,CUST107518,Personal,9634.79,14.01,6,2025-09-27,1672.05,647,0.31,Current,0
LN704417,CUST106994,Personal,19274.64,14.36,60,2025-11-11,452.09,628,0.34,Current,0
LN704418,CUST101523,Auto,19340.39,8.34,60,2025-05-20,395.31,752,0.4,Current,0
LN704419,CUST101888,Auto,31681.81,14.73,24,2022-09-04,1532.08,634,0.25,Current,0
LN704420,CUST104470,Debt Consolidation,5256.2,9.92,36,2024-07-11,169.41,658,0.4,Default,239
LN704421,CUST108262,Auto,20225.16,17.12,24,2023-06-15,1001.14,490,0.73,Paid Off,0
LN704422,CUST109131,BNPL,1153.17,16.1,24,2023-05-18,56.52,597,0.43,Paid Off,0
LN704423,CUST106722,Auto,32799.48,11.81,12,2025-10-19,2911.28,718,0.48,Current,0
LN704424,CUST110023,Personal,27388.98,13.99,24,2025-06-12,1314.89,640,0.5,Late,46
LN704425,CUST106415,Personal,18827.91,9.88,24,2021-04-21,867.77,752,0.39,Current,0
LN704426,CUST108918,Auto,28018.73,17.45,36,2023-08-16,1005.23,637,0.19,Current,0
LN704427,CUST104687,Personal,13081.48,12.96,60,2024-01-08,297.38,660,0.47,Current,0
LN704428,CUST106731,Personal,16054.87,12.92,48,2026-01-21,430.07,603,0.43,Current,0
LN704429,CUST105808,Auto,8315.57,15.17,12,2023-09-05,751.22,608,0.2,Paid Off,0
LN704430,CUST100329,Auto,21858.82,10.71,12,2023-11-28,1928.96,610,0.59,Paid Off,0
LN704431,CUST110890,Auto,22218.92,15.85,12,2024-11-15,2014.36,553,0.25,Paid Off,0
LN704432,CUST108883,Personal,9145.25,16.5,12,2024-01-12,831.92,532,0.44,Default,214
LN704433,CUST100452,Personal,22135.69,8.86,24,2023-08-14,1009.84,781,0.4,Current,0
LN704434,CUST106683,Personal,9620.97,8.19,12,2022-12-10,837.76,729,0.46,Current,0
LN704435,CUST108046,BNPL,1100.13,12.86,6,2025-06-21,190.29,593,0.41,Paid Off,0
LN704436,CUST104434,Personal,6846.93,12.46,12,2025-09-08,609.82,651,0.35,Current,0
LN704437,CUST108892,BNPL,440.02,11.8,24,2023-07-17,20.67,619,0.35,Paid Off,0
LN704438,CUST107731,BNPL,166.26,14.72,24,2025-05-04,8.04,625,0.41,Current,0
LN704439,CUST101201,BNPL,716.95,13.05,24,2024-07-29,34.1,678,0.32,Current,0
LN704440,CUST101708,Personal,25801.8,11.49,36,2025-05-20,850.72,721,0.33,Late,73
LN704441,CUST107534,Debt Consolidation,29210.08,15.62,60,2023-03-21,704.45,617,0.42,Current,0
LN704442,CUST100947,BNPL,123.07,9.64,36,2022-12-15,3.95,703,0.3,Paid Off,0
LN704443,CUST100774,Personal,6931.97,15.96,36,2022-03-28,243.57,549,0.47,Paid Off,0
LN704444,CUST102326,Auto,5324.72,12.43,24,2025-11-18,251.72,676,0.48,Current,0
LN704445,CUST108804,Personal,19947.63,12.25,12,2024-08-25,1774.66,568,0.58,Paid Off,0
LN704446,CUST108092,Personal,31303.11,11.91,36,2023-08-26,1038.37,634,0.37,Current,0
LN704447,CUST106747,Debt Consolidation,9864.68,11.72,12,2024-12-29,875.17,641,0.47,Paid Off,0
LN704448,CUST101609,Debt Consolidation,24878.06,13.9,36,2025-10-10,849.07,543,0.55,Current,0
LN704449,CUST105804,Debt Consolidation,25693.21,6.17,60,2023-08-13,498.76,747,0.42,Current,0
LN704450,CUST101398,Personal,33521.36,12.32,36,2024-06-14,1118.52,604,0.37,Current,0
LN704451,CUST108306,Debt Consolidation,12358.06,11.85,48,2022-11-03,324.53,654,0.25,Current,0
LN704452,CUST101773,Personal,32399.61,10.09,6,2026-01-27,5559.96,719,0.35,Late,55
LN704453,CUST104057,BNPL,206.64,14.04,36,2021-01-22,7.07,583,0.43,Current,0
LN704454,CUST110371,BNPL,1325.52,16.47,36,2024-07-01,46.91,615,0.41,Current,0
LN704455,CUST101717,Debt Consolidation,8326.13,12.74,6,2021-09-18,1439.71,640,0.39,Current,0
LN704456,CUST108260,Personal,23278.09,14.48,60,2023-12-25,547.45,673,0.28,Current,0
LN704457,CUST103809,Personal,34251.6,11.64,36,2023-07-12,1131.76,682,0.5,Current,0
LN704458,CUST104720,BNPL,1373.64,10.7,60,2021-04-23,29.66,715,0.44,Current,0
LN704459,CUST100259,Personal,20160.1,6.46,36,2024-12-12,617.52,682,0.39,Current,0
LN704460,CUST106647,Debt Consolidation,7152.7,12.58,6,2024-11-07,1236.24,735,0.16,Current,0
LN704461,CUST100710,Debt Consolidation,30090.29,9.29,36,2025-05-23,960.93,640,0.56,Current,0
LN704462,CUST109260,BNPL,1179.48,12.9,24,2023-02-01,56.02,610,0.56,Current,0
LN704463,CUST108696,Debt Consolidation,6870.77,12.4,24,2022-04-20,324.72,603,0.59,Paid Off,0
LN704464,CUST106319,BNPL,1355.49,14.72,6,2023-12-07,235.71,691,0.44,Paid Off,0
LN704465,CUST106137,Personal,30276.35,16.83,6,2024-01-30,5296.63,619,0.66,Default,235
LN704466,CUST103311,Personal,11294.13,11.27,24,2023-01-02,527.81,662,0.36,Late,67
LN704467,CUST100349,Personal,21946.92,14.71,36,2026-02-15,757.68,604,0.49,Current,0
LN704468,CUST102158,Personal,12001.61,10.28,12,2025-12-10,1056.7,688,0.6,Current,0
LN704469,CUST101148,Personal,11781.55,9.39,24,2021-07-25,540.35,714,0.47,Paid Off,0
LN704470,CUST105700,Personal,10887.94,12.52,36,2024-11-26,364.35,682,0.36,Late,37
LN704471,CUST109767,BNPL,954.35,15.98,24,2024-09-28,46.72,568,0.39,Current,0
LN704472,CUST107653,Personal,28838.33,9.44,24,2022-12-07,1323.3,634,0.26,Paid Off,0
LN704473,CUST106161,Personal,10225.4,13.23,12,2026-01-05,914.41,713,0.49,Current,0
LN704474,CUST105730,Debt Consolidation,32776.72,9.01,36,2023-06-02,1042.44,676,0.4,Late,58
LN704475,CUST101429,BNPL,1222.03,12.72,24,2021-12-20,57.94,632,0.56,Paid Off,0
LN704476,CUST103787,Auto,34806.01,10.61,6,2024-08-06,5981.84,753,0.24,Current,0
LN704477,CUST110209,Debt Consolidation,3804.34,11.5,48,2024-03-02,99.25,597,0.53,Current,0
LN704478,CUST104394,Debt Consolidation,32454.33,11.07,60,2024-10-26,706.77,605,0.33,Current,0
LN704479,CUST100731,BNPL,515.33,14.67,6,2025-09-22,89.6,624,0.46,Current,0
LN704480,CUST104886,Personal,22799.35,14.1,12,2024-04-16,2048.16,697,0.36,Late,63
LN704481,CUST103812,Auto,10095.8,11.85,48,2026-04-21,265.12,633,0.56,Late,60
LN704482,CUST106596,BNPL,1267.37,17.01,24,2025-07-23,62.67,467,0.39,Current,0
LN704483,CUST102184,BNPL,407.92,7.42,12,2026-05-23,35.38,772,0.52,Current,0
LN704484,CUST108367,Personal,11388.01,18.36,24,2025-07-31,570.52,483,0.5,Default,155
LN704485,CUST102344,Personal,30659.03,17.6,12,2023-09-27,2804.99,586,0.47,Paid Off,0
LN704486,CUST108214,Personal,20178.05,15.71,36,2024-02-22,706.51,568,0.55,Current,0
LN704487,CUST107832,Personal,9336.06,9.84,36,2022-06-02,300.55,710,0.55,Current,0
LN704488,CUST107808,Personal,2273.55,17.64,36,2021-07-24,81.78,479,0.77,Default,185
LN704489,CUST104710,Personal,13325.69,15.19,6,2026-01-10,2320.38,605,0.49,Current,0
LN704490,CUST106650,Personal,13791.47,8.99,60,2022-03-08,286.22,683,0.41,Current,0
LN704491,CUST101311,Auto,33074.12,11.21,12,2021-11-20,2926.39,566,0.46,Current,0
LN704492,CUST101875,Personal,4817.36,11.52,24,2022-09-14,225.69,662,0.52,Paid Off,0
LN704493,CUST106506,Personal,11679.09,11.35,36,2024-01-23,384.3,712,0.28,Current,0
LN704494,CUST101256,BNPL,1281.46,10.46,60,2021-09-17,27.52,726,0.36,Current,0
LN704495,CUST109390,Personal,15722.87,12.93,36,2025-02-07,529.24,651,0.36,Current,0
LN704496,CUST109165,Personal,15927.45,7.43,6,2021-03-19,2712.4,821,0.3,Current,0
LN704497,CUST105324,Personal,7778.16,16.85,12,2021-02-17,708.85,573,0.48,Default,136
LN704498,CUST103334,BNPL,507.01,6.27,6,2025-01-22,86.05,753,0.41,Late,81
LN704499,CUST100411,Debt Consolidation,6565.46,12.25,36,2022-07-08,218.85,597,0.23,Paid Off,0
LN704500,CUST109379,Personal,30263.14,16.57,36,2023-07-13,1072.5,627,0.31,Current,0
LN704501,CUST110252,BNPL,1028.47,9.24,48,2024-03-31,25.71,679,0.36,Late,17
LN704502,CUST105440,Personal,28858.82,8.85,48,2025-08-21,716.1,777,0.27,Current,0
LN704503,CUST106854,Personal,18708,13.79,36,2022-04-03,637.49,599,0.38,Paid Off,0
LN704504,CUST108739,Personal,1976.38,8.98,48,2025-11-09,49.16,736,0.28,Late,46
LN704505,CUST108714,Auto,31310.68,13.5,24,2025-03-12,1495.93,630,0.19,Current,0
LN704506,CUST105186,Personal,34032.38,10.71,24,2021-09-06,1581.6,675,0.45,Paid Off,0
LN704507,CUST109051,Debt Consolidation,27510.9,7.05,24,2023-04-17,1232.36,690,0.51,Paid Off,0
LN704508,CUST102045,Personal,5830.02,10.58,36,2022-09-30,189.71,686,0.43,Late,60
LN704509,CUST103828,BNPL,363.11,10.49,36,2021-02-20,11.8,667,0.5,Current,0
LN704510,CUST108625,Auto,5752.52,13.9,12,2023-05-20,516.23,656,0.55,Current,0
LN704511,CUST100258,Personal,19079.8,13.12,60,2021-12-19,435.3,609,0.54,Current,0
LN704512,CUST108493,Debt Consolidation,22128.56,11.97,24,2025-02-17,1041.36,609,0.51,Current,0
LN704513,CUST107457,Debt Consolidation,29967.85,11.25,24,2024-06-01,1400.22,648,0.34,Paid Off,0
LN704514,CUST108338,Auto,28533.2,9.35,24,2023-10-15,1308.12,760,0.29,Current,0
LN704515,CUST107780,Auto,12468.34,14.31,36,2022-04-10,428.02,558,0.53,Current,0
LN704516,CUST107023,Debt Consolidation,9367.07,16.2,12,2023-04-05,850.77,614,0.43,Paid Off,0
LN704517,CUST108860,BNPL,220.8,10.42,48,2024-04-05,5.64,718,0.43,Current,0
LN704518,CUST108369,Auto,14339.01,12.85,24,2021-09-15,680.69,709,0.39,Paid Off,0
LN704519,CUST107912,Personal,23043.06,12.37,12,2025-07-08,2051.34,633,0.46,Current,0
LN704520,CUST105726,Personal,31071.94,15.06,36,2026-06-15,1078.03,673,0.25,Current,0
LN704521,CUST110912,Personal,1973.62,15.77,24,2024-06-11,96.42,646,0.5,Default,95
LN704522,CUST103414,BNPL,916.32,16,12,2024-03-14,83.14,696,0.18,Paid Off,0
LN704523,CUST106316,Personal,34741.64,14.43,24,2024-07-29,1675.11,619,0.39,Current,0
LN704524,CUST110495,Debt Consolidation,32777.5,15.08,24,2023-12-29,1590.52,711,0.45,Current,0
LN704525,CUST101891,Personal,24887.47,14.89,12,2026-06-10,2245.01,615,0.41,Current,0
LN704526,CUST104559,Debt Consolidation,28453.08,17.91,24,2022-03-13,1419.26,547,0.55,Current,0
LN704527,CUST101529,BNPL,1450.48,13.11,12,2025-10-08,129.63,679,0.28,Current,0
LN704528,CUST110231,Personal,32619.8,11.24,12,2021-03-31,2886.65,714,0.26,Current,0
LN704529,CUST106351,Personal,31205.42,10.98,36,2021-03-16,1021.33,734,0.43,Paid Off,0
LN704530,CUST108633,Personal,3944.32,7.39,12,2022-01-23,342,745,0.27,Late,83
LN704531,CUST106565,Debt Consolidation,21012.68,12.05,60,2022-04-02,467.95,613,0.57,Current,0
LN704532,CUST102813,Personal,6703.69,12.4,12,2023-12-14,596.87,643,0.61,Current,0
LN704533,CUST106847,Auto,22330.73,14.51,24,2024-06-16,1077.55,565,0.53,Default,99
LN704534,CUST100612,Debt Consolidation,19339.69,13.77,24,2023-04-05,926.45,635,0.28,Late,28
LN704535,CUST107898,Personal,2738.85,11.83,6,2023-10-15,472.35,716,0.12,Current,0
LN704536,CUST100461,BNPL,1156.78,11.81,60,2021-05-07,25.62,644,0.38,Current,0
LN704537,CUST108653,Personal,14226.09,12.06,6,2021-05-01,2455.11,588,0.27,Current,0
LN704538,CUST108469,Personal,2988.85,8.75,36,2022-08-06,94.7,717,0.46,Paid Off,0
LN704539,CUST109830,Auto,16973.82,3.9,12,2026-06-05,1444.54,850,0.17,Current,0
LN704540,CUST109840,Personal,1988.6,7.3,24,2024-11-05,89.31,756,0.35,Current,0
LN704541,CUST109838,Personal,15012.17,13.56,48,2025-04-25,406.92,605,0.28,Current,0
LN704542,CUST110697,Debt Consolidation,10705.87,10.8,6,2025-12-19,1840.94,546,0.53,Current,0
LN704543,CUST100639,BNPL,100.1,10.48,24,2021-01-05,4.64,807,0.27,Paid Off,0
LN704544,CUST107210,Auto,20020.69,15.01,48,2021-11-20,557.29,612,0.41,Default,253
LN704545,CUST107394,Personal,17056.2,13.36,12,2023-05-24,1526.3,575,0.42,Default,103
LN704546,CUST102757,Personal,4630.06,10.25,36,2023-03-01,149.94,653,0.39,Late,19
LN704547,CUST104130,BNPL,1122.98,10.81,12,2023-02-19,99.15,732,0.49,Paid Off,0
LN704548,CUST101980,BNPL,248.12,13.95,24,2023-07-07,11.91,616,0.31,Current,0
LN704549,CUST110456,Auto,9722.52,18.73,24,2023-02-25,488.82,516,0.53,Paid Off,0
LN704550,CUST101679,Personal,2954.82,10.94,6,2022-11-15,508.3,666,0.5,Paid Off,0
LN704551,CUST102967,Personal,34184.58,11.77,36,2024-05-12,1131.67,664,0.21,Current,0
LN704552,CUST102194,BNPL,1344.02,14.69,24,2023-07-20,64.97,649,0.67,Current,0
LN704553,CUST100998,Auto,14967.68,8.47,6,2021-04-07,2556.6,712,0.14,Current,0
LN704554,CUST106083,Personal,20865.24,11.22,60,2023-08-11,455.95,684,0.19,Current,0
LN704555,CUST103882,BNPL,999.22,14.39,6,2021-07-10,173.6,602,0.44,Paid Off,0
LN704556,CUST105820,Auto,27418.46,10.44,36,2025-06-03,890.39,700,0.58,Current,0
LN704557,CUST101589,Personal,14951.74,11.38,36,2021-12-05,492.2,629,0.55,Paid Off,0
LN704558,CUST101338,Auto,25738.3,10.76,36,2022-03-21,839.72,782,0.52,Current,0
LN704559,CUST102309,Debt Consolidation,30662.36,9.49,36,2024-08-04,982.06,663,0.51,Current,0
LN704560,CUST107027,BNPL,1008.45,10.64,36,2025-02-11,32.84,675,0.38,Current,0
LN704561,CUST104662,Auto,34986.3,14.55,12,2025-01-05,3150.38,576,0.36,Current,0
LN704562,CUST108003,Personal,23721.82,13.35,48,2022-05-17,640.53,709,0.23,Current,0
LN704563,CUST101510,Personal,29093.7,16.32,24,2025-02-28,1428.97,509,0.39,Current,0
LN704564,CUST109742,Auto,20386.32,19.45,24,2023-02-11,1032.11,489,0.4,Default,246
LN704565,CUST108980,Personal,14618.6,17.1,60,2025-11-16,364.1,501,0.44,Default,128
LN704566,CUST105752,Debt Consolidation,31410.99,17.86,60,2026-05-19,795.24,587,0.49,Current,0
LN704567,CUST108802,Personal,13705.45,15.4,12,2023-07-27,1239.62,658,0.26,Paid Off,0
LN704568,CUST104755,Personal,4031.22,12.33,24,2021-05-25,190.39,652,0.18,Paid Off,0
LN704569,CUST103662,Personal,16504.23,14.59,12,2024-03-29,1486.45,606,0.48,Paid Off,0
LN704570,CUST102236,BNPL,606.74,10.86,36,2025-07-26,19.82,753,0.36,Current,0
LN704571,CUST102796,Auto,34637.65,15.89,36,2026-04-07,1215.88,616,0.39,Current,0
LN704572,CUST106156,Debt Consolidation,33814.23,16.69,24,2021-12-03,1666.82,568,0.49,Paid Off,0
LN704573,CUST103188,Personal,18821.53,16.09,24,2022-11-13,922.37,604,0.37,Current,0
LN704574,CUST100167,Personal,28551.55,10.36,36,2024-06-10,926.11,683,0.33,Current,0
LN704575,CUST109937,Personal,19834.72,8.96,12,2022-01-01,1734.21,718,0.47,Paid Off,0
LN704576,CUST106703,Personal,8527.28,16.81,60,2024-11-21,211.05,578,0.54,Current,0
LN704577,CUST103378,Personal,22681.69,7.63,12,2021-11-10,1969.17,727,0.45,Paid Off,0
LN704578,CUST104154,BNPL,648.77,17.84,12,2021-10-29,59.43,616,0.31,Current,0
LN704579,CUST104075,Auto,30755.53,15,60,2022-07-14,731.67,636,0.54,Default,136
LN704580,CUST103496,Personal,29834.42,18.53,24,2023-05-20,1497.11,499,0.42,Paid Off,0
LN704581,CUST102140,Personal,10991.79,14.98,36,2026-01-10,380.93,558,0.5,Current,0
LN704582,CUST100851,Personal,11836.99,16.1,24,2024-06-05,580.14,568,0.51,Late,74
LN704583,CUST103572,Personal,4290.74,13.19,36,2025-02-19,144.96,639,0.35,Current,0
LN704584,CUST107946,Personal,29067.63,13.57,24,2024-08-20,1389.72,632,0.44,Current,0
LN704585,CUST102178,Auto,12010.66,14.94,12,2025-08-20,1083.72,540,0.45,Current,0
LN704586,CUST107945,Personal,6831.38,11.69,24,2025-03-21,320.59,667,0.47,Late,43
LN704587,CUST106050,Personal,3954.17,14.11,48,2024-07-25,108.27,602,0.4,Current,0
LN704588,CUST103237,Debt Consolidation,6155.07,15.11,48,2024-02-20,171.64,571,0.25,Current,0
LN704589,CUST102598,Auto,27506.93,12.79,6,2024-04-28,4757.02,628,0.42,Current,0
LN704590,CUST105410,Debt Consolidation,1945.16,12.87,36,2021-06-07,65.42,688,0.5,Late,32
LN704591,CUST103135,BNPL,998.59,6.95,6,2022-02-08,169.82,821,0.22,Current,0
LN704592,CUST102275,Personal,18282.73,13,36,2023-04-01,616.02,540,0.5,Paid Off,0
LN704593,CUST107489,Auto,12142.69,14.21,24,2024-10-16,584.21,525,0.43,Default,262
LN704594,CUST103490,Auto,7090.14,16.62,24,2021-11-17,349.26,595,0.51,Current,0
LN704595,CUST110536,Auto,17233.93,15.32,36,2024-12-07,600.12,561,0.44,Current,0
LN704596,CUST102609,Auto,28578.49,13.91,48,2025-02-16,779.66,683,0.3,Current,0
LN704597,CUST105946,Personal,17717.84,6.68,24,2023-05-23,790.71,772,0.21,Current,0
LN704598,CUST108920,Personal,16157.89,13.57,36,2023-02-13,548.87,714,0.29,Paid Off,0
LN704599,CUST110597,Personal,25954.74,14.19,24,2024-01-09,1248.49,676,0.27,Current,0
LN704600,CUST109875,Personal,20148.21,12.13,36,2023-09-08,670.46,720,0.17,Current,0
LN704601,CUST108875,Personal,25825.02,14.36,24,2026-06-16,1244.33,588,0.43,Current,0
LN704602,CUST103130,Auto,6511.22,8.79,36,2023-06-28,206.42,658,0.4,Paid Off,0
LN704603,CUST103013,BNPL,163.02,10.6,12,2022-02-16,14.38,674,0.06,Current,0
LN704604,CUST107713,BNPL,532.65,10.58,60,2022-02-19,11.47,754,0.27,Current,0
LN704605,CUST102491,Personal,32021,18.62,36,2025-03-18,1167.62,597,0.35,Current,0
LN704606,CUST102070,Personal,21237.34,14.14,12,2021-04-06,1908.24,616,0.54,Paid Off,0
LN704607,CUST103754,Auto,7830.23,11.9,12,2023-09-01,695.34,628,0.36,Default,120
LN704608,CUST108122,Debt Consolidation,3475.8,16.34,36,2023-03-07,122.78,562,0.54,Current,0
LN704609,CUST105755,BNPL,1246.27,8.3,24,2024-05-28,56.54,718,0.1,Current,0
LN704610,CUST104605,Auto,6518.48,14.67,24,2025-12-14,315.04,567,0.4,Current,0
LN704611,CUST110602,Debt Consolidation,26266.95,10.84,24,2025-07-22,1222.3,639,0.2,Current,0
LN704612,CUST109525,Debt Consolidation,18035.14,10.69,24,2025-08-12,837.99,604,0.27,Default,186
LN704613,CUST107038,Personal,29420.08,12.16,6,2022-12-07,5078.71,729,0.36,Current,0
LN704614,CUST104274,Personal,3498.04,15.48,6,2024-01-19,609.61,638,0.6,Late,82
LN704615,CUST109800,Personal,12029.06,13.1,36,2023-06-25,405.89,601,0.48,Current,0
LN704616,CUST104785,BNPL,864.2,15.84,36,2024-05-04,30.31,572,0.47,Current,0
LN704617,CUST100197,Auto,23387.95,12.65,12,2022-05-30,2085.11,652,0.36,Current,0
LN704618,CUST103231,Personal,13055.46,11.19,36,2025-11-11,428.59,637,0.32,Current,0
LN704619,CUST107581,Debt Consolidation,30694.35,9.36,48,2023-10-30,769.09,754,0.28,Current,0
LN704620,CUST107516,Personal,25842.74,15.42,12,2024-01-24,2337.65,596,0.45,Paid Off,0
LN704621,CUST108223,BNPL,1143.6,11.76,36,2025-11-01,37.85,671,0.55,Current,0
LN704622,CUST101557,Auto,13934.04,15.17,24,2023-02-15,676.74,597,0.41,Current,0
LN704623,CUST101089,Personal,28355.87,14.3,24,2023-10-13,1365.47,678,0.31,Paid Off,0
LN704624,CUST104109,BNPL,308.99,11.64,60,2026-03-20,6.82,639,0.44,Current,0
LN704625,CUST101354,Auto,23503.77,10.48,6,2025-08-30,4037.9,633,0.53,Current,0
LN704626,CUST100925,Personal,14712.53,17.02,36,2024-09-03,524.69,592,0.55,Current,0
LN704627,CUST101856,Auto,3620.46,9.32,12,2025-08-15,317.15,700,0.56,Current,0
LN704628,CUST106885,Personal,31731.83,7.44,36,2022-12-07,986.18,673,0.33,Current,0
LN704629,CUST102343,Personal,10114.59,15.21,36,2021-08-22,351.67,575,0.49,Paid Off,0
LN704630,CUST108418,Debt Consolidation,18074.79,14.37,12,2021-07-31,1626.03,621,0.54,Paid Off,0
LN704631,CUST101031,Debt Consolidation,28463.36,9.25,12,2024-08-23,2492.46,624,0.49,Current,0
LN704632,CUST102950,Auto,5632.26,13.44,24,2022-04-17,268.93,611,0.48,Paid Off,0
LN704633,CUST106732,Personal,7409.1,14.61,48,2025-07-03,204.74,616,0.55,Current,0
LN704634,CUST107783,Auto,31820.99,14.72,12,2021-10-24,2867.91,517,0.68,Default,184
LN704635,CUST101882,BNPL,1464.88,13.05,24,2022-05-27,69.68,659,0.43,Late,78
LN704636,CUST109603,Personal,2018.85,13.52,6,2025-01-04,349.87,585,0.53,Paid Off,0
LN704637,CUST110815,Personal,7132.65,14.49,12,2023-08-31,642.07,604,0.41,Paid Off,0
LN704638,CUST102417,Auto,34244.7,16.4,24,2024-12-24,1683.28,621,0.33,Current,0
LN704639,CUST110680,Personal,20912.07,11.34,6,2021-12-29,3601.53,687,0.34,Late,53
LN704640,CUST101428,Auto,6575.86,11.31,36,2022-03-30,216.25,594,0.51,Current,0
LN704641,CUST100757,Debt Consolidation,12075.7,11.17,24,2026-05-10,563.78,674,0.59,Late,31
LN704642,CUST101721,Personal,11210.78,10.12,6,2021-07-21,1924,649,0.45,Paid Off,0
LN704643,CUST109096,Debt Consolidation,14172.3,14.02,24,2022-01-04,680.59,659,0.33,Paid Off,0
LN704644,CUST102331,Personal,8644.64,6.95,36,2023-01-28,266.72,827,0.36,Paid Off,0
LN704645,CUST106786,Personal,14539.45,10.29,24,2023-01-07,672.87,664,0.54,Current,0
LN704646,CUST105771,Auto,33215.29,11.99,36,2023-05-11,1103.06,638,0.43,Paid Off,0
LN704647,CUST103188,Debt Consolidation,23104.52,12.41,24,2025-07-04,1092.04,604,0.45,Current,0
LN704648,CUST107693,Debt Consolidation,11246.15,13.48,48,2023-09-15,304.39,553,0.64,Current,0
LN704649,CUST104067,Auto,31414.12,12.51,48,2024-08-09,835.14,608,0.28,Current,0
LN704650,CUST104747,Personal,17149.83,13.1,12,2021-07-14,1532.58,627,0.48,Current,0
LN704651,CUST105638,Personal,26739.55,11.29,36,2025-06-09,879.1,708,0.32,Current,0
LN704652,CUST106676,Personal,8200.8,7.57,24,2021-05-20,369.29,693,0.36,Late,26
LN704653,CUST100581,Auto,9973.79,14.41,48,2024-08-11,274.6,562,0.59,Current,0
LN704654,CUST109614,Debt Consolidation,1509.76,11.11,24,2025-03-29,70.44,610,0.27,Current,0
LN704655,CUST101698,Personal,28085.52,12.29,36,2022-09-17,936.74,657,0.4,Paid Off,0
LN704656,CUST100621,Personal,25185.26,7.24,24,2021-01-16,1130.35,790,0.44,Current,0
LN704657,CUST104265,BNPL,1163.62,14.77,12,2023-09-27,104.9,555,0.55,Current,0
LN704658,CUST105508,Debt Consolidation,3156.58,15.38,24,2021-05-18,153.62,656,0.53,Current,0
LN704659,CUST105331,BNPL,1129.34,15.25,36,2024-06-13,39.29,567,0.32,Current,0
LN704660,CUST104044,Personal,17224.27,15.43,36,2022-02-15,600.72,619,0.41,Paid Off,0
LN704661,CUST104972,Debt Consolidation,27677.62,13.57,48,2024-02-08,750.38,662,0.46,Current,0
LN704662,CUST103674,Personal,4089.32,14.67,24,2024-08-15,197.64,542,0.61,Current,0
LN704663,CUST104073,Personal,28133.52,6.4,12,2024-07-27,2426.53,798,0.41,Paid Off,0
LN704664,CUST103298,Debt Consolidation,14143.62,13.88,36,2024-06-09,482.57,613,0.17,Current,0
LN704665,CUST102121,Debt Consolidation,21993.87,8.46,36,2026-05-18,693.88,732,0.44,Current,0
LN704666,CUST108822,Personal,21438.51,10.3,24,2024-03-29,992.25,762,0.19,Current,0
LN704667,CUST104022,Personal,29690.97,16.09,12,2025-08-12,2695.15,668,0.34,Current,0
LN704668,CUST107935,BNPL,1433.16,13.29,36,2026-06-18,48.49,553,0.61,Current,0
LN704669,CUST100886,Auto,21885.85,11.78,36,2023-11-11,724.63,641,0.5,Current,0
LN704670,CUST106427,Personal,22914.6,17.12,24,2023-02-10,1134.27,510,0.28,Current,0
LN704671,CUST102704,Personal,6230.76,12.75,36,2023-09-17,209.19,618,0.59,Current,0
LN704672,CUST105698,Auto,11735.51,7.53,36,2023-05-03,365.21,734,0.37,Current,0
LN704673,CUST108857,Auto,18238.72,10.74,36,2025-08-23,594.87,681,0.25,Current,0
LN704674,CUST110314,Personal,21156.86,11.83,24,2022-10-11,994.25,631,0.36,Late,79
LN704675,CUST109409,Personal,33045.6,12.51,12,2022-03-23,2943.95,619,0.34,Current,0
LN704676,CUST108351,Auto,21566.77,12.61,36,2024-10-21,722.63,718,0.36,Current,0
LN704677,CUST105295,Auto,28685.16,14.92,12,2025-10-04,2587.99,638,0.3,Current,0
LN704678,CUST109282,Auto,26167.69,13.66,48,2023-05-21,710.62,625,0.54,Current,0
LN704679,CUST109839,BNPL,1026.65,12.47,24,2021-01-23,48.55,640,0.49,Current,0
LN704680,CUST102779,Auto,34201.9,13.2,48,2026-01-05,920.95,570,0.44,Current,0
LN704681,CUST110795,Personal,30840.98,11.29,36,2026-01-02,1013.93,628,0.17,Current,0
LN704682,CUST107400,BNPL,1112.4,15.69,48,2025-05-14,31.35,554,0.55,Current,0
LN704683,CUST110777,BNPL,1139.74,11.6,24,2023-01-04,53.44,543,0.4,Late,48
LN704684,CUST107503,Debt Consolidation,10732.22,10.03,36,2021-07-12,346.45,675,0.28,Late,84
LN704685,CUST101693,Personal,12976.5,11.4,36,2021-05-03,427.3,687,0.17,Current,0
LN704686,CUST103275,Debt Consolidation,26738.17,12.78,36,2024-05-11,898.08,593,0.42,Default,192
LN704687,CUST102153,Debt Consolidation,13955.27,16.18,60,2021-04-21,340.7,602,0.37,Current,0
LN704688,CUST109166,Personal,19237.65,13.13,12,2021-05-20,1719.43,663,0.31,Paid Off,0
LN704689,CUST104867,BNPL,149.85,14.25,12,2022-07-29,13.47,613,0.32,Current,0
LN704690,CUST104323,Personal,4239.43,8.88,12,2025-11-28,370.51,789,0.41,Current,0
LN704691,CUST109624,Auto,28425.11,12.69,24,2022-09-16,1347.25,679,0.49,Current,0
LN704692,CUST110532,Personal,9685.44,10.74,24,2022-03-04,450.25,651,0.43,Paid Off,0
LN704693,CUST110222,Personal,9966.35,11.83,36,2024-11-22,330.22,589,0.66,Current,0
LN704694,CUST100422,Auto,30175.35,12.53,60,2025-02-18,679.34,605,0.51,Late,29
LN704695,CUST106351,Debt Consolidation,34631.2,8.71,12,2023-01-01,3023.89,734,0.29,Paid Off,0
LN704696,CUST109127,Debt Consolidation,3549.73,9.74,48,2023-05-14,89.59,766,0.13,Current,0
LN704697,CUST105270,BNPL,162.28,10.44,12,2025-06-20,14.3,714,0.49,Paid Off,0
LN704698,CUST109513,Personal,24880.58,13.61,36,2022-07-19,845.65,598,0.49,Paid Off,0
LN704699,CUST101981,BNPL,365.2,9.18,36,2023-10-30,11.64,703,0.59,Late,39
LN704700,CUST104276,BNPL,1450.09,12.78,48,2024-08-18,38.74,538,0.42,Late,28
LN704701,CUST100515,Personal,29958.19,12.2,6,2023-05-27,5172.2,677,0.35,Paid Off,0
LN704702,CUST108999,Debt Consolidation,34473.27,16.48,36,2022-09-24,1220.16,632,0.56,Default,207
LN704703,CUST100819,Personal,18291.09,9.62,12,2025-02-02,1604.85,718,0.54,Current,0
LN704704,CUST104300,Debt Consolidation,14685.7,16.89,36,2022-01-22,522.78,566,0.26,Paid Off,0
LN704705,CUST108518,Personal,3663.32,16.77,24,2021-10-08,180.72,515,0.32,Paid Off,0
LN704706,CUST110506,Personal,6518.14,17.39,6,2021-03-30,1142.12,654,0.26,Current,0
LN704707,CUST102665,Debt Consolidation,29270.39,9.79,24,2023-06-20,1347.84,684,0.25,Paid Off,0
LN704708,CUST108982,Personal,23511.8,8.98,24,2023-02-02,1073.91,756,0.29,Current,0
LN704709,CUST109682,Debt Consolidation,14734.02,15.1,6,2023-05-13,2564.95,554,0.44,Paid Off,0
LN704710,CUST100892,BNPL,1307.31,13.96,60,2022-01-28,30.39,623,0.34,Current,0
LN704711,CUST107517,Personal,12680.9,13.97,36,2022-07-11,433.22,601,0.25,Current,0
LN704712,CUST102391,BNPL,778.29,6.4,36,2023-11-30,23.82,711,0.49,Current,0
LN704713,CUST106369,Debt Consolidation,10967.46,11.19,24,2022-08-10,512.14,694,0.31,Current,0
LN704714,CUST100819,BNPL,267.36,10.36,24,2022-03-16,12.38,718,0.48,Late,69
LN704715,CUST107770,Auto,6020.07,15.06,12,2026-03-30,543.53,617,0.43,Late,61
LN704716,CUST102313,Personal,34947.43,10.68,24,2026-02-02,1623.64,705,0.46,Current,0
LN704717,CUST101046,Debt Consolidation,29679.36,10.92,12,2022-06-22,2622,698,0.43,Paid Off,0
LN704718,CUST108090,Debt Consolidation,3445.25,14.68,48,2021-03-05,95.33,713,0.51,Current,0
LN704719,CUST101025,Personal,3829.26,14.75,48,2024-07-07,106.09,476,0.74,Default,183
LN704720,CUST105350,BNPL,971.18,10.35,12,2023-06-26,85.54,617,0.54,Late,56
LN704721,CUST100319,Auto,34614.12,14.13,24,2024-03-24,1664.05,646,0.28,Current,0
LN704722,CUST107031,Personal,34119.41,13.36,6,2021-08-29,5910.2,541,0.67,Paid Off,0
LN704723,CUST101823,BNPL,591.26,16.19,12,2025-10-06,53.7,666,0.22,Current,0
LN704724,CUST103601,Personal,27885.9,11.24,12,2021-06-14,2467.72,688,0.47,Paid Off,0
LN704725,CUST105057,BNPL,707.01,13.54,36,2023-06-13,24.01,691,0.41,Paid Off,0
LN704726,CUST107053,Auto,29187.86,9.88,24,2025-12-18,1345.26,670,0.13,Current,0
LN704727,CUST101722,Personal,10999.76,12.66,36,2021-02-28,368.83,691,0.42,Current,0
LN704728,CUST100121,BNPL,1236.13,12.73,36,2021-02-22,41.49,602,0.55,Current,0
LN704729,CUST105577,Auto,3908.52,17.2,24,2022-10-29,193.62,539,0.64,Paid Off,0
LN704730,CUST110167,Personal,27663.84,16.18,24,2023-12-31,1356.89,652,0.47,Current,0
LN704731,CUST106698,BNPL,1496.15,12.23,24,2026-01-05,70.59,622,0.42,Current,0
LN704732,CUST100737,Debt Consolidation,7293.77,9.22,48,2023-11-05,182.27,639,0.47,Current,0
LN704733,CUST103010,Personal,20313.32,10.53,48,2022-04-21,520.38,680,0.55,Paid Off,0
LN704734,CUST104909,Personal,10029.54,14.65,36,2025-07-11,345.96,610,0.5,Current,0
LN704735,CUST110067,Personal,28573.08,14.32,24,2022-10-25,1376.2,650,0.57,Current,0
LN704736,CUST108177,Debt Consolidation,24681.87,20.73,6,2026-03-31,4365.92,530,0.4,Current,0
LN704737,CUST103011,Personal,3749.53,9.33,6,2024-11-03,642.04,713,0.35,Late,19
LN704738,CUST102632,Auto,16773.6,14.65,24,2026-03-21,810.51,593,0.52,Current,0
LN704739,CUST106053,Personal,16098.34,9.77,6,2022-10-07,2760.03,716,0.31,Current,0
LN704740,CUST105845,Personal,24773.22,10.97,24,2023-02-21,1154.28,603,0.59,Late,38
LN704741,CUST107301,BNPL,625.23,14.38,36,2021-11-07,21.48,640,0.38,Paid Off,0
LN704742,CUST110820,Debt Consolidation,12827.52,19.55,24,2023-04-09,650.05,548,0.67,Paid Off,0
LN704743,CUST101824,Personal,9406.6,10.15,36,2021-06-12,304.19,641,0.25,Current,0
LN704744,CUST107060,Personal,8713.75,9.44,12,2023-05-10,763.81,736,0.47,Late,35
LN704745,CUST104317,Debt Consolidation,24968.86,12.27,36,2025-03-14,832.55,675,0.59,Current,0
LN704746,CUST100314,Personal,13054.47,14.75,12,2026-03-02,1176.73,624,0.41,Current,0
LN704747,CUST107213,Personal,18681.7,13.59,6,2021-03-18,3238.19,621,0.47,Paid Off,0
LN704748,CUST102803,Auto,24367.9,14.76,24,2024-05-28,1178.74,587,0.36,Late,86
LN704749,CUST101551,Auto,4632.41,10.33,12,2025-03-15,407.97,605,0.49,Paid Off,0
LN704750,CUST107516,BNPL,694.46,17.43,24,2024-07-22,34.48,596,0.59,Current,0
LN704751,CUST103762,BNPL,204.66,13.09,36,2024-07-10,6.9,668,0.49,Current,0
LN704752,CUST108773,Personal,24916.66,7.47,36,2026-04-09,774.72,726,0.32,Current,0
LN704753,CUST109550,Debt Consolidation,31474.25,13.96,6,2024-08-02,5461.35,600,0.39,Paid Off,0
LN704754,CUST110491,Personal,12817.04,13.01,36,2023-02-11,431.92,642,0.25,Paid Off,0
LN704755,CUST106653,BNPL,1053.29,13.22,36,2025-07-29,35.6,675,0.37,Current,0
LN704756,CUST101969,Personal,17870.16,12.84,24,2025-05-10,848.24,655,0.64,Default,224
LN704757,CUST106117,BNPL,332.17,12.16,48,2025-09-26,8.77,629,0.44,Current,0
LN704758,CUST102603,BNPL,1302.99,9.81,12,2025-10-06,114.44,660,0.37,Late,29
LN704759,CUST110978,BNPL,776.93,11.82,60,2024-06-27,17.21,605,0.25,Current,0
LN704760,CUST110617,Auto,20897.18,9.56,12,2022-03-24,1832.92,680,0.25,Paid Off,0
LN704761,CUST100282,BNPL,368.3,15.22,48,2021-02-05,10.29,608,0.41,Paid Off,0
LN704762,CUST108787,Auto,2845.5,13.81,36,2021-04-27,96.99,558,0.51,Current,0
LN704763,CUST110396,Personal,3698.88,11.86,36,2024-08-07,122.61,678,0.51,Late,36
LN704764,CUST104453,Personal,3046.22,13.12,24,2025-02-07,144.99,658,0.36,Late,61
LN704765,CUST107221,BNPL,567.29,10.97,6,2021-07-12,97.6,633,0.5,Current,0
LN704766,CUST105236,Personal,29113.95,7.1,24,2023-03-31,1304.83,781,0.18,Paid Off,0
LN704767,CUST107930,Personal,16702.2,11.58,36,2021-02-04,551.41,620,0.63,Paid Off,0
LN704768,CUST103549,BNPL,1033.75,15.73,24,2023-05-18,50.48,538,0.57,Paid Off,0
LN704769,CUST107547,Personal,33037.17,13.13,24,2023-06-21,1572.67,654,0.32,Paid Off,0
LN704770,CUST101094,Personal,5106.42,8.65,12,2025-02-22,445.74,731,0.24,Current,0
LN704771,CUST105060,Debt Consolidation,21254.21,10.63,24,2023-07-18,986.97,688,0.25,Paid Off,0
LN704772,CUST102701,Auto,33368.85,15.96,6,2025-12-22,5823.21,501,0.5,Paid Off,0
LN704773,CUST106223,Debt Consolidation,2293.78,16.5,60,2024-07-09,56.39,534,0.66,Default,244
LN704774,CUST108883,Personal,13890.17,14.26,12,2024-03-19,1248.86,532,0.21,Current,0
LN704775,CUST106244,Personal,11542.7,13.03,36,2022-08-04,389.09,627,0.55,Paid Off,0
LN704776,CUST102779,BNPL,1406.45,15,60,2022-07-05,33.46,570,0.43,Current,0
LN704777,CUST103799,Auto,18644.94,15.5,6,2023-03-24,3249.48,592,0.46,Paid Off,0
LN704778,CUST107749,Debt Consolidation,25641.34,14.02,6,2021-09-16,4450,620,0.32,Paid Off,0
LN704779,CUST101770,Auto,20694.81,11.12,36,2023-09-21,678.7,681,0.41,Current,0
LN704780,CUST103665,Debt Consolidation,11799.59,13.22,6,2024-10-20,2043.12,592,0.37,Current,0
LN704781,CUST105112,Debt Consolidation,28989.52,14.05,24,2022-11-21,1392.56,675,0.54,Paid Off,0
LN704782,CUST107164,Personal,19372.76,14.19,12,2022-07-09,1741.16,695,0.42,Current,0
LN704783,CUST105907,Personal,26889.5,8.37,6,2025-12-16,4591.62,729,0.23,Current,0
LN704784,CUST105621,Debt Consolidation,27660.65,12.09,12,2026-01-23,2458.78,643,0.35,Late,84
LN704785,CUST104452,Personal,8540.84,7.99,24,2022-09-01,386.24,655,0.48,Late,43
LN704786,CUST107104,Personal,14243.15,11.89,36,2021-03-17,472.33,702,0.35,Paid Off,0
LN704787,CUST105695,BNPL,737.61,13.12,24,2022-09-13,35.11,637,0.42,Paid Off,0
LN704788,CUST101109,BNPL,1300.72,9.62,6,2023-12-23,222.91,681,0.49,Current,0
LN704789,CUST110344,BNPL,574.71,13.63,12,2023-12-30,51.5,579,0.39,Paid Off,0
LN704790,CUST100453,Personal,30818.05,16.92,24,2021-08-06,1522.53,600,0.48,Current,0
LN704791,CUST105725,Personal,11236.55,11.63,36,2024-04-27,371.23,670,0.49,Current,0
LN704792,CUST102354,Personal,5042.8,15.27,36,2025-09-02,175.48,631,0.35,Current,0
LN704793,CUST101686,BNPL,851.24,18.91,12,2025-11-08,78.41,540,0.61,Current,0
LN704794,CUST110802,Auto,32656.8,16.12,48,2023-02-15,927.51,645,0.36,Current,0
LN704795,CUST107648,BNPL,1008.19,13.35,36,2022-10-31,34.14,605,0.3,Current,0
LN704796,CUST102660,Personal,21311.7,10.37,24,2021-10-05,987.07,721,0.47,Paid Off,0
LN704797,CUST101697,Personal,18986.3,11.03,6,2022-05-17,3266.96,627,0.32,Paid Off,0
LN704798,CUST101917,Auto,34691.72,13.47,24,2021-08-08,1656.98,658,0.25,Paid Off,0
LN704799,CUST104517,Personal,1606.27,16.51,6,2024-02-29,280.75,575,0.44,Paid Off,0
LN704800,CUST102072,Personal,16378.66,11.01,12,2021-06-02,1447.65,713,0.28,Current,0
LN704801,CUST106004,Personal,15157.69,18.11,36,2023-04-20,548.82,505,0.43,Late,21
LN704802,CUST104456,Debt Consolidation,23690.89,10.62,12,2023-04-12,2089.64,753,0.33,Paid Off,0
LN704803,CUST109412,Personal,29034.6,9.87,12,2021-05-18,2550.85,726,0.2,Paid Off,0
LN704804,CUST102142,Auto,2232.42,16.86,24,2023-01-08,110.23,492,0.54,Default,192
LN704805,CUST109838,Auto,27539.84,16.35,12,2022-04-12,2503.28,605,0.33,Paid Off,0
LN704806,CUST104563,Personal,34015.8,11.28,24,2025-02-26,1589.83,677,0.38,Current,0
LN704807,CUST105666,Personal,7073.51,13.99,48,2024-04-21,193.26,706,0.22,Late,38
LN704808,CUST102844,BNPL,275.93,13.32,24,2025-05-17,13.16,689,0.51,Current,0
LN704809,CUST104827,Personal,8599.8,16.23,60,2025-08-29,210.18,591,0.54,Current,0
LN704810,CUST104533,Auto,23589.86,17.59,12,2023-07-09,2158.12,500,0.54,Current,0
LN704811,CUST108636,Personal,8029.21,13.3,12,2021-04-20,718.28,606,0.51,Paid Off,0
LN704812,CUST106700,Auto,4813.8,12.2,24,2025-10-01,227.05,688,0.57,Current,0
LN704813,CUST110967,Debt Consolidation,17103.45,12.56,12,2021-04-24,1524.11,633,0.63,Current,0
LN704814,CUST101712,BNPL,1497.54,11.94,24,2023-06-22,70.45,663,0.39,Paid Off,0
LN704815,CUST110698,Personal,12262.84,11,36,2021-05-11,401.47,560,0.38,Current,0
LN704816,CUST106720,Auto,32290.71,17.82,6,2024-09-20,5664.94,595,0.35,Default,114
LN704817,CUST110575,Auto,30323.44,13.29,24,2023-07-07,1445.77,664,0.45,Paid Off,0
LN704818,CUST102275,BNPL,647.23,16.01,6,2023-07-17,112.96,540,0.7,Default,143
LN704819,CUST104489,Debt Consolidation,14304.97,16.34,36,2021-11-24,505.32,549,0.26,Current,0
LN704820,CUST103319,Personal,18954.69,12.41,12,2023-02-21,1687.74,627,0.43,Late,38
LN704821,CUST106114,Personal,26705.17,12.67,48,2022-12-23,712.07,557,0.51,Current,0
LN704822,CUST103640,Auto,6504.82,13.59,36,2024-05-31,221.03,666,0.26,Current,0
LN704823,CUST100756,BNPL,207.69,14.77,12,2022-05-28,18.72,637,0.27,Current,0
LN704824,CUST107871,Personal,30073.57,18.11,24,2022-03-13,1502.99,594,0.62,Current,0
LN704825,CUST101174,Debt Consolidation,24850.56,16.56,48,2026-03-15,711.42,527,0.54,Default,213
LN704826,CUST105240,Personal,13913.02,13.15,6,2024-02-19,2408.58,635,0.36,Current,0
LN704827,CUST106677,BNPL,255.79,17.17,12,2023-12-15,23.35,587,0.22,Late,68
LN704828,CUST102905,Personal,14456.42,16.31,24,2023-11-10,709.97,609,0.39,Paid Off,0
LN704829,CUST110378,Personal,32386.24,15.4,36,2025-03-23,1129.03,635,0.34,Late,74
LN704830,CUST108066,Personal,25530.41,11.78,24,2023-11-24,1199.18,635,0.4,Paid Off,0
LN704831,CUST108278,Auto,25553.99,17.64,36,2024-09-22,919.23,615,0.43,Current,0
LN704832,CUST108646,Personal,16704.04,16.19,24,2022-04-16,819.4,626,0.36,Current,0
LN704833,CUST104615,Debt Consolidation,33079.11,13.67,60,2021-12-17,764.05,609,0.37,Current,0
LN704834,CUST109715,Personal,18042.43,10.57,12,2025-05-04,1591,691,0.47,Late,30
LN704835,CUST110228,BNPL,822.33,16.28,24,2023-12-15,40.37,607,0.21,Current,0
LN704836,CUST106921,Personal,16520.31,18.23,36,2022-10-15,599.16,570,0.5,Default,178
LN704837,CUST105201,Personal,4650.25,13.23,36,2024-10-13,157.2,690,0.47,Current,0
LN704838,CUST110284,Auto,24193.07,16.53,48,2026-02-07,692.22,550,0.69,Default,127
LN704839,CUST104268,Auto,31826.97,14.34,36,2023-01-31,1093.03,517,0.45,Current,0
LN704840,CUST109533,Personal,1931.04,10.09,36,2023-04-14,62.39,692,0.22,Paid Off,0
LN704841,CUST107510,BNPL,929.79,15.75,36,2021-07-11,32.57,614,0.5,Current,0
LN704842,CUST110023,BNPL,459.78,10.32,36,2021-07-04,14.9,640,0.46,Late,25
LN704843,CUST108911,Personal,29539.51,10.76,36,2026-06-14,963.73,611,0.3,Current,0
LN704844,CUST105748,Personal,30989.85,11.13,24,2021-02-07,1446.24,729,0.27,Current,0
LN704845,CUST105241,Personal,12055.3,9.68,36,2026-02-10,387.18,699,0.44,Current,0
LN704846,CUST108955,BNPL,600.28,18.35,24,2023-06-29,30.07,612,0.3,Paid Off,0
LN704847,CUST106511,BNPL,267.8,11.14,36,2022-09-02,8.79,602,0.56,Paid Off,0
LN704848,CUST107556,Personal,5654.41,10.12,48,2021-05-26,143.74,702,0.1,Late,26
LN704849,CUST107185,Personal,19550.89,15.54,24,2023-01-31,952.98,659,0.27,Paid Off,0
LN704850,CUST100840,Personal,32191.59,11.35,12,2023-08-06,2850.4,687,0.37,Paid Off,0
LN704851,CUST105869,Personal,4927.95,9.29,36,2026-06-08,157.37,734,0.32,Late,88
LN704852,CUST106161,Personal,8125.63,7.83,36,2023-09-04,253.99,713,0.41,Current,0
LN704853,CUST101234,Personal,1546.58,12.2,36,2022-05-06,51.52,600,0.31,Default,110
LN704854,CUST105469,Auto,14756.45,10.55,36,2022-03-02,479.97,750,0.45,Late,84
LN704855,CUST110532,Personal,8346.15,13.95,36,2022-08-04,285.05,651,0.22,Late,68
LN704856,CUST105840,Auto,30887.37,9.4,12,2021-12-26,2706.88,708,0.38,Paid Off,0
LN704857,CUST107915,Personal,21324.67,14.2,12,2023-10-15,1916.69,615,0.49,Current,0
LN704858,CUST100001,Debt Consolidation,21567.02,13.64,6,2023-06-24,3738.85,715,0.56,Paid Off,0
LN704859,CUST104246,Debt Consolidation,4553.66,14.5,24,2026-04-22,219.71,574,0.46,Late,16
LN704860,CUST108932,Personal,27029.63,12.66,36,2023-12-23,906.31,603,0.46,Current,0
LN704861,CUST104484,Personal,12254.52,17.45,24,2024-02-28,608.54,601,0.38,Current,0
LN704862,CUST106133,Personal,26329.66,15.83,36,2024-06-26,923.46,566,0.56,Current,0
LN704863,CUST104952,Personal,1997.63,12.21,60,2025-12-31,44.65,638,0.4,Current,0
LN704864,CUST106172,Auto,19729.98,14.49,36,2024-06-07,679.03,680,0.49,Current,0
LN704865,CUST106379,Personal,18899.79,19.86,24,2021-02-25,960.63,520,0.51,Current,0
LN704866,CUST108319,Personal,32876,12.86,48,2024-06-09,879.7,629,0.55,Current,0
LN704867,CUST100495,BNPL,166.84,15.43,36,2022-12-28,5.82,583,0.58,Late,24
LN704868,CUST100154,BNPL,1075.15,9.84,48,2022-01-10,27.19,662,0.37,Current,0
LN704869,CUST102306,Debt Consolidation,27174.23,16.78,24,2024-01-20,1340.68,577,0.46,Default,149
LN704870,CUST104324,BNPL,1127.18,12.21,60,2021-02-20,25.19,629,0.44,Paid Off,0
LN704871,CUST104793,Personal,33964.58,5.87,24,2021-03-07,1503.34,756,0.39,Late,44
LN704872,CUST105768,Personal,11559.79,7.7,12,2024-05-05,1003.97,688,0.36,Paid Off,0
LN704873,CUST108727,Personal,14431.14,14.68,36,2024-07-31,498,668,0.54,Current,0
LN704874,CUST106635,BNPL,959.51,14.95,12,2021-10-30,86.58,581,0.41,Paid Off,0
LN704875,CUST106580,Debt Consolidation,33075.26,9.25,12,2025-06-11,2896.32,651,0.36,Paid Off,0
LN704876,CUST110369,BNPL,1410.87,11.23,60,2022-08-30,30.84,686,0.43,Current,0
LN704877,CUST105757,Personal,7884.04,14.09,24,2024-09-28,378.87,574,0.38,Current,0
LN704878,CUST106524,Debt Consolidation,9341.47,15.08,48,2024-08-21,260.36,621,0.51,Current,0
LN704879,CUST100357,Debt Consolidation,27999.09,14.26,60,2026-05-20,655.27,539,0.57,Current,0
LN704880,CUST109500,Personal,17777.75,17.56,12,2023-06-05,1626.14,599,0.65,Paid Off,0
LN704881,CUST102036,Personal,19285.94,16.51,48,2023-07-14,551.62,570,0.69,Default,135
LN704882,CUST105395,Personal,30793.57,14.48,36,2023-02-27,1059.64,615,0.3,Paid Off,0
LN704883,CUST106771,BNPL,914.21,13.22,12,2021-12-10,81.75,641,0.54,Late,67
LN704884,CUST109277,Personal,21278.64,13.32,60,2021-10-19,487.65,619,0.33,Current,0
LN704885,CUST101150,Personal,7248.17,17.01,6,2024-10-27,1268.66,654,0.63,Current,0
LN704886,CUST102624,Personal,23337.34,10.9,36,2025-04-27,762.93,688,0.3,Current,0
LN704887,CUST108534,Debt Consolidation,11540.23,15.05,36,2023-01-25,400.33,613,0.51,Default,212
LN704888,CUST108695,BNPL,1067.34,14.34,36,2023-06-05,36.66,588,0.3,Paid Off,0
LN704889,CUST108945,BNPL,1420.86,12.14,36,2023-07-18,47.29,657,0.05,Current,0
LN704890,CUST107494,Personal,4143.23,15.31,36,2021-08-02,144.26,715,0.31,Current,0
LN704891,CUST106216,Personal,25863.56,5.8,24,2021-05-27,1143.96,762,0.47,Current,0
LN704892,CUST103372,Debt Consolidation,9500.64,14.99,48,2022-06-03,264.36,585,0.53,Current,0
LN704893,CUST105466,BNPL,153.75,16.26,12,2022-12-12,13.97,496,0.54,Paid Off,0
LN704894,CUST109332,Personal,13403,11.97,60,2024-11-06,297.94,696,0.29,Current,0
LN704895,CUST102875,BNPL,614.98,16.38,24,2022-12-03,30.22,630,0.44,Current,0
LN704896,CUST102747,Personal,18120.59,13.65,24,2025-06-25,867.03,694,0.4,Current,0
LN704897,CUST110468,Auto,10291.44,9.62,36,2021-11-23,330.24,711,0.48,Paid Off,0
LN704898,CUST103443,Personal,3897.23,12.45,12,2026-03-20,347.09,691,0.37,Current,0
LN704899,CUST109523,Personal,10073.04,13.72,24,2025-08-01,482.3,643,0.5,Current,0
LN704900,CUST106068,Personal,20902.08,9.56,12,2021-08-23,1833.35,621,0.41,Paid Off,0
LN704901,CUST101668,Auto,23014.73,12.83,6,2025-06-18,3980.6,620,0.6,Default,230
LN704902,CUST102712,Auto,24204.49,11.2,36,2021-03-01,794.72,733,0.36,Paid Off,0
LN704903,CUST109930,BNPL,1078.77,12.24,24,2025-05-13,50.9,623,0.53,Current,0
LN704904,CUST108631,Personal,21099.02,7.54,48,2021-10-02,510.55,680,0.42,Paid Off,0
LN704905,CUST101524,Auto,20335.29,14.85,12,2024-11-09,1833.99,543,0.52,Paid Off,0
LN704906,CUST109763,Auto,27085.13,17.23,12,2021-02-09,2473.25,597,0.24,Paid Off,0
LN704907,CUST101242,BNPL,669.63,8.7,12,2022-02-12,58.47,800,0.31,Current,0
LN704908,CUST100314,Personal,30116.32,13.89,48,2024-03-12,821.31,624,0.44,Current,0
LN704909,CUST108155,Personal,9942.99,17.39,6,2021-12-09,1742.23,636,0.42,Paid Off,0
LN704910,CUST103536,Auto,1723.05,11.96,36,2022-04-19,57.2,635,0.3,Paid Off,0
LN704911,CUST105393,Personal,16753.54,10.06,6,2022-01-21,2874.76,743,0.25,Current,0
LN704912,CUST110910,Personal,6646.67,14.85,12,2024-10-26,599.45,527,0.57,Default,148
LN704913,CUST105887,Auto,20781.67,10.71,36,2021-03-28,677.51,706,0.41,Paid Off,0
LN704914,CUST100978,Personal,31729.85,15.28,48,2025-02-09,887.58,585,0.53,Current,0
LN704915,CUST105547,BNPL,627.56,13.2,24,2025-09-11,29.89,664,0.29,Current,0
LN704916,CUST108611,Auto,23466.62,7.55,24,2023-10-08,1056.52,799,0.3,Current,0
LN704917,CUST106575,Debt Consolidation,13253.01,16.5,24,2025-07-24,652.08,567,0.48,Current,0
LN704918,CUST110355,Personal,30528.23,12.68,36,2024-06-21,1023.92,616,0.44,Current,0
LN704919,CUST110317,Personal,6416.02,11.96,36,2021-01-26,212.98,609,0.33,Paid Off,0
LN704920,CUST106355,Personal,5329.8,4.82,12,2022-07-15,455.83,788,0.33,Current,0
LN704921,CUST104835,Personal,4931.27,12.88,60,2022-12-15,111.9,571,0.46,Current,0
LN704922,CUST100379,BNPL,708.66,15.14,48,2021-12-11,19.77,548,0.42,Default,163
LN704923,CUST102044,Debt Consolidation,23571.63,8.21,36,2021-08-18,740.93,801,0.24,Current,0
LN704924,CUST104743,Personal,14183.06,9.59,36,2024-11-13,454.92,617,0.32,Current,0
LN704925,CUST103148,Auto,22211.3,12.39,60,2023-12-30,498.47,722,0.43,Current,0
LN704926,CUST107850,Personal,6574.44,16.9,12,2024-04-22,599.31,550,0.57,Current,0
LN704927,CUST104503,Auto,4207.91,14.91,24,2022-01-24,203.85,629,0.37,Default,115
LN704928,CUST109264,BNPL,485.66,8.41,36,2023-07-08,15.31,768,0.29,Paid Off,0
LN704929,CUST103718,Auto,16469.15,12.01,36,2025-09-02,547.09,669,0.55,Current,0
LN704930,CUST103303,Auto,13448.59,15.23,12,2024-12-09,1215.31,607,0.57,Current,0
LN704931,CUST109244,Personal,30442.96,9.4,24,2022-11-03,1396.37,616,0.63,Paid Off,0
LN704932,CUST105300,BNPL,1065.96,10.47,60,2022-09-06,22.9,676,0.33,Current,0
LN704933,CUST101645,Personal,29867.36,14.57,36,2023-01-31,1029.08,612,0.61,Current,0
LN704934,CUST108230,Debt Consolidation,30364.11,15.79,24,2021-03-27,1483.68,560,0.18,Current,0
LN704935,CUST109251,Debt Consolidation,23487.15,9.8,48,2024-02-12,593.44,812,0.52,Current,0
LN704936,CUST106331,Personal,19420.67,10.28,6,2022-08-25,3334.52,722,0.36,Paid Off,0
LN704937,CUST110423,Personal,3833.09,18.43,12,2024-06-22,352.2,560,0.4,Paid Off,0
LN704938,CUST108045,Personal,7603.89,13.63,24,2026-04-03,363.76,655,0.5,Late,45
LN704939,CUST108037,Personal,34096.38,18.72,24,2021-10-02,1714.12,565,0.52,Current,0
LN704940,CUST104538,Personal,12989.91,12.33,24,2021-10-13,613.48,725,0.46,Paid Off,0
LN704941,CUST104545,Debt Consolidation,33379.96,13.03,24,2025-09-02,1587.41,671,0.3,Late,82
LN704942,CUST101011,Auto,13781.06,13.17,24,2025-01-29,656.28,734,0.49,Current,0
LN704943,CUST104079,BNPL,520.88,14.01,24,2023-03-07,25.01,622,0.22,Current,0
LN704944,CUST106626,Personal,20288.14,16.75,12,2021-05-18,1847.97,593,0.35,Late,88
LN704945,CUST100440,BNPL,322.69,15.49,36,2025-11-12,11.26,672,0.31,Current,0
LN704946,CUST106489,Auto,22200.21,7.92,36,2023-05-09,694.85,752,0.29,Paid Off,0
LN704947,CUST108464,Debt Consolidation,1578.76,10.23,24,2025-10-07,73.02,800,0.27,Current,0
LN704948,CUST109819,Auto,14441.45,13.15,6,2022-04-19,2500.06,596,0.5,Late,24
LN704949,CUST105846,Debt Consolidation,2691.34,13.86,24,2024-07-22,129.04,658,0.35,Current,0
LN704950,CUST109484,Debt Consolidation,20404.85,11.57,24,2022-10-08,956.43,782,0.43,Current,0
LN704951,CUST105798,Personal,31725.65,15,48,2022-04-19,882.95,649,0.26,Paid Off,0
LN704952,CUST107980,Personal,2338.43,7.03,6,2021-04-12,397.77,773,0.19,Paid Off,0
LN704953,CUST103657,Auto,17575.94,11.26,36,2021-10-22,577.58,681,0.31,Paid Off,0
LN704954,CUST108391,BNPL,1452.34,4.71,24,2023-12-29,63.53,752,0.38,Current,0
LN704955,CUST108832,Personal,8959.27,9.06,48,2021-11-05,223.21,760,0.32,Current,0
LN704956,CUST106753,Personal,18066.6,18.58,6,2022-08-05,3176.37,509,0.64,Paid Off,0
LN704957,CUST108940,Personal,3898.79,15.25,36,2024-05-04,135.63,617,0.33,Current,0
LN704958,CUST109678,Personal,2270.83,19.91,12,2022-01-02,210.26,595,0.54,Default,120
LN704959,CUST110088,BNPL,711.03,16.25,12,2022-10-31,64.6,624,0.43,Paid Off,0
LN704960,CUST106736,Personal,22133.46,16.28,36,2024-03-23,781.21,551,0.53,Current,0
LN704961,CUST106814,BNPL,1173.64,12.15,6,2025-04-23,202.6,599,0.42,Paid Off,0
LN704962,CUST103068,Auto,17962.49,12.77,12,2024-09-12,1602.42,701,0.22,Current,0
LN704963,CUST101597,Personal,15928.24,11.66,36,2026-02-04,526.46,711,0.29,Current,0
LN704964,CUST108403,Personal,17554.56,11.36,24,2026-05-17,821.12,655,0.37,Current,0
LN704965,CUST109828,Personal,28411.15,9.01,6,2021-06-19,4860.4,672,0.62,Late,19
LN704966,CUST109824,Personal,26512.28,16.36,6,2023-09-18,4631.94,644,0.21,Paid Off,0
LN704967,CUST105428,Personal,30855.14,8.77,6,2022-09-30,5274.86,748,0.36,Current,0
LN704968,CUST105591,Personal,9109.7,12.17,36,2025-03-28,303.31,618,0.51,Current,0
LN704969,CUST109788,Personal,28919.49,14.7,12,2026-03-01,2606.13,615,0.29,Current,0
LN704970,CUST102780,Personal,22896.19,12.85,24,2022-07-09,1086.91,660,0.29,Paid Off,0
LN704971,CUST103958,BNPL,559.65,12.81,36,2021-11-11,18.81,603,0.4,Current,0
LN704972,CUST100867,Auto,30510.55,12.63,48,2025-10-01,812.93,642,0.46,Current,0
LN704973,CUST103039,Personal,14151.37,8.7,60,2025-05-09,291.7,654,0.39,Current,0
LN704974,CUST107997,Auto,34350.15,15.42,48,2023-02-08,963.32,548,0.36,Current,0
LN704975,CUST103014,Debt Consolidation,12592.75,7.82,24,2026-02-18,568.5,679,0.39,Current,0
LN704976,CUST105557,BNPL,488.67,12.2,36,2024-04-29,16.28,602,0.4,Current,0
LN704977,CUST108751,Personal,20369.9,13.02,36,2023-10-04,686.54,664,0.05,Current,0
LN704978,CUST109447,Auto,19747.04,11.16,24,2022-01-29,921.83,653,0.48,Current,0
LN704979,CUST106643,Auto,24039.53,13.19,60,2024-06-14,549.31,646,0.14,Current,0
LN704980,CUST100583,Personal,22206.2,15.42,36,2023-08-19,774.36,567,0.35,Current,0
LN704981,CUST109993,Personal,4763.32,5.31,36,2024-03-20,143.42,817,0.43,Current,0
LN704982,CUST110892,BNPL,549.89,16.79,12,2022-06-07,50.1,544,0.52,Paid Off,0
LN704983,CUST101202,Personal,30948.69,11.93,36,2023-05-01,1026.9,647,0.09,Late,54
LN704984,CUST106609,Auto,18742.34,10.54,6,2024-07-23,3220.45,642,0.17,Current,0
LN704985,CUST103277,Debt Consolidation,33281.72,12.01,6,2025-12-30,5742.87,645,0.05,Current,0
LN704986,CUST102273,Debt Consolidation,21210,8.09,48,2025-12-27,518.69,803,0.43,Current,0
LN704987,CUST101834,Personal,34981.99,8.43,12,2025-05-11,3049.99,636,0.34,Current,0
LN704988,CUST103332,BNPL,506.05,15.39,36,2025-05-18,17.64,526,0.4,Current,0
LN704989,CUST107047,BNPL,923.02,8.47,12,2021-05-19,80.49,674,0.33,Late,55
LN704990,CUST105816,Debt Consolidation,30517.11,12.54,6,2022-01-17,5273.82,620,0.44,Current,0
LN704991,CUST110520,Debt Consolidation,32614.82,15.69,36,2022-07-15,1141.65,549,0.47,Default,230
LN704992,CUST102795,Auto,6440.22,17.75,36,2025-07-30,232.02,558,0.45,Current,0
LN704993,CUST105531,BNPL,873.76,10.73,36,2025-12-15,28.49,744,0.34,Current,0
LN704994,CUST104986,Auto,4526.75,14.68,60,2025-08-08,106.93,532,0.51,Default,225
LN704995,CUST108755,Personal,17090.13,13,12,2021-04-18,1526.44,707,0.19,Paid Off,0
LN704996,CUST109096,Auto,4429.29,11.92,24,2025-06-27,208.34,659,0.5,Current,0
LN704997,CUST104193,Auto,26306.46,11.5,60,2023-08-01,578.55,563,0.25,Current,0
LN704998,CUST101267,Personal,16185.5,13,6,2021-03-16,2800.79,686,0.42,Current,0
LN704999,CUST108691,BNPL,984.65,15.65,12,2022-06-06,89.18,594,0.43,Current,0
LN705000,CUST100502,Debt Consolidation,7667.88,15.94,48,2021-09-02,217.07,565,0.5,Late,82
LN705001,CUST102804,Debt Consolidation,26277.19,11.94,24,2022-03-27,1236.22,604,0.52,Late,56
LN705002,CUST101132,Debt Consolidation,15733.25,10.47,12,2024-02-06,1386.64,638,0.37,Current,0
LN705003,CUST102980,Debt Consolidation,11826.75,9.07,48,2023-12-26,294.7,692,0.19,Current,0
LN705004,CUST100313,Personal,2254.93,19,24,2022-05-11,113.67,588,0.54,Default,115
LN705005,CUST106549,Personal,8877.44,20.72,12,2025-07-06,825.42,509,0.52,Current,0
LN705006,CUST110875,BNPL,507.53,17.91,36,2025-08-29,18.33,578,0.45,Current,0
